-- drop objects
drop table d40_tipo cascade constraints;
drop table d40_prodotto cascade constraints;
drop table d40_cliente cascade constraints;
drop table d40_fornitore cascade constraints;
drop table d40_acquisto cascade constraints;
drop table d40_vendita cascade constraints;

-- create tables
create table d40_tipo (
    id                             number generated by default on null as identity 
                                   constraint d40_tipo_id_pk primary key,
    tipo                           varchar2(50 char)
                                   constraint d40_tipo_tipo_unq unique not null,
    gruppo                         varchar2(50 char) not null
)
;

create table d40_prodotto (
    id                             number generated by default on null as identity 
                                   constraint d40_prodotto_id_pk primary key,
    tipo_id                        number
                                   constraint d40_prodotto_tipo_id_fk
                                   references d40_tipo on delete cascade not null,
    prodotto                       varchar2(50 char)
                                   constraint d40_prodotto_prodotto_unq unique not null,
    prezzo_acquisto                number not null,
    prezzo_vendita                 number not null
)
;

-- table index
create index d40_prodotto_i1 on d40_prodotto (tipo_id);

create table d40_cliente (
    id                             number generated by default on null as identity 
                                   constraint d40_cliente_id_pk primary key,
    cliente                        varchar2(50 char)
                                   constraint d40_cliente_cliente_unq unique not null,
    zona                           varchar2(10 char) not null
)
;

create table d40_fornitore (
    id                             number generated by default on null as identity 
                                   constraint d40_fornitore_id_pk primary key,
    fornitore                      varchar2(50 char)
                                   constraint d40_fornitore_fornitore_unq unique not null,
    zona                           varchar2(10 char) not null
)
;

create table d40_acquisto (
    id                             number generated by default on null as identity 
                                   constraint d40_acquisto_id_pk primary key,
    fornitore_id                   number
                                   constraint d40_acquisto_fornitore_id_fk
                                   references d40_fornitore on delete cascade not null,
    prodotto_id                    number
                                   constraint d40_acquisto_prodotto_id_fk
                                   references d40_prodotto on delete cascade not null,
    data                           date not null,
    quantita                       number not null
)
;

-- table index
create index d40_acquisto_i1 on d40_acquisto (fornitore_id);
create index d40_acquisto_i2 on d40_acquisto (prodotto_id);

create table d40_vendita (
    id                             number generated by default on null as identity 
                                   constraint d40_vendita_id_pk primary key,
    cliente_id                     number
                                   constraint d40_vendita_cliente_id_fk
                                   references d40_cliente on delete cascade not null,
    prodotto_id                    number
                                   constraint d40_vendita_prodotto_id_fk
                                   references d40_prodotto on delete cascade not null,
    data                           date not null,
    quantita                       number not null
)
;

-- table index
create index d40_vendita_i1 on d40_vendita (cliente_id);
create index d40_vendita_i2 on d40_vendita (prodotto_id);

-- views
create or replace view d40_tipo_vw as
select tp.ID,
       tp.tipo,
       'https://raw.githubusercontent.com/robertocapancioni/APEX2021-3006-2807/main/d40/img/'||replace(replace(replace(lower(tp.tipo),' ','_'),'/',''),',','')||'.png' as tipo_logo
  from d40_tipo tp;       

create or replace view d40_prodotto_vw as 
select p.ID,
       p.PRODOTTO,
       p.PREZZO_ACQUISTO,
       p.PREZZO_VENDITA,
       tp.tipo,
       'https://raw.githubusercontent.com/robertocapancioni/APEX2021-3006-2807/main/d40/img/'||replace(replace(replace(lower(tp.tipo),' ','_'),'/',''),',','')||'.png' as tipo_logo,
       tp.gruppo 
  from d40_prodotto p
  join d40_tipo tp
    on p.tipo_id = tp.id;

create or replace view d40_acquisto_vw as
select a.id acquisto_id,
       a.data,
       to_char(a.data,'YYYY')anno,
       to_char(a.data,'YYYY-MM')annomese,
       to_char(a.data,'YYYY-Q')annotrimestre,
       to_char(a.data,'MM')mese,
       to_char(a.data,'Q')trimestre,
       p.prodotto,
       tp.tipo,
       'https://raw.githubusercontent.com/robertocapancioni/APEX2021-3006-2807/main/d40/img/'||replace(replace(replace(lower(tp.tipo),' ','_'),'/',''),',','')||'.png' as tipo_logo,
       tp.gruppo,
       f.fornitore,
       f.zona,
       a.quantita,
       a.quantita*p.prezzo_acquisto as importo
  from d40_acquisto a 
  join d40_prodotto p on a.prodotto_id = p.id
  join d40_tipo tp on p.tipo_id = tp.id
  join d40_fornitore f on a.fornitore_id = f.id;


  create or replace view d40_vendita_vw as
  select a.id vendita_id,
       a.data,
       to_char(a.data,'YYYY')anno,
       to_char(a.data,'YYYY-MM')annomese,
       to_char(a.data,'YYYY-Q')annotrimestre,
       to_char(a.data,'MM')mese,
       to_char(a.data,'Q')trimestre,
       p.prodotto,
       tp.tipo,
       'https://raw.githubusercontent.com/robertocapancioni/APEX2021-3006-2807/main/d40/img/'||replace(replace(replace(lower(tp.tipo),' ','_'),'/',''),',','')||'.png' as tipo_logo,
       tp.gruppo,
       c.cliente,
       c.zona,
       a.quantita,
       a.quantita*p.prezzo_vendita as importo
  from d40_vendita a 
  join d40_prodotto p on a.prodotto_id = p.id
  join d40_tipo tp on p.tipo_id = tp.id
  join d40_cliente c on a.cliente_id = c.id;

create or replace view d40_acquisto_anno_gruppo_vw as
select anno,
       gruppo,
       sum(quantita) as quantita, 
       sum(importo) as importo 
  from d40_acquisto_vw  
 group by 
       anno,
       gruppo 
 order by 
       anno, 
       gruppo;

create or replace view d40_vendita_anno_gruppo_vw as
select anno,
       gruppo,
       sum(quantita) as quantita, 
       sum(importo) as importo 
  from d40_vendita_vw  
 group by 
       anno,
       gruppo 
 order by 
       anno, 
       gruppo;

create or replace view d40_acquisto_anno_vw as select anno, sum(quantita) as quantita, sum(importo) as importo, case when sum(quantita)<>0 then round(sum(importo)/sum(quantita),2) else 0 end as importo_medio, count(*) as numero from d40_acquisto_vw group by anno order by anno;
create or replace view d40_acquisto_annomese_vw as select annomese, sum(quantita) as quantita, sum(importo) as importo, case when sum(quantita)<>0 then round(sum(importo)/sum(quantita),2) else 0 end as importo_medio, count(*) as numero from d40_acquisto_vw group by annomese order by annomese;
create or replace view d40_acquisto_annotrimestre_vw as select annotrimestre, sum(quantita) as quantita, sum(importo) as importo, case when sum(quantita)<>0 then round(sum(importo)/sum(quantita),2) else 0 end as importo_medio, count(*) as numero from d40_acquisto_vw group by annotrimestre order by annotrimestre;
create or replace view d40_acquisto_data_vw as select data, sum(quantita) as quantita, sum(importo) as importo, case when sum(quantita)<>0 then round(sum(importo)/sum(quantita),2) else 0 end as importo_medio, count(*) as numero from d40_acquisto_vw group by data order by data;
create or replace view d40_acquisto_fornitore_vw as select fornitore, sum(quantita) as quantita, sum(importo) as importo, case when sum(quantita)<>0 then round(sum(importo)/sum(quantita),2) else 0 end as importo_medio, count(*) as numero from d40_acquisto_vw group by fornitore order by fornitore;
create or replace view d40_acquisto_gruppo_vw as select gruppo, sum(quantita) as quantita, sum(importo) as importo, case when sum(quantita)<>0 then round(sum(importo)/sum(quantita),2) else 0 end as importo_medio, count(*) as numero from d40_acquisto_vw group by gruppo order by gruppo;
create or replace view d40_acquisto_prodotto_vw as select prodotto, sum(quantita) as quantita, sum(importo) as importo, case when sum(quantita)<>0 then round(sum(importo)/sum(quantita),2) else 0 end as importo_medio, count(*) as numero from d40_acquisto_vw group by prodotto order by prodotto;
create or replace view d40_acquisto_tipo_vw as select tipo, sum(quantita) as quantita, sum(importo) as importo, case when sum(quantita)<>0 then round(sum(importo)/sum(quantita),2) else 0 end as importo_medio, count(*) as numero from d40_acquisto_vw group by tipo order by tipo;
create or replace view d40_acquisto_zona_vw as select zona, sum(quantita) as quantita, sum(importo) as importo, case when sum(quantita)<>0 then round(sum(importo)/sum(quantita),2) else 0 end as importo_medio, count(*) as numero from d40_acquisto_vw group by zona order by zona;
create or replace view d40_vendita_anno_vw as select anno, sum(quantita) as quantita, sum(importo) as importo, case when sum(quantita)<>0 then round(sum(importo)/sum(quantita),2) else 0 end as importo_medio, count(*) as numero from d40_vendita_vw group by anno order by anno;
create or replace view d40_vendita_annomese_vw as select annomese, sum(quantita) as quantita, sum(importo) as importo, case when sum(quantita)<>0 then round(sum(importo)/sum(quantita),2) else 0 end as importo_medio, count(*) as numero from d40_vendita_vw group by annomese order by annomese;
create or replace view d40_vendita_annotrimestre_vw as select annotrimestre, sum(quantita) as quantita, sum(importo) as importo, case when sum(quantita)<>0 then round(sum(importo)/sum(quantita),2) else 0 end as importo_medio, count(*) as numero from d40_vendita_vw group by annotrimestre order by annotrimestre;
create or replace view d40_vendita_cliente_vw as select cliente, sum(quantita) as quantita, sum(importo) as importo, case when sum(quantita)<>0 then round(sum(importo)/sum(quantita),2) else 0 end as importo_medio, count(*) as numero from d40_vendita_vw group by cliente order by cliente;
create or replace view d40_vendita_data_vw as select data, sum(quantita) as quantita, sum(importo) as importo, case when sum(quantita)<>0 then round(sum(importo)/sum(quantita),2) else 0 end as importo_medio, count(*) as numero from d40_vendita_vw group by data order by data;
create or replace view d40_vendita_gruppo_vw as select gruppo, sum(quantita) as quantita, sum(importo) as importo, case when sum(quantita)<>0 then round(sum(importo)/sum(quantita),2) else 0 end as importo_medio, count(*) as numero from d40_vendita_vw group by gruppo order by gruppo;
create or replace view d40_vendita_prodotto_vw as select prodotto, sum(quantita) as quantita, sum(importo) as importo, case when sum(quantita)<>0 then round(sum(importo)/sum(quantita),2) else 0 end as importo_medio, count(*) as numero from d40_vendita_vw group by prodotto order by prodotto;
create or replace view d40_vendita_tipo_vw as select tipo, sum(quantita) as quantita, sum(importo) as importo, case when sum(quantita)<>0 then round(sum(importo)/sum(quantita),2) else 0 end as importo_medio, count(*) as numero from d40_vendita_vw group by tipo order by tipo;
create or replace view d40_vendita_zona_vw as select zona, sum(quantita) as quantita, sum(importo) as importo, case when sum(quantita)<>0 then round(sum(importo)/sum(quantita),2) else 0 end as importo_medio, count(*) as numero from d40_vendita_vw group by zona order by zona;
create or replace view d40_acquisto_anno_fornitore_vw as select anno, fornitore, sum(quantita) as quantita, sum(importo) as importo, case when sum(quantita)<>0 then round(sum(importo)/sum(quantita),2) else 0 end as importo_medio, count(*) as numero from d40_acquisto_vw group by anno, fornitore order by anno, fornitore;
create or replace view d40_acquisto_anno_gruppo_vw as select anno, gruppo, sum(quantita) as quantita, sum(importo) as importo, case when sum(quantita)<>0 then round(sum(importo)/sum(quantita),2) else 0 end as importo_medio, count(*) as numero from d40_acquisto_vw group by anno, gruppo order by anno, gruppo;
create or replace view d40_acquisto_anno_prodotto_vw as select anno, prodotto, sum(quantita) as quantita, sum(importo) as importo, case when sum(quantita)<>0 then round(sum(importo)/sum(quantita),2) else 0 end as importo_medio, count(*) as numero from d40_acquisto_vw group by anno, prodotto order by anno, prodotto;
create or replace view d40_acquisto_anno_tipo_vw as select anno, tipo, sum(quantita) as quantita, sum(importo) as importo, case when sum(quantita)<>0 then round(sum(importo)/sum(quantita),2) else 0 end as importo_medio, count(*) as numero from d40_acquisto_vw group by anno, tipo order by anno, tipo;
create or replace view d40_acquisto_anno_zona_vw as select anno, zona, sum(quantita) as quantita, sum(importo) as importo, case when sum(quantita)<>0 then round(sum(importo)/sum(quantita),2) else 0 end as importo_medio, count(*) as numero from d40_acquisto_vw group by anno, zona order by anno, zona;
create or replace view d40_acquisto_annomese_fornitore_vw as select annomese, fornitore, sum(quantita) as quantita, sum(importo) as importo, case when sum(quantita)<>0 then round(sum(importo)/sum(quantita),2) else 0 end as importo_medio, count(*) as numero from d40_acquisto_vw group by annomese, fornitore order by annomese, fornitore;
create or replace view d40_acquisto_annomese_gruppo_vw as select annomese, gruppo, sum(quantita) as quantita, sum(importo) as importo, case when sum(quantita)<>0 then round(sum(importo)/sum(quantita),2) else 0 end as importo_medio, count(*) as numero from d40_acquisto_vw group by annomese, gruppo order by annomese, gruppo;
create or replace view d40_acquisto_annomese_prodotto_vw as select annomese, prodotto, sum(quantita) as quantita, sum(importo) as importo, case when sum(quantita)<>0 then round(sum(importo)/sum(quantita),2) else 0 end as importo_medio, count(*) as numero from d40_acquisto_vw group by annomese, prodotto order by annomese, prodotto;
create or replace view d40_acquisto_annomese_tipo_vw as select annomese, tipo, sum(quantita) as quantita, sum(importo) as importo, case when sum(quantita)<>0 then round(sum(importo)/sum(quantita),2) else 0 end as importo_medio, count(*) as numero from d40_acquisto_vw group by annomese, tipo order by annomese, tipo;
create or replace view d40_acquisto_annomese_zona_vw as select annomese, zona, sum(quantita) as quantita, sum(importo) as importo, case when sum(quantita)<>0 then round(sum(importo)/sum(quantita),2) else 0 end as importo_medio, count(*) as numero from d40_acquisto_vw group by annomese, zona order by annomese, zona;
create or replace view d40_acquisto_annotrimestre_fornitore_vw as select annotrimestre, fornitore, sum(quantita) as quantita, sum(importo) as importo, case when sum(quantita)<>0 then round(sum(importo)/sum(quantita),2) else 0 end as importo_medio, count(*) as numero from d40_acquisto_vw group by annotrimestre, fornitore order by annotrimestre, fornitore;
create or replace view d40_acquisto_annotrimestre_gruppo_vw as select annotrimestre, gruppo, sum(quantita) as quantita, sum(importo) as importo, case when sum(quantita)<>0 then round(sum(importo)/sum(quantita),2) else 0 end as importo_medio, count(*) as numero from d40_acquisto_vw group by annotrimestre, gruppo order by annotrimestre, gruppo;
create or replace view d40_acquisto_annotrimestre_prodotto_vw as select annotrimestre, prodotto, sum(quantita) as quantita, sum(importo) as importo, case when sum(quantita)<>0 then round(sum(importo)/sum(quantita),2) else 0 end as importo_medio, count(*) as numero from d40_acquisto_vw group by annotrimestre, prodotto order by annotrimestre, prodotto;
create or replace view d40_acquisto_annotrimestre_tipo_vw as select annotrimestre, tipo, sum(quantita) as quantita, sum(importo) as importo, case when sum(quantita)<>0 then round(sum(importo)/sum(quantita),2) else 0 end as importo_medio, count(*) as numero from d40_acquisto_vw group by annotrimestre, tipo order by annotrimestre, tipo;
create or replace view d40_acquisto_annotrimestre_zona_vw as select annotrimestre, zona, sum(quantita) as quantita, sum(importo) as importo, case when sum(quantita)<>0 then round(sum(importo)/sum(quantita),2) else 0 end as importo_medio, count(*) as numero from d40_acquisto_vw group by annotrimestre, zona order by annotrimestre, zona;
create or replace view d40_acquisto_data_fornitore_vw as select data, fornitore, sum(quantita) as quantita, sum(importo) as importo, case when sum(quantita)<>0 then round(sum(importo)/sum(quantita),2) else 0 end as importo_medio, count(*) as numero from d40_acquisto_vw group by data, fornitore order by data, fornitore;
create or replace view d40_acquisto_data_gruppo_vw as select data, gruppo, sum(quantita) as quantita, sum(importo) as importo, case when sum(quantita)<>0 then round(sum(importo)/sum(quantita),2) else 0 end as importo_medio, count(*) as numero from d40_acquisto_vw group by data, gruppo order by data, gruppo;
create or replace view d40_acquisto_data_prodotto_vw as select data, prodotto, sum(quantita) as quantita, sum(importo) as importo, case when sum(quantita)<>0 then round(sum(importo)/sum(quantita),2) else 0 end as importo_medio, count(*) as numero from d40_acquisto_vw group by data, prodotto order by data, prodotto;
create or replace view d40_acquisto_data_tipo_vw as select data, tipo, sum(quantita) as quantita, sum(importo) as importo, case when sum(quantita)<>0 then round(sum(importo)/sum(quantita),2) else 0 end as importo_medio, count(*) as numero from d40_acquisto_vw group by data, tipo order by data, tipo;
create or replace view d40_acquisto_data_zona_vw as select data, zona, sum(quantita) as quantita, sum(importo) as importo, case when sum(quantita)<>0 then round(sum(importo)/sum(quantita),2) else 0 end as importo_medio, count(*) as numero from d40_acquisto_vw group by data, zona order by data, zona;
create or replace view d40_vendita_anno_cliente_vw as select anno, cliente, sum(quantita) as quantita, sum(importo) as importo, case when sum(quantita)<>0 then round(sum(importo)/sum(quantita),2) else 0 end as importo_medio, count(*) as numero from d40_vendita_vw group by anno, cliente order by anno, cliente;
create or replace view d40_vendita_anno_gruppo_vw as select anno, gruppo, sum(quantita) as quantita, sum(importo) as importo, case when sum(quantita)<>0 then round(sum(importo)/sum(quantita),2) else 0 end as importo_medio, count(*) as numero from d40_vendita_vw group by anno, gruppo order by anno, gruppo;
create or replace view d40_vendita_anno_prodotto_vw as select anno, prodotto, sum(quantita) as quantita, sum(importo) as importo, case when sum(quantita)<>0 then round(sum(importo)/sum(quantita),2) else 0 end as importo_medio, count(*) as numero from d40_vendita_vw group by anno, prodotto order by anno, prodotto;
create or replace view d40_vendita_anno_tipo_vw as select anno, tipo, sum(quantita) as quantita, sum(importo) as importo, case when sum(quantita)<>0 then round(sum(importo)/sum(quantita),2) else 0 end as importo_medio, count(*) as numero from d40_vendita_vw group by anno, tipo order by anno, tipo;
create or replace view d40_vendita_anno_zona_vw as select anno, zona, sum(quantita) as quantita, sum(importo) as importo, case when sum(quantita)<>0 then round(sum(importo)/sum(quantita),2) else 0 end as importo_medio, count(*) as numero from d40_vendita_vw group by anno, zona order by anno, zona;
create or replace view d40_vendita_annomese_cliente_vw as select annomese, cliente, sum(quantita) as quantita, sum(importo) as importo, case when sum(quantita)<>0 then round(sum(importo)/sum(quantita),2) else 0 end as importo_medio, count(*) as numero from d40_vendita_vw group by annomese, cliente order by annomese, cliente;
create or replace view d40_vendita_annomese_gruppo_vw as select annomese, gruppo, sum(quantita) as quantita, sum(importo) as importo, case when sum(quantita)<>0 then round(sum(importo)/sum(quantita),2) else 0 end as importo_medio, count(*) as numero from d40_vendita_vw group by annomese, gruppo order by annomese, gruppo;
create or replace view d40_vendita_annomese_prodotto_vw as select annomese, prodotto, sum(quantita) as quantita, sum(importo) as importo, case when sum(quantita)<>0 then round(sum(importo)/sum(quantita),2) else 0 end as importo_medio, count(*) as numero from d40_vendita_vw group by annomese, prodotto order by annomese, prodotto;
create or replace view d40_vendita_annomese_tipo_vw as select annomese, tipo, sum(quantita) as quantita, sum(importo) as importo, case when sum(quantita)<>0 then round(sum(importo)/sum(quantita),2) else 0 end as importo_medio, count(*) as numero from d40_vendita_vw group by annomese, tipo order by annomese, tipo;
create or replace view d40_vendita_annomese_zona_vw as select annomese, zona, sum(quantita) as quantita, sum(importo) as importo, case when sum(quantita)<>0 then round(sum(importo)/sum(quantita),2) else 0 end as importo_medio, count(*) as numero from d40_vendita_vw group by annomese, zona order by annomese, zona;
create or replace view d40_vendita_annotrimestre_cliente_vw as select annotrimestre, cliente, sum(quantita) as quantita, sum(importo) as importo, case when sum(quantita)<>0 then round(sum(importo)/sum(quantita),2) else 0 end as importo_medio, count(*) as numero from d40_vendita_vw group by annotrimestre, cliente order by annotrimestre, cliente;
create or replace view d40_vendita_annotrimestre_gruppo_vw as select annotrimestre, gruppo, sum(quantita) as quantita, sum(importo) as importo, case when sum(quantita)<>0 then round(sum(importo)/sum(quantita),2) else 0 end as importo_medio, count(*) as numero from d40_vendita_vw group by annotrimestre, gruppo order by annotrimestre, gruppo;
create or replace view d40_vendita_annotrimestre_prodotto_vw as select annotrimestre, prodotto, sum(quantita) as quantita, sum(importo) as importo, case when sum(quantita)<>0 then round(sum(importo)/sum(quantita),2) else 0 end as importo_medio, count(*) as numero from d40_vendita_vw group by annotrimestre, prodotto order by annotrimestre, prodotto;
create or replace view d40_vendita_annotrimestre_tipo_vw as select annotrimestre, tipo, sum(quantita) as quantita, sum(importo) as importo, case when sum(quantita)<>0 then round(sum(importo)/sum(quantita),2) else 0 end as importo_medio, count(*) as numero from d40_vendita_vw group by annotrimestre, tipo order by annotrimestre, tipo;
create or replace view d40_vendita_annotrimestre_zona_vw as select annotrimestre, zona, sum(quantita) as quantita, sum(importo) as importo, case when sum(quantita)<>0 then round(sum(importo)/sum(quantita),2) else 0 end as importo_medio, count(*) as numero from d40_vendita_vw group by annotrimestre, zona order by annotrimestre, zona;
create or replace view d40_vendita_data_cliente_vw as select data, cliente, sum(quantita) as quantita, sum(importo) as importo, case when sum(quantita)<>0 then round(sum(importo)/sum(quantita),2) else 0 end as importo_medio, count(*) as numero from d40_vendita_vw group by data, cliente order by data, cliente;
create or replace view d40_vendita_data_gruppo_vw as select data, gruppo, sum(quantita) as quantita, sum(importo) as importo, case when sum(quantita)<>0 then round(sum(importo)/sum(quantita),2) else 0 end as importo_medio, count(*) as numero from d40_vendita_vw group by data, gruppo order by data, gruppo;
create or replace view d40_vendita_data_prodotto_vw as select data, prodotto, sum(quantita) as quantita, sum(importo) as importo, case when sum(quantita)<>0 then round(sum(importo)/sum(quantita),2) else 0 end as importo_medio, count(*) as numero from d40_vendita_vw group by data, prodotto order by data, prodotto;
create or replace view d40_vendita_data_tipo_vw as select data, tipo, sum(quantita) as quantita, sum(importo) as importo, case when sum(quantita)<>0 then round(sum(importo)/sum(quantita),2) else 0 end as importo_medio, count(*) as numero from d40_vendita_vw group by data, tipo order by data, tipo;
create or replace view d40_vendita_data_zona_vw as select data, zona, sum(quantita) as quantita, sum(importo) as importo, case when sum(quantita)<>0 then round(sum(importo)/sum(quantita),2) else 0 end as importo_medio, count(*) as numero from d40_vendita_vw group by data, zona order by data, zona;
create or replace view d40_acquisto_gruppo_fornitore_vw as select gruppo, fornitore, sum(quantita) as quantita, sum(importo) as importo, case when sum(quantita)<>0 then round(sum(importo)/sum(quantita),2) else 0 end as importo_medio, count(*) as numero from d40_acquisto_vw group by gruppo, fornitore order by gruppo, fornitore;
create or replace view d40_acquisto_gruppo_zona_vw as select gruppo, zona, sum(quantita) as quantita, sum(importo) as importo, case when sum(quantita)<>0 then round(sum(importo)/sum(quantita),2) else 0 end as importo_medio, count(*) as numero from d40_acquisto_vw group by gruppo, zona order by gruppo, zona;
create or replace view d40_acquisto_prodotto_fornitore_vw as select prodotto, fornitore, sum(quantita) as quantita, sum(importo) as importo, case when sum(quantita)<>0 then round(sum(importo)/sum(quantita),2) else 0 end as importo_medio, count(*) as numero from d40_acquisto_vw group by prodotto, fornitore order by prodotto, fornitore;
create or replace view d40_acquisto_prodotto_zona_vw as select prodotto, zona, sum(quantita) as quantita, sum(importo) as importo, case when sum(quantita)<>0 then round(sum(importo)/sum(quantita),2) else 0 end as importo_medio, count(*) as numero from d40_acquisto_vw group by prodotto, zona order by prodotto, zona;
create or replace view d40_acquisto_tipo_fornitore_vw as select tipo, fornitore, sum(quantita) as quantita, sum(importo) as importo, case when sum(quantita)<>0 then round(sum(importo)/sum(quantita),2) else 0 end as importo_medio, count(*) as numero from d40_acquisto_vw group by tipo, fornitore order by tipo, fornitore;
create or replace view d40_acquisto_tipo_zona_vw as select tipo, zona, sum(quantita) as quantita, sum(importo) as importo, case when sum(quantita)<>0 then round(sum(importo)/sum(quantita),2) else 0 end as importo_medio, count(*) as numero from d40_acquisto_vw group by tipo, zona order by tipo, zona;
create or replace view d40_vendita_gruppo_cliente_vw as select gruppo, cliente, sum(quantita) as quantita, sum(importo) as importo, case when sum(quantita)<>0 then round(sum(importo)/sum(quantita),2) else 0 end as importo_medio, count(*) as numero from d40_vendita_vw group by gruppo, cliente order by gruppo, cliente;
create or replace view d40_vendita_gruppo_zona_vw as select gruppo, zona, sum(quantita) as quantita, sum(importo) as importo, case when sum(quantita)<>0 then round(sum(importo)/sum(quantita),2) else 0 end as importo_medio, count(*) as numero from d40_vendita_vw group by gruppo, zona order by gruppo, zona;
create or replace view d40_vendita_prodotto_cliente_vw as select prodotto, cliente, sum(quantita) as quantita, sum(importo) as importo, case when sum(quantita)<>0 then round(sum(importo)/sum(quantita),2) else 0 end as importo_medio, count(*) as numero from d40_vendita_vw group by prodotto, cliente order by prodotto, cliente;
create or replace view d40_vendita_prodotto_zona_vw as select prodotto, zona, sum(quantita) as quantita, sum(importo) as importo, case when sum(quantita)<>0 then round(sum(importo)/sum(quantita),2) else 0 end as importo_medio, count(*) as numero from d40_vendita_vw group by prodotto, zona order by prodotto, zona;
create or replace view d40_vendita_tipo_cliente_vw as select tipo, cliente, sum(quantita) as quantita, sum(importo) as importo, case when sum(quantita)<>0 then round(sum(importo)/sum(quantita),2) else 0 end as importo_medio, count(*) as numero from d40_vendita_vw group by tipo, cliente order by tipo, cliente;
create or replace view d40_vendita_tipo_zona_vw as select tipo, zona, sum(quantita) as quantita, sum(importo) as importo, case when sum(quantita)<>0 then round(sum(importo)/sum(quantita),2) else 0 end as importo_medio, count(*) as numero from d40_vendita_vw group by tipo, zona order by tipo, zona;
create or replace view d40_acquisto_gruppo_prodotto_vw as select gruppo, prodotto, sum(quantita) as quantita, sum(importo) as importo, case when sum(quantita)<>0 then round(sum(importo)/sum(quantita),2) else 0 end as importo_medio, count(*) as numero from d40_acquisto_vw group by gruppo, prodotto order by gruppo, prodotto;
create or replace view d40_acquisto_tipo_prodotto_vw as select tipo, prodotto, sum(quantita) as quantita, sum(importo) as importo, case when sum(quantita)<>0 then round(sum(importo)/sum(quantita),2) else 0 end as importo_medio, count(*) as numero from d40_acquisto_vw group by tipo, prodotto order by tipo, prodotto;
create or replace view d40_vendita_gruppo_prodotto_vw as select gruppo, prodotto, sum(quantita) as quantita, sum(importo) as importo, case when sum(quantita)<>0 then round(sum(importo)/sum(quantita),2) else 0 end as importo_medio, count(*) as numero from d40_vendita_vw group by gruppo, prodotto order by gruppo, prodotto;
create or replace view d40_vendita_tipo_prodotto_vw as select tipo, prodotto, sum(quantita) as quantita, sum(importo) as importo, case when sum(quantita)<>0 then round(sum(importo)/sum(quantita),2) else 0 end as importo_medio, count(*) as numero from d40_vendita_vw group by tipo, prodotto order by tipo, prodotto;

-- load data
-- INSERTING into D40_tipo
--SET DEFINE OFF;
Insert into D40_tipo (ID,tipo,GRUPPO) values ('1','Affettati','Prodotti freschi o da frigo');
Insert into D40_tipo (ID,tipo,GRUPPO) values ('2','Carne','Prodotti freschi o da frigo');
Insert into D40_tipo (ID,tipo,GRUPPO) values ('3','Fresco Varie','Prodotti freschi o da frigo');
Insert into D40_tipo (ID,tipo,GRUPPO) values ('4','Frutta','Prodotti freschi o da frigo');
Insert into D40_tipo (ID,tipo,GRUPPO) values ('5','Latticini / Formaggi','Prodotti freschi o da frigo');
Insert into D40_tipo (ID,tipo,GRUPPO) values ('6','Pesce','Prodotti freschi o da frigo');
Insert into D40_tipo (ID,tipo,GRUPPO) values ('7','Surgelati','Prodotti freschi o da frigo');
Insert into D40_tipo (ID,tipo,GRUPPO) values ('8','Verdura','Prodotti freschi o da frigo');
Insert into D40_tipo (ID,tipo,GRUPPO) values ('9','Bevande','Prodotti Secchi / Confezionati');
Insert into D40_tipo (ID,tipo,GRUPPO) values ('10','Colazione','Prodotti Secchi / Confezionati');
Insert into D40_tipo (ID,tipo,GRUPPO) values ('11','Condimenti','Prodotti Secchi / Confezionati');
Insert into D40_tipo (ID,tipo,GRUPPO) values ('12','Pane, Primi e Varie','Prodotti Secchi / Confezionati');
Insert into D40_tipo (ID,tipo,GRUPPO) values ('13','Salse','Prodotti Secchi / Confezionati');
Insert into D40_tipo (ID,tipo,GRUPPO) values ('14','Scatolame','Prodotti Secchi / Confezionati');
Insert into D40_tipo (ID,tipo,GRUPPO) values ('15','Spezie / Erbe aromatiche','Prodotti Secchi / Confezionati');
Insert into D40_tipo (ID,tipo,GRUPPO) values ('16','Igiene personale','Pulizie e igiene personale');
Insert into D40_tipo (ID,tipo,GRUPPO) values ('17','Pulizia Varie','Pulizie e igiene personale');
Insert into D40_tipo (ID,tipo,GRUPPO) values ('18','Pulizie casa','Pulizie e igiene personale');
-- INSERTING into D40_PRODOTTO
--SET DEFINE OFF;
Insert into D40_PRODOTTO (ID,tipo_ID,PRODOTTO,PREZZO_ACQUISTO,PREZZO_VENDITA) values ('1','10','The','8,41','9,92');
Insert into D40_PRODOTTO (ID,tipo_ID,PRODOTTO,PREZZO_ACQUISTO,PREZZO_VENDITA) values ('2','10','Caffe (normale / decaffeinato)','11,91','15,96');
Insert into D40_PRODOTTO (ID,tipo_ID,PRODOTTO,PREZZO_ACQUISTO,PREZZO_VENDITA) values ('3','10','Orzo','2,78','3,22');
Insert into D40_PRODOTTO (ID,tipo_ID,PRODOTTO,PREZZO_ACQUISTO,PREZZO_VENDITA) values ('4','10','Cacao','9,58','12,74');
Insert into D40_PRODOTTO (ID,tipo_ID,PRODOTTO,PREZZO_ACQUISTO,PREZZO_VENDITA) values ('5','10','Camomilla','11,83','14,2');
Insert into D40_PRODOTTO (ID,tipo_ID,PRODOTTO,PREZZO_ACQUISTO,PREZZO_VENDITA) values ('6','10','Zucchero (bianco o di canna)','7,76','9');
Insert into D40_PRODOTTO (ID,tipo_ID,PRODOTTO,PREZZO_ACQUISTO,PREZZO_VENDITA) values ('7','10','Zucchero a velo','7,51','8,49');
Insert into D40_PRODOTTO (ID,tipo_ID,PRODOTTO,PREZZO_ACQUISTO,PREZZO_VENDITA) values ('8','10','Cereali','12,37','15,34');
Insert into D40_PRODOTTO (ID,tipo_ID,PRODOTTO,PREZZO_ACQUISTO,PREZZO_VENDITA) values ('9','10','Fette biscottate','1,96','2,33');
Insert into D40_PRODOTTO (ID,tipo_ID,PRODOTTO,PREZZO_ACQUISTO,PREZZO_VENDITA) values ('10','10','Marmellata','12,69','15,61');
Insert into D40_PRODOTTO (ID,tipo_ID,PRODOTTO,PREZZO_ACQUISTO,PREZZO_VENDITA) values ('11','10','Miele','6,89','7,85');
Insert into D40_PRODOTTO (ID,tipo_ID,PRODOTTO,PREZZO_ACQUISTO,PREZZO_VENDITA) values ('12','10','Nutella','4,57','5,8');
Insert into D40_PRODOTTO (ID,tipo_ID,PRODOTTO,PREZZO_ACQUISTO,PREZZO_VENDITA) values ('13','10','Cioccolato','2,01','2,51');
Insert into D40_PRODOTTO (ID,tipo_ID,PRODOTTO,PREZZO_ACQUISTO,PREZZO_VENDITA) values ('14','12','Pane','12,35','14,94');
Insert into D40_PRODOTTO (ID,tipo_ID,PRODOTTO,PREZZO_ACQUISTO,PREZZO_VENDITA) values ('15','12','Riso','6,06','7,64');
Insert into D40_PRODOTTO (ID,tipo_ID,PRODOTTO,PREZZO_ACQUISTO,PREZZO_VENDITA) values ('16','12','Pasta all''uovo','10,26','13,44');
Insert into D40_PRODOTTO (ID,tipo_ID,PRODOTTO,PREZZO_ACQUISTO,PREZZO_VENDITA) values ('17','12','Pasta di semola','14,38','18,98');
Insert into D40_PRODOTTO (ID,tipo_ID,PRODOTTO,PREZZO_ACQUISTO,PREZZO_VENDITA) values ('18','12','Spaghetti di riso','1,37','1,62');
Insert into D40_PRODOTTO (ID,tipo_ID,PRODOTTO,PREZZO_ACQUISTO,PREZZO_VENDITA) values ('19','12','Farina (per dolci o pane)','7,13','8,06');
Insert into D40_PRODOTTO (ID,tipo_ID,PRODOTTO,PREZZO_ACQUISTO,PREZZO_VENDITA) values ('20','12','Amido di frumento (frumina)','7,13','7,91');
Insert into D40_PRODOTTO (ID,tipo_ID,PRODOTTO,PREZZO_ACQUISTO,PREZZO_VENDITA) values ('21','12','Fecola di patate','8,18','10,23');
Insert into D40_PRODOTTO (ID,tipo_ID,PRODOTTO,PREZZO_ACQUISTO,PREZZO_VENDITA) values ('22','12','Lievito per dolci','1,69','1,96');
Insert into D40_PRODOTTO (ID,tipo_ID,PRODOTTO,PREZZO_ACQUISTO,PREZZO_VENDITA) values ('23','12','Lievito di birra','7,59','9,26');
Insert into D40_PRODOTTO (ID,tipo_ID,PRODOTTO,PREZZO_ACQUISTO,PREZZO_VENDITA) values ('24','12','Sesamo','14,3','18,02');
Insert into D40_PRODOTTO (ID,tipo_ID,PRODOTTO,PREZZO_ACQUISTO,PREZZO_VENDITA) values ('25','12','Patatine','11,76','14,35');
Insert into D40_PRODOTTO (ID,tipo_ID,PRODOTTO,PREZZO_ACQUISTO,PREZZO_VENDITA) values ('26','14','Pelati','1,8','2,39');
Insert into D40_PRODOTTO (ID,tipo_ID,PRODOTTO,PREZZO_ACQUISTO,PREZZO_VENDITA) values ('27','14','Passata di pomodoro','12,48','16,1');
Insert into D40_PRODOTTO (ID,tipo_ID,PRODOTTO,PREZZO_ACQUISTO,PREZZO_VENDITA) values ('28','14','Ceci','12,67','17,1');
Insert into D40_PRODOTTO (ID,tipo_ID,PRODOTTO,PREZZO_ACQUISTO,PREZZO_VENDITA) values ('29','14','Lenticchie','8,15','10,76');
Insert into D40_PRODOTTO (ID,tipo_ID,PRODOTTO,PREZZO_ACQUISTO,PREZZO_VENDITA) values ('30','14','Fagioli borlotti','11,43','14,86');
Insert into D40_PRODOTTO (ID,tipo_ID,PRODOTTO,PREZZO_ACQUISTO,PREZZO_VENDITA) values ('31','14','Fagioli cannellini','12,02','14,66');
Insert into D40_PRODOTTO (ID,tipo_ID,PRODOTTO,PREZZO_ACQUISTO,PREZZO_VENDITA) values ('32','14','Fagioli bianchi di Spagna','7,81','8,98');
Insert into D40_PRODOTTO (ID,tipo_ID,PRODOTTO,PREZZO_ACQUISTO,PREZZO_VENDITA) values ('33','9','Acqua','8,14','10,01');
Insert into D40_PRODOTTO (ID,tipo_ID,PRODOTTO,PREZZO_ACQUISTO,PREZZO_VENDITA) values ('34','9','Birra','8,32','9,4');
Insert into D40_PRODOTTO (ID,tipo_ID,PRODOTTO,PREZZO_ACQUISTO,PREZZO_VENDITA) values ('35','9','Vino','8,72','9,59');
Insert into D40_PRODOTTO (ID,tipo_ID,PRODOTTO,PREZZO_ACQUISTO,PREZZO_VENDITA) values ('36','9','Coca Cola','9,07','9,98');
Insert into D40_PRODOTTO (ID,tipo_ID,PRODOTTO,PREZZO_ACQUISTO,PREZZO_VENDITA) values ('37','9','Aranciata','8,61','11,54');
Insert into D40_PRODOTTO (ID,tipo_ID,PRODOTTO,PREZZO_ACQUISTO,PREZZO_VENDITA) values ('38','9','The freddo','8,75','11,55');
Insert into D40_PRODOTTO (ID,tipo_ID,PRODOTTO,PREZZO_ACQUISTO,PREZZO_VENDITA) values ('39','15','Pepe','7,11','7,89');
Insert into D40_PRODOTTO (ID,tipo_ID,PRODOTTO,PREZZO_ACQUISTO,PREZZO_VENDITA) values ('40','15','Zafferano','11,44','13,38');
Insert into D40_PRODOTTO (ID,tipo_ID,PRODOTTO,PREZZO_ACQUISTO,PREZZO_VENDITA) values ('41','15','Maggiorana','7,67','9,59');
Insert into D40_PRODOTTO (ID,tipo_ID,PRODOTTO,PREZZO_ACQUISTO,PREZZO_VENDITA) values ('42','15','Origano','1,34','1,5');
Insert into D40_PRODOTTO (ID,tipo_ID,PRODOTTO,PREZZO_ACQUISTO,PREZZO_VENDITA) values ('43','15','Paprika dolce','2,12','2,37');
Insert into D40_PRODOTTO (ID,tipo_ID,PRODOTTO,PREZZO_ACQUISTO,PREZZO_VENDITA) values ('44','15','Peperoncino','13,91','15,44');
Insert into D40_PRODOTTO (ID,tipo_ID,PRODOTTO,PREZZO_ACQUISTO,PREZZO_VENDITA) values ('45','15','Noce moscata','4,06','5,24');
Insert into D40_PRODOTTO (ID,tipo_ID,PRODOTTO,PREZZO_ACQUISTO,PREZZO_VENDITA) values ('46','15','Basilico','8,73','11,35');
Insert into D40_PRODOTTO (ID,tipo_ID,PRODOTTO,PREZZO_ACQUISTO,PREZZO_VENDITA) values ('47','15','Salvia','3,77','4,9');
Insert into D40_PRODOTTO (ID,tipo_ID,PRODOTTO,PREZZO_ACQUISTO,PREZZO_VENDITA) values ('48','15','Rosmarino','10,82','12,44');
Insert into D40_PRODOTTO (ID,tipo_ID,PRODOTTO,PREZZO_ACQUISTO,PREZZO_VENDITA) values ('49','11','Olio d''oliva','4,09','5,52');
Insert into D40_PRODOTTO (ID,tipo_ID,PRODOTTO,PREZZO_ACQUISTO,PREZZO_VENDITA) values ('50','11','Aceto','2,65','3,37');
Insert into D40_PRODOTTO (ID,tipo_ID,PRODOTTO,PREZZO_ACQUISTO,PREZZO_VENDITA) values ('51','11','Aceto balsamico','5,45','7,19');
Insert into D40_PRODOTTO (ID,tipo_ID,PRODOTTO,PREZZO_ACQUISTO,PREZZO_VENDITA) values ('52','11','Sale fine','13,56','17,76');
Insert into D40_PRODOTTO (ID,tipo_ID,PRODOTTO,PREZZO_ACQUISTO,PREZZO_VENDITA) values ('53','11','Sale grosso','7,13','8,13');
Insert into D40_PRODOTTO (ID,tipo_ID,PRODOTTO,PREZZO_ACQUISTO,PREZZO_VENDITA) values ('54','11','Salsa di soia','6,1','6,77');
Insert into D40_PRODOTTO (ID,tipo_ID,PRODOTTO,PREZZO_ACQUISTO,PREZZO_VENDITA) values ('55','11','Tabasco','2,11','2,72');
Insert into D40_PRODOTTO (ID,tipo_ID,PRODOTTO,PREZZO_ACQUISTO,PREZZO_VENDITA) values ('56','13','ketchup','13','16,12');
Insert into D40_PRODOTTO (ID,tipo_ID,PRODOTTO,PREZZO_ACQUISTO,PREZZO_VENDITA) values ('57','13','Maionese','13,75','18,29');
Insert into D40_PRODOTTO (ID,tipo_ID,PRODOTTO,PREZZO_ACQUISTO,PREZZO_VENDITA) values ('58','13','Salsa barbecue','8,2','10,5');
Insert into D40_PRODOTTO (ID,tipo_ID,PRODOTTO,PREZZO_ACQUISTO,PREZZO_VENDITA) values ('59','5','Latte','3,38','4,29');
Insert into D40_PRODOTTO (ID,tipo_ID,PRODOTTO,PREZZO_ACQUISTO,PREZZO_VENDITA) values ('60','5','Panna','8,49','10,36');
Insert into D40_PRODOTTO (ID,tipo_ID,PRODOTTO,PREZZO_ACQUISTO,PREZZO_VENDITA) values ('61','5','Burro','6,01','7,27');
Insert into D40_PRODOTTO (ID,tipo_ID,PRODOTTO,PREZZO_ACQUISTO,PREZZO_VENDITA) values ('62','5','Yogurt','3,69','4,28');
Insert into D40_PRODOTTO (ID,tipo_ID,PRODOTTO,PREZZO_ACQUISTO,PREZZO_VENDITA) values ('63','5','Parmigiano','8,04','10,85');
Insert into D40_PRODOTTO (ID,tipo_ID,PRODOTTO,PREZZO_ACQUISTO,PREZZO_VENDITA) values ('64','5','Mozzarella','11,61','14,16');
Insert into D40_PRODOTTO (ID,tipo_ID,PRODOTTO,PREZZO_ACQUISTO,PREZZO_VENDITA) values ('65','5','Emmenthal','12,45','15,19');
Insert into D40_PRODOTTO (ID,tipo_ID,PRODOTTO,PREZZO_ACQUISTO,PREZZO_VENDITA) values ('66','5','Philadelphia','14,74','18,87');
Insert into D40_PRODOTTO (ID,tipo_ID,PRODOTTO,PREZZO_ACQUISTO,PREZZO_VENDITA) values ('67','5','Ricotta','2,39','3,13');
Insert into D40_PRODOTTO (ID,tipo_ID,PRODOTTO,PREZZO_ACQUISTO,PREZZO_VENDITA) values ('68','1','Prosciutto cotto','14,46','17,21');
Insert into D40_PRODOTTO (ID,tipo_ID,PRODOTTO,PREZZO_ACQUISTO,PREZZO_VENDITA) values ('69','1','Prosciutto crudo','4,8','5,71');
Insert into D40_PRODOTTO (ID,tipo_ID,PRODOTTO,PREZZO_ACQUISTO,PREZZO_VENDITA) values ('70','1','Bresaola','5,34','5,98');
Insert into D40_PRODOTTO (ID,tipo_ID,PRODOTTO,PREZZO_ACQUISTO,PREZZO_VENDITA) values ('71','1','Salame','5,18','6,94');
Insert into D40_PRODOTTO (ID,tipo_ID,PRODOTTO,PREZZO_ACQUISTO,PREZZO_VENDITA) values ('72','1','Mortadella','1,18','1,58');
Insert into D40_PRODOTTO (ID,tipo_ID,PRODOTTO,PREZZO_ACQUISTO,PREZZO_VENDITA) values ('73','1','Speck','5,89','7,36');
Insert into D40_PRODOTTO (ID,tipo_ID,PRODOTTO,PREZZO_ACQUISTO,PREZZO_VENDITA) values ('74','1','wurstel','13,33','16,4');
Insert into D40_PRODOTTO (ID,tipo_ID,PRODOTTO,PREZZO_ACQUISTO,PREZZO_VENDITA) values ('75','1','Pancetta','11,34','14,74');
Insert into D40_PRODOTTO (ID,tipo_ID,PRODOTTO,PREZZO_ACQUISTO,PREZZO_VENDITA) values ('76','3','Pasta fresca','21,62','27,46');
Insert into D40_PRODOTTO (ID,tipo_ID,PRODOTTO,PREZZO_ACQUISTO,PREZZO_VENDITA) values ('77','3','Pasta sfoglia','9,88','12,35');
Insert into D40_PRODOTTO (ID,tipo_ID,PRODOTTO,PREZZO_ACQUISTO,PREZZO_VENDITA) values ('78','3','Uova','13,46','16,42');
Insert into D40_PRODOTTO (ID,tipo_ID,PRODOTTO,PREZZO_ACQUISTO,PREZZO_VENDITA) values ('79','3','Seitan','15,66','19,26');
Insert into D40_PRODOTTO (ID,tipo_ID,PRODOTTO,PREZZO_ACQUISTO,PREZZO_VENDITA) values ('80','3','Tofu','21,5','27,52');
Insert into D40_PRODOTTO (ID,tipo_ID,PRODOTTO,PREZZO_ACQUISTO,PREZZO_VENDITA) values ('81','7','Gelato','3,19','4,15');
Insert into D40_PRODOTTO (ID,tipo_ID,PRODOTTO,PREZZO_ACQUISTO,PREZZO_VENDITA) values ('82','7','Minestrone','4,05','4,86');
Insert into D40_PRODOTTO (ID,tipo_ID,PRODOTTO,PREZZO_ACQUISTO,PREZZO_VENDITA) values ('83','7','Funghi','7,74','10,14');
Insert into D40_PRODOTTO (ID,tipo_ID,PRODOTTO,PREZZO_ACQUISTO,PREZZO_VENDITA) values ('84','7','Filetti di pesce','13,37','16,85');
Insert into D40_PRODOTTO (ID,tipo_ID,PRODOTTO,PREZZO_ACQUISTO,PREZZO_VENDITA) values ('85','7','Gamberetti','1,3','1,63');
Insert into D40_PRODOTTO (ID,tipo_ID,PRODOTTO,PREZZO_ACQUISTO,PREZZO_VENDITA) values ('86','2','Bistecca','21,12','26,4');
Insert into D40_PRODOTTO (ID,tipo_ID,PRODOTTO,PREZZO_ACQUISTO,PREZZO_VENDITA) values ('87','2','Arrosto','17,35','21,69');
Insert into D40_PRODOTTO (ID,tipo_ID,PRODOTTO,PREZZO_ACQUISTO,PREZZO_VENDITA) values ('88','2','Hamburger','5,15','6,28');
Insert into D40_PRODOTTO (ID,tipo_ID,PRODOTTO,PREZZO_ACQUISTO,PREZZO_VENDITA) values ('89','2','Pollo','11,19','15,11');
Insert into D40_PRODOTTO (ID,tipo_ID,PRODOTTO,PREZZO_ACQUISTO,PREZZO_VENDITA) values ('90','6','Filetti di Merluzzo','19,14','24,5');
Insert into D40_PRODOTTO (ID,tipo_ID,PRODOTTO,PREZZO_ACQUISTO,PREZZO_VENDITA) values ('91','6','Gamberi','1,93','2,59');
Insert into D40_PRODOTTO (ID,tipo_ID,PRODOTTO,PREZZO_ACQUISTO,PREZZO_VENDITA) values ('92','6','Polipo','19,5','26,33');
Insert into D40_PRODOTTO (ID,tipo_ID,PRODOTTO,PREZZO_ACQUISTO,PREZZO_VENDITA) values ('93','6','Orata','17,59','23,22');
Insert into D40_PRODOTTO (ID,tipo_ID,PRODOTTO,PREZZO_ACQUISTO,PREZZO_VENDITA) values ('94','8','Insalata','3,53','4,77');
Insert into D40_PRODOTTO (ID,tipo_ID,PRODOTTO,PREZZO_ACQUISTO,PREZZO_VENDITA) values ('95','8','Pomodori','19,05','24,19');
Insert into D40_PRODOTTO (ID,tipo_ID,PRODOTTO,PREZZO_ACQUISTO,PREZZO_VENDITA) values ('96','8','Carote','10,9','13,63');
Insert into D40_PRODOTTO (ID,tipo_ID,PRODOTTO,PREZZO_ACQUISTO,PREZZO_VENDITA) values ('97','8','Zucchine','11,83','15,02');
Insert into D40_PRODOTTO (ID,tipo_ID,PRODOTTO,PREZZO_ACQUISTO,PREZZO_VENDITA) values ('98','8','Peperoni','20,17','27,23');
Insert into D40_PRODOTTO (ID,tipo_ID,PRODOTTO,PREZZO_ACQUISTO,PREZZO_VENDITA) values ('99','8','Melanzane','15,28','18,79');
Insert into D40_PRODOTTO (ID,tipo_ID,PRODOTTO,PREZZO_ACQUISTO,PREZZO_VENDITA) values ('100','8','Patate','22,2','28,19');
Insert into D40_PRODOTTO (ID,tipo_ID,PRODOTTO,PREZZO_ACQUISTO,PREZZO_VENDITA) values ('101','8','Cipolle','7,98','10,53');
Insert into D40_PRODOTTO (ID,tipo_ID,PRODOTTO,PREZZO_ACQUISTO,PREZZO_VENDITA) values ('102','4','Mele','4,85','6,16');
Insert into D40_PRODOTTO (ID,tipo_ID,PRODOTTO,PREZZO_ACQUISTO,PREZZO_VENDITA) values ('103','4','Pere','16,61','20,93');
Insert into D40_PRODOTTO (ID,tipo_ID,PRODOTTO,PREZZO_ACQUISTO,PREZZO_VENDITA) values ('104','4','Arance','23,09','31,17');
Insert into D40_PRODOTTO (ID,tipo_ID,PRODOTTO,PREZZO_ACQUISTO,PREZZO_VENDITA) values ('105','4','Limoni','17,2','22,7');
Insert into D40_PRODOTTO (ID,tipo_ID,PRODOTTO,PREZZO_ACQUISTO,PREZZO_VENDITA) values ('106','4','Mandarini','11,89','14,74');
Insert into D40_PRODOTTO (ID,tipo_ID,PRODOTTO,PREZZO_ACQUISTO,PREZZO_VENDITA) values ('107','16','Dentifricio','10,33','13,33');
Insert into D40_PRODOTTO (ID,tipo_ID,PRODOTTO,PREZZO_ACQUISTO,PREZZO_VENDITA) values ('108','16','Spazzolino','22,06','26,91');
Insert into D40_PRODOTTO (ID,tipo_ID,PRODOTTO,PREZZO_ACQUISTO,PREZZO_VENDITA) values ('109','16','Filo interdentale','21,27','28,5');
Insert into D40_PRODOTTO (ID,tipo_ID,PRODOTTO,PREZZO_ACQUISTO,PREZZO_VENDITA) values ('110','16','Colluttorio','6,78','8,95');
Insert into D40_PRODOTTO (ID,tipo_ID,PRODOTTO,PREZZO_ACQUISTO,PREZZO_VENDITA) values ('111','16','Doccia schiuma','4,45','5,47');
Insert into D40_PRODOTTO (ID,tipo_ID,PRODOTTO,PREZZO_ACQUISTO,PREZZO_VENDITA) values ('112','16','Shampoo','13,78','16,81');
Insert into D40_PRODOTTO (ID,tipo_ID,PRODOTTO,PREZZO_ACQUISTO,PREZZO_VENDITA) values ('113','16','Balsamo','24,45','31,05');
Insert into D40_PRODOTTO (ID,tipo_ID,PRODOTTO,PREZZO_ACQUISTO,PREZZO_VENDITA) values ('114','16','Crema corpo','15,22','20,09');
Insert into D40_PRODOTTO (ID,tipo_ID,PRODOTTO,PREZZO_ACQUISTO,PREZZO_VENDITA) values ('115','16','Gel / Schiuma per capelli','18,32','22,72');
Insert into D40_PRODOTTO (ID,tipo_ID,PRODOTTO,PREZZO_ACQUISTO,PREZZO_VENDITA) values ('116','16','Detergente intimo','5,07','6,49');
Insert into D40_PRODOTTO (ID,tipo_ID,PRODOTTO,PREZZO_ACQUISTO,PREZZO_VENDITA) values ('117','16','Sapone mani','7,24','9,77');
Insert into D40_PRODOTTO (ID,tipo_ID,PRODOTTO,PREZZO_ACQUISTO,PREZZO_VENDITA) values ('118','16','Crema mani','1,05','1,39');
Insert into D40_PRODOTTO (ID,tipo_ID,PRODOTTO,PREZZO_ACQUISTO,PREZZO_VENDITA) values ('119','16','Struccante viso','12,53','15,66');
Insert into D40_PRODOTTO (ID,tipo_ID,PRODOTTO,PREZZO_ACQUISTO,PREZZO_VENDITA) values ('120','16','Sapone','15,67','20,37');
Insert into D40_PRODOTTO (ID,tipo_ID,PRODOTTO,PREZZO_ACQUISTO,PREZZO_VENDITA) values ('121','16','Crema viso','19,47','23,36');
Insert into D40_PRODOTTO (ID,tipo_ID,PRODOTTO,PREZZO_ACQUISTO,PREZZO_VENDITA) values ('122','16','Contorno occhi','15,12','19,5');
Insert into D40_PRODOTTO (ID,tipo_ID,PRODOTTO,PREZZO_ACQUISTO,PREZZO_VENDITA) values ('123','16','Rasoio','1,71','2,29');
Insert into D40_PRODOTTO (ID,tipo_ID,PRODOTTO,PREZZO_ACQUISTO,PREZZO_VENDITA) values ('124','16','Schiuma da barba','15,85','20,29');
Insert into D40_PRODOTTO (ID,tipo_ID,PRODOTTO,PREZZO_ACQUISTO,PREZZO_VENDITA) values ('125','16','Crema dopo barba','4,44','5,37');
Insert into D40_PRODOTTO (ID,tipo_ID,PRODOTTO,PREZZO_ACQUISTO,PREZZO_VENDITA) values ('126','18','Sgrassatore multiuso','17,96','21,91');
Insert into D40_PRODOTTO (ID,tipo_ID,PRODOTTO,PREZZO_ACQUISTO,PREZZO_VENDITA) values ('127','18','Igienizzante bagno','18,75','23,06');
Insert into D40_PRODOTTO (ID,tipo_ID,PRODOTTO,PREZZO_ACQUISTO,PREZZO_VENDITA) values ('128','18','Prodotto per acciaio','11,42','14,85');
Insert into D40_PRODOTTO (ID,tipo_ID,PRODOTTO,PREZZO_ACQUISTO,PREZZO_VENDITA) values ('129','18','Pulizia Forno','2,39','3,06');
Insert into D40_PRODOTTO (ID,tipo_ID,PRODOTTO,PREZZO_ACQUISTO,PREZZO_VENDITA) values ('130','18','Panno per il pavimento','22,24','28,69');
Insert into D40_PRODOTTO (ID,tipo_ID,PRODOTTO,PREZZO_ACQUISTO,PREZZO_VENDITA) values ('131','18','Panno da cucina','24,71','32,62');
Insert into D40_PRODOTTO (ID,tipo_ID,PRODOTTO,PREZZO_ACQUISTO,PREZZO_VENDITA) values ('132','18','Spugnetta per piatti','18,85','24,51');
Insert into D40_PRODOTTO (ID,tipo_ID,PRODOTTO,PREZZO_ACQUISTO,PREZZO_VENDITA) values ('133','18','Panno per il bagno','3,82','4,58');
Insert into D40_PRODOTTO (ID,tipo_ID,PRODOTTO,PREZZO_ACQUISTO,PREZZO_VENDITA) values ('134','18','Panno multiuso','24,3','32,08');
Insert into D40_PRODOTTO (ID,tipo_ID,PRODOTTO,PREZZO_ACQUISTO,PREZZO_VENDITA) values ('135','18','Detersivo lavatrice','18,48','22,36');
Insert into D40_PRODOTTO (ID,tipo_ID,PRODOTTO,PREZZO_ACQUISTO,PREZZO_VENDITA) values ('136','18','Detersivo lavastoviglie','10,66','13,86');
Insert into D40_PRODOTTO (ID,tipo_ID,PRODOTTO,PREZZO_ACQUISTO,PREZZO_VENDITA) values ('137','18','Ammorbidente','1,14','1,39');
Insert into D40_PRODOTTO (ID,tipo_ID,PRODOTTO,PREZZO_ACQUISTO,PREZZO_VENDITA) values ('138','18','Prodotto per pavimenti','24,04','28,85');
Insert into D40_PRODOTTO (ID,tipo_ID,PRODOTTO,PREZZO_ACQUISTO,PREZZO_VENDITA) values ('139','18','Prodotto per parquet','18,28','23,22');
Insert into D40_PRODOTTO (ID,tipo_ID,PRODOTTO,PREZZO_ACQUISTO,PREZZO_VENDITA) values ('140','18','Diffusore per ambienti','4,23','5,29');
Insert into D40_PRODOTTO (ID,tipo_ID,PRODOTTO,PREZZO_ACQUISTO,PREZZO_VENDITA) values ('141','18','Antitarme','22,53','29,51');
Insert into D40_PRODOTTO (ID,tipo_ID,PRODOTTO,PREZZO_ACQUISTO,PREZZO_VENDITA) values ('142','17','Rotolo di carta da cucina','16,22','19,79');
Insert into D40_PRODOTTO (ID,tipo_ID,PRODOTTO,PREZZO_ACQUISTO,PREZZO_VENDITA) values ('143','17','Tovaglioli di carta','5,82','7,1');
Insert into D40_PRODOTTO (ID,tipo_ID,PRODOTTO,PREZZO_ACQUISTO,PREZZO_VENDITA) values ('144','17','Piatti di plastica','23,68','31,49');
Insert into D40_PRODOTTO (ID,tipo_ID,PRODOTTO,PREZZO_ACQUISTO,PREZZO_VENDITA) values ('145','17','Bicchieri di plastica','10,91','14,51');
Insert into D40_PRODOTTO (ID,tipo_ID,PRODOTTO,PREZZO_ACQUISTO,PREZZO_VENDITA) values ('146','17','Carta forno','13,96','18,15');
Insert into D40_PRODOTTO (ID,tipo_ID,PRODOTTO,PREZZO_ACQUISTO,PREZZO_VENDITA) values ('147','17','Alluminio','5,2','6,34');
Insert into D40_PRODOTTO (ID,tipo_ID,PRODOTTO,PREZZO_ACQUISTO,PREZZO_VENDITA) values ('148','17','Pellicola per alimenti','23,38','31,33');
Insert into D40_PRODOTTO (ID,tipo_ID,PRODOTTO,PREZZO_ACQUISTO,PREZZO_VENDITA) values ('149','17','Sacchetti freezer','22,29','29,42');
--REM INSERTING into D40_CLIENTE
--SET DEFINE OFF;
Insert into D40_CLIENTE (ID,CLIENTE,ZONA) values ('1','Rossi Macaria','NORD');
Insert into D40_CLIENTE (ID,CLIENTE,ZONA) values ('2','Ferrari Mafalda','CENTRO');
Insert into D40_CLIENTE (ID,CLIENTE,ZONA) values ('3','Russo Maida','SUD');
Insert into D40_CLIENTE (ID,CLIENTE,ZONA) values ('4','Bianchi Mara','NORD');
Insert into D40_CLIENTE (ID,CLIENTE,ZONA) values ('5','Romano Marcella','CENTRO');
Insert into D40_CLIENTE (ID,CLIENTE,ZONA) values ('6','Gallo Margherita','SUD');
Insert into D40_CLIENTE (ID,CLIENTE,ZONA) values ('7','Costa Marianna','NORD');
Insert into D40_CLIENTE (ID,CLIENTE,ZONA) values ('8','Fontana Mariella','CENTRO');
Insert into D40_CLIENTE (ID,CLIENTE,ZONA) values ('9','Conti Marina','SUD');
Insert into D40_CLIENTE (ID,CLIENTE,ZONA) values ('10','Esposito Marinetta','NORD');
Insert into D40_CLIENTE (ID,CLIENTE,ZONA) values ('11','Ricci Marita','CENTRO');
Insert into D40_CLIENTE (ID,CLIENTE,ZONA) values ('12','Bruno Martina','SUD');
Insert into D40_CLIENTE (ID,CLIENTE,ZONA) values ('13','De Luca Menardo','NORD');
Insert into D40_CLIENTE (ID,CLIENTE,ZONA) values ('14','Moretti Meneo','CENTRO');
Insert into D40_CLIENTE (ID,CLIENTE,ZONA) values ('15','Marino Mercurio','SUD');
Insert into D40_CLIENTE (ID,CLIENTE,ZONA) values ('16','Greco Metrofane','NORD');
Insert into D40_CLIENTE (ID,CLIENTE,ZONA) values ('17','Barbieri Michele','CENTRO');
Insert into D40_CLIENTE (ID,CLIENTE,ZONA) values ('18','Lombardi Minervino','SUD');
Insert into D40_CLIENTE (ID,CLIENTE,ZONA) values ('19','Giordano Mario','NORD');
Insert into D40_CLIENTE (ID,CLIENTE,ZONA) values ('20','Cassano Martino','CENTRO');
Insert into D40_CLIENTE (ID,CLIENTE,ZONA) values ('21','Colombo Massimiliano','SUD');
Insert into D40_CLIENTE (ID,CLIENTE,ZONA) values ('22','Mancini Matroniano','NORD');
Insert into D40_CLIENTE (ID,CLIENTE,ZONA) values ('23','Longo Mattia','CENTRO');
Insert into D40_CLIENTE (ID,CLIENTE,ZONA) values ('24','Leone Maurizio','SUD');
Insert into D40_CLIENTE (ID,CLIENTE,ZONA) values ('25','Martinelli Medardo','NORD');
--REM INSERTING into D40_FORNITORE
--SET DEFINE OFF;
Insert into D40_FORNITORE (ID,FORNITORE,ZONA) values ('26','Bernardi Moira','CENTRO');
Insert into D40_FORNITORE (ID,FORNITORE,ZONA) values ('27','Bianco Marinella','SUD');
Insert into D40_FORNITORE (ID,FORNITORE,ZONA) values ('28','Caruso Maura','CENTRO');
Insert into D40_FORNITORE (ID,FORNITORE,ZONA) values ('29','Conte Marisa','NORD');
Insert into D40_FORNITORE (ID,FORNITORE,ZONA) values ('30','D''Angelo Miriam','NORD');
Insert into D40_FORNITORE (ID,FORNITORE,ZONA) values ('31','Farina Maruta','SUD');
Insert into D40_FORNITORE (ID,FORNITORE,ZONA) values ('32','Ferrara Maria','SUD');
Insert into D40_FORNITORE (ID,FORNITORE,ZONA) values ('33','Ferraro Michela','SUD');
Insert into D40_FORNITORE (ID,FORNITORE,ZONA) values ('34','Ferri Menodora','NORD');
Insert into D40_FORNITORE (ID,FORNITORE,ZONA) values ('35','Galli Manuela','SUD');
Insert into D40_FORNITORE (ID,FORNITORE,ZONA) values ('36','Gatti Marana','NORD');
Insert into D40_FORNITORE (ID,FORNITORE,ZONA) values ('37','Gentile Massima','NORD');
Insert into D40_FORNITORE (ID,FORNITORE,ZONA) values ('38','Grassi Minerva','CENTRO');
Insert into D40_FORNITORE (ID,FORNITORE,ZONA) values ('39','Marchetti Maddalena','NORD');
Insert into D40_FORNITORE (ID,FORNITORE,ZONA) values ('40','Mariani Mareta','CENTRO');
Insert into D40_FORNITORE (ID,FORNITORE,ZONA) values ('41','Marini Marilena','CENTRO');
Insert into D40_FORNITORE (ID,FORNITORE,ZONA) values ('42','Martini Magda','CENTRO');
Insert into D40_FORNITORE (ID,FORNITORE,ZONA) values ('43','Mazza Morena','SUD');
Insert into D40_FORNITORE (ID,FORNITORE,ZONA) values ('44','Morelli Melissa','SUD');
Insert into D40_FORNITORE (ID,FORNITORE,ZONA) values ('45','Pellegrini Mimma','NORD');
Insert into D40_FORNITORE (ID,FORNITORE,ZONA) values ('46','Rizzi Melanio','SUD');
Insert into D40_FORNITORE (ID,FORNITORE,ZONA) values ('47','Rossetti Miranda','SUD');
Insert into D40_FORNITORE (ID,FORNITORE,ZONA) values ('48','Santoro Marica','NORD');
Insert into D40_FORNITORE (ID,FORNITORE,ZONA) values ('49','Serra Marta','CENTRO');
Insert into D40_FORNITORE (ID,FORNITORE,ZONA) values ('50','Testa Messalina','CENTRO');
--REM INSERTING into D40_ACQUISTO
--SET DEFINE OFF;
Insert into D40_ACQUISTO (ID,FORNITORE_ID,PRODOTTO_ID,DATA,QUANTITA) values ('8255','32','107',to_date('18/08/2020','DD/MM/YYYY'),'22');
Insert into D40_ACQUISTO (ID,FORNITORE_ID,PRODOTTO_ID,DATA,QUANTITA) values ('8256','32','59',to_date('11/11/2020','DD/MM/YYYY'),'19');
Insert into D40_ACQUISTO (ID,FORNITORE_ID,PRODOTTO_ID,DATA,QUANTITA) values ('8257','32','3',to_date('23/12/2020','DD/MM/YYYY'),'28');
Insert into D40_ACQUISTO (ID,FORNITORE_ID,PRODOTTO_ID,DATA,QUANTITA) values ('8258','32','87',to_date('16/10/2020','DD/MM/YYYY'),'15');
Insert into D40_ACQUISTO (ID,FORNITORE_ID,PRODOTTO_ID,DATA,QUANTITA) values ('8259','32','38',to_date('10/06/2021','DD/MM/YYYY'),'11');
Insert into D40_ACQUISTO (ID,FORNITORE_ID,PRODOTTO_ID,DATA,QUANTITA) values ('8260','32','95',to_date('25/02/2021','DD/MM/YYYY'),'21');
Insert into D40_ACQUISTO (ID,FORNITORE_ID,PRODOTTO_ID,DATA,QUANTITA) values ('8261','32','27',to_date('24/08/2020','DD/MM/YYYY'),'22');
Insert into D40_ACQUISTO (ID,FORNITORE_ID,PRODOTTO_ID,DATA,QUANTITA) values ('8262','32','68',to_date('15/11/2020','DD/MM/YYYY'),'14');
Insert into D40_ACQUISTO (ID,FORNITORE_ID,PRODOTTO_ID,DATA,QUANTITA) values ('8263','32','88',to_date('09/03/2021','DD/MM/YYYY'),'22');
Insert into D40_ACQUISTO (ID,FORNITORE_ID,PRODOTTO_ID,DATA,QUANTITA) values ('8264','32','102',to_date('19/12/2020','DD/MM/YYYY'),'27');
Insert into D40_ACQUISTO (ID,FORNITORE_ID,PRODOTTO_ID,DATA,QUANTITA) values ('8265','32','138',to_date('01/02/2021','DD/MM/YYYY'),'16');
Insert into D40_ACQUISTO (ID,FORNITORE_ID,PRODOTTO_ID,DATA,QUANTITA) values ('8266','32','104',to_date('17/12/2020','DD/MM/YYYY'),'15');
Insert into D40_ACQUISTO (ID,FORNITORE_ID,PRODOTTO_ID,DATA,QUANTITA) values ('8267','32','142',to_date('16/12/2020','DD/MM/YYYY'),'27');
Insert into D40_ACQUISTO (ID,FORNITORE_ID,PRODOTTO_ID,DATA,QUANTITA) values ('8268','32','143',to_date('12/10/2020','DD/MM/YYYY'),'22');
Insert into D40_ACQUISTO (ID,FORNITORE_ID,PRODOTTO_ID,DATA,QUANTITA) values ('8269','32','7',to_date('05/06/2021','DD/MM/YYYY'),'29');
Insert into D40_ACQUISTO (ID,FORNITORE_ID,PRODOTTO_ID,DATA,QUANTITA) values ('8270','32','37',to_date('07/03/2021','DD/MM/YYYY'),'24');
Insert into D40_ACQUISTO (ID,FORNITORE_ID,PRODOTTO_ID,DATA,QUANTITA) values ('8271','32','52',to_date('23/07/2020','DD/MM/YYYY'),'30');
Insert into D40_ACQUISTO (ID,FORNITORE_ID,PRODOTTO_ID,DATA,QUANTITA) values ('8272','32','133',to_date('10/06/2021','DD/MM/YYYY'),'17');
Insert into D40_ACQUISTO (ID,FORNITORE_ID,PRODOTTO_ID,DATA,QUANTITA) values ('8273','32','31',to_date('09/03/2021','DD/MM/YYYY'),'19');
Insert into D40_ACQUISTO (ID,FORNITORE_ID,PRODOTTO_ID,DATA,QUANTITA) values ('8274','32','141',to_date('06/07/2021','DD/MM/YYYY'),'12');
Insert into D40_ACQUISTO (ID,FORNITORE_ID,PRODOTTO_ID,DATA,QUANTITA) values ('8275','32','118',to_date('12/02/2021','DD/MM/YYYY'),'15');
Insert into D40_ACQUISTO (ID,FORNITORE_ID,PRODOTTO_ID,DATA,QUANTITA) values ('8276','32','102',to_date('18/08/2020','DD/MM/YYYY'),'14');
Insert into D40_ACQUISTO (ID,FORNITORE_ID,PRODOTTO_ID,DATA,QUANTITA) values ('8277','32','110',to_date('10/12/2020','DD/MM/YYYY'),'16');
Insert into D40_ACQUISTO (ID,FORNITORE_ID,PRODOTTO_ID,DATA,QUANTITA) values ('8278','32','55',to_date('01/08/2020','DD/MM/YYYY'),'23');
Insert into D40_ACQUISTO (ID,FORNITORE_ID,PRODOTTO_ID,DATA,QUANTITA) values ('8279','32','2',to_date('09/06/2021','DD/MM/YYYY'),'28');
Insert into D40_ACQUISTO (ID,FORNITORE_ID,PRODOTTO_ID,DATA,QUANTITA) values ('8280','32','74',to_date('20/04/2021','DD/MM/YYYY'),'14');
Insert into D40_ACQUISTO (ID,FORNITORE_ID,PRODOTTO_ID,DATA,QUANTITA) values ('8281','32','82',to_date('11/09/2020','DD/MM/YYYY'),'11');
Insert into D40_ACQUISTO (ID,FORNITORE_ID,PRODOTTO_ID,DATA,QUANTITA) values ('8282','32','111',to_date('12/08/2020','DD/MM/YYYY'),'14');
Insert into D40_ACQUISTO (ID,FORNITORE_ID,PRODOTTO_ID,DATA,QUANTITA) values ('8283','32','13',to_date('06/04/2021','DD/MM/YYYY'),'10');
Insert into D40_ACQUISTO (ID,FORNITORE_ID,PRODOTTO_ID,DATA,QUANTITA) values ('8284','32','119',to_date('25/03/2021','DD/MM/YYYY'),'11');
Insert into D40_ACQUISTO (ID,FORNITORE_ID,PRODOTTO_ID,DATA,QUANTITA) values ('8285','33','60',to_date('25/12/2020','DD/MM/YYYY'),'10');
Insert into D40_ACQUISTO (ID,FORNITORE_ID,PRODOTTO_ID,DATA,QUANTITA) values ('8286','33','104',to_date('30/01/2021','DD/MM/YYYY'),'17');
Insert into D40_ACQUISTO (ID,FORNITORE_ID,PRODOTTO_ID,DATA,QUANTITA) values ('8287','33','66',to_date('07/04/2021','DD/MM/YYYY'),'14');
Insert into D40_ACQUISTO (ID,FORNITORE_ID,PRODOTTO_ID,DATA,QUANTITA) values ('8288','33','120',to_date('12/02/2021','DD/MM/YYYY'),'28');
Insert into D40_ACQUISTO (ID,FORNITORE_ID,PRODOTTO_ID,DATA,QUANTITA) values ('8289','33','20',to_date('15/01/2021','DD/MM/YYYY'),'22');
Insert into D40_ACQUISTO (ID,FORNITORE_ID,PRODOTTO_ID,DATA,QUANTITA) values ('8290','33','35',to_date('14/09/2020','DD/MM/YYYY'),'13');
Insert into D40_ACQUISTO (ID,FORNITORE_ID,PRODOTTO_ID,DATA,QUANTITA) values ('8291','33','14',to_date('27/09/2020','DD/MM/YYYY'),'15');
Insert into D40_ACQUISTO (ID,FORNITORE_ID,PRODOTTO_ID,DATA,QUANTITA) values ('8292','33','96',to_date('05/08/2020','DD/MM/YYYY'),'24');
Insert into D40_ACQUISTO (ID,FORNITORE_ID,PRODOTTO_ID,DATA,QUANTITA) values ('8293','33','109',to_date('16/07/2020','DD/MM/YYYY'),'30');
Insert into D40_ACQUISTO (ID,FORNITORE_ID,PRODOTTO_ID,DATA,QUANTITA) values ('8294','33','85',to_date('25/03/2021','DD/MM/YYYY'),'26');
Insert into D40_ACQUISTO (ID,FORNITORE_ID,PRODOTTO_ID,DATA,QUANTITA) values ('8295','33','95',to_date('24/10/2020','DD/MM/YYYY'),'12');
Insert into D40_ACQUISTO (ID,FORNITORE_ID,PRODOTTO_ID,DATA,QUANTITA) values ('8296','33','65',to_date('03/11/2020','DD/MM/YYYY'),'21');
Insert into D40_ACQUISTO (ID,FORNITORE_ID,PRODOTTO_ID,DATA,QUANTITA) values ('8297','33','86',to_date('13/03/2021','DD/MM/YYYY'),'26');
Insert into D40_ACQUISTO (ID,FORNITORE_ID,PRODOTTO_ID,DATA,QUANTITA) values ('8298','33','34',to_date('12/02/2021','DD/MM/YYYY'),'28');
Insert into D40_ACQUISTO (ID,FORNITORE_ID,PRODOTTO_ID,DATA,QUANTITA) values ('8299','33','50',to_date('24/10/2020','DD/MM/YYYY'),'18');
Insert into D40_ACQUISTO (ID,FORNITORE_ID,PRODOTTO_ID,DATA,QUANTITA) values ('8300','33','14',to_date('04/02/2021','DD/MM/YYYY'),'19');
Insert into D40_ACQUISTO (ID,FORNITORE_ID,PRODOTTO_ID,DATA,QUANTITA) values ('8301','33','75',to_date('18/09/2020','DD/MM/YYYY'),'11');
Insert into D40_ACQUISTO (ID,FORNITORE_ID,PRODOTTO_ID,DATA,QUANTITA) values ('8302','33','69',to_date('22/07/2020','DD/MM/YYYY'),'13');
Insert into D40_ACQUISTO (ID,FORNITORE_ID,PRODOTTO_ID,DATA,QUANTITA) values ('8303','33','106',to_date('25/04/2021','DD/MM/YYYY'),'30');
Insert into D40_ACQUISTO (ID,FORNITORE_ID,PRODOTTO_ID,DATA,QUANTITA) values ('8304','33','80',to_date('10/03/2021','DD/MM/YYYY'),'28');
Insert into D40_ACQUISTO (ID,FORNITORE_ID,PRODOTTO_ID,DATA,QUANTITA) values ('8305','33','103',to_date('06/01/2021','DD/MM/YYYY'),'19');
Insert into D40_ACQUISTO (ID,FORNITORE_ID,PRODOTTO_ID,DATA,QUANTITA) values ('8306','33','135',to_date('29/12/2020','DD/MM/YYYY'),'19');
Insert into D40_ACQUISTO (ID,FORNITORE_ID,PRODOTTO_ID,DATA,QUANTITA) values ('8307','33','58',to_date('01/12/2020','DD/MM/YYYY'),'13');
Insert into D40_ACQUISTO (ID,FORNITORE_ID,PRODOTTO_ID,DATA,QUANTITA) values ('8308','33','124',to_date('08/04/2021','DD/MM/YYYY'),'25');
Insert into D40_ACQUISTO (ID,FORNITORE_ID,PRODOTTO_ID,DATA,QUANTITA) values ('8309','33','8',to_date('07/07/2021','DD/MM/YYYY'),'15');
Insert into D40_ACQUISTO (ID,FORNITORE_ID,PRODOTTO_ID,DATA,QUANTITA) values ('8310','33','5',to_date('01/09/2020','DD/MM/YYYY'),'23');
Insert into D40_ACQUISTO (ID,FORNITORE_ID,PRODOTTO_ID,DATA,QUANTITA) values ('8311','34','93',to_date('22/11/2020','DD/MM/YYYY'),'10');
Insert into D40_ACQUISTO (ID,FORNITORE_ID,PRODOTTO_ID,DATA,QUANTITA) values ('8312','34','76',to_date('09/12/2020','DD/MM/YYYY'),'16');
Insert into D40_ACQUISTO (ID,FORNITORE_ID,PRODOTTO_ID,DATA,QUANTITA) values ('8313','34','12',to_date('16/08/2020','DD/MM/YYYY'),'24');
Insert into D40_ACQUISTO (ID,FORNITORE_ID,PRODOTTO_ID,DATA,QUANTITA) values ('8314','34','67',to_date('04/05/2021','DD/MM/YYYY'),'23');
Insert into D40_ACQUISTO (ID,FORNITORE_ID,PRODOTTO_ID,DATA,QUANTITA) values ('8315','34','18',to_date('13/11/2020','DD/MM/YYYY'),'27');
Insert into D40_ACQUISTO (ID,FORNITORE_ID,PRODOTTO_ID,DATA,QUANTITA) values ('8316','34','120',to_date('22/05/2021','DD/MM/YYYY'),'26');
Insert into D40_ACQUISTO (ID,FORNITORE_ID,PRODOTTO_ID,DATA,QUANTITA) values ('8317','34','91',to_date('13/10/2020','DD/MM/YYYY'),'21');
Insert into D40_ACQUISTO (ID,FORNITORE_ID,PRODOTTO_ID,DATA,QUANTITA) values ('8318','34','132',to_date('03/04/2021','DD/MM/YYYY'),'26');
Insert into D40_ACQUISTO (ID,FORNITORE_ID,PRODOTTO_ID,DATA,QUANTITA) values ('8319','34','141',to_date('31/10/2020','DD/MM/YYYY'),'13');
Insert into D40_ACQUISTO (ID,FORNITORE_ID,PRODOTTO_ID,DATA,QUANTITA) values ('8320','34','8',to_date('21/12/2020','DD/MM/YYYY'),'30');
Insert into D40_ACQUISTO (ID,FORNITORE_ID,PRODOTTO_ID,DATA,QUANTITA) values ('8321','34','146',to_date('24/01/2021','DD/MM/YYYY'),'18');
Insert into D40_ACQUISTO (ID,FORNITORE_ID,PRODOTTO_ID,DATA,QUANTITA) values ('8322','34','117',to_date('03/04/2021','DD/MM/YYYY'),'27');
Insert into D40_ACQUISTO (ID,FORNITORE_ID,PRODOTTO_ID,DATA,QUANTITA) values ('8323','34','128',to_date('07/05/2021','DD/MM/YYYY'),'12');
Insert into D40_ACQUISTO (ID,FORNITORE_ID,PRODOTTO_ID,DATA,QUANTITA) values ('8324','34','22',to_date('15/02/2021','DD/MM/YYYY'),'22');
Insert into D40_ACQUISTO (ID,FORNITORE_ID,PRODOTTO_ID,DATA,QUANTITA) values ('8325','34','35',to_date('16/11/2020','DD/MM/YYYY'),'17');
Insert into D40_ACQUISTO (ID,FORNITORE_ID,PRODOTTO_ID,DATA,QUANTITA) values ('8326','34','87',to_date('20/07/2020','DD/MM/YYYY'),'30');
Insert into D40_ACQUISTO (ID,FORNITORE_ID,PRODOTTO_ID,DATA,QUANTITA) values ('8327','34','50',to_date('22/06/2021','DD/MM/YYYY'),'23');
Insert into D40_ACQUISTO (ID,FORNITORE_ID,PRODOTTO_ID,DATA,QUANTITA) values ('8328','34','34',to_date('12/12/2020','DD/MM/YYYY'),'26');
Insert into D40_ACQUISTO (ID,FORNITORE_ID,PRODOTTO_ID,DATA,QUANTITA) values ('8329','34','40',to_date('07/06/2021','DD/MM/YYYY'),'27');
Insert into D40_ACQUISTO (ID,FORNITORE_ID,PRODOTTO_ID,DATA,QUANTITA) values ('8330','34','65',to_date('12/07/2020','DD/MM/YYYY'),'14');
Insert into D40_ACQUISTO (ID,FORNITORE_ID,PRODOTTO_ID,DATA,QUANTITA) values ('8331','34','84',to_date('17/08/2020','DD/MM/YYYY'),'21');
Insert into D40_ACQUISTO (ID,FORNITORE_ID,PRODOTTO_ID,DATA,QUANTITA) values ('8332','34','25',to_date('11/07/2020','DD/MM/YYYY'),'16');
Insert into D40_ACQUISTO (ID,FORNITORE_ID,PRODOTTO_ID,DATA,QUANTITA) values ('8333','34','112',to_date('10/10/2020','DD/MM/YYYY'),'18');
Insert into D40_ACQUISTO (ID,FORNITORE_ID,PRODOTTO_ID,DATA,QUANTITA) values ('8334','34','132',to_date('21/01/2021','DD/MM/YYYY'),'10');
Insert into D40_ACQUISTO (ID,FORNITORE_ID,PRODOTTO_ID,DATA,QUANTITA) values ('8335','34','136',to_date('05/10/2020','DD/MM/YYYY'),'10');
Insert into D40_ACQUISTO (ID,FORNITORE_ID,PRODOTTO_ID,DATA,QUANTITA) values ('8336','34','132',to_date('13/02/2021','DD/MM/YYYY'),'24');
Insert into D40_ACQUISTO (ID,FORNITORE_ID,PRODOTTO_ID,DATA,QUANTITA) values ('8337','34','15',to_date('25/08/2020','DD/MM/YYYY'),'21');
Insert into D40_ACQUISTO (ID,FORNITORE_ID,PRODOTTO_ID,DATA,QUANTITA) values ('8338','34','130',to_date('08/01/2021','DD/MM/YYYY'),'26');
Insert into D40_ACQUISTO (ID,FORNITORE_ID,PRODOTTO_ID,DATA,QUANTITA) values ('8339','34','82',to_date('20/06/2021','DD/MM/YYYY'),'17');
Insert into D40_ACQUISTO (ID,FORNITORE_ID,PRODOTTO_ID,DATA,QUANTITA) values ('8340','34','98',to_date('04/12/2020','DD/MM/YYYY'),'25');
Insert into D40_ACQUISTO (ID,FORNITORE_ID,PRODOTTO_ID,DATA,QUANTITA) values ('8341','34','64',to_date('05/12/2020','DD/MM/YYYY'),'19');
Insert into D40_ACQUISTO (ID,FORNITORE_ID,PRODOTTO_ID,DATA,QUANTITA) values ('8342','34','87',to_date('29/03/2021','DD/MM/YYYY'),'30');
Insert into D40_ACQUISTO (ID,FORNITORE_ID,PRODOTTO_ID,DATA,QUANTITA) values ('8343','34','88',to_date('06/08/2020','DD/MM/YYYY'),'22');
Insert into D40_ACQUISTO (ID,FORNITORE_ID,PRODOTTO_ID,DATA,QUANTITA) values ('8344','34','23',to_date('17/12/2020','DD/MM/YYYY'),'25');
Insert into D40_ACQUISTO (ID,FORNITORE_ID,PRODOTTO_ID,DATA,QUANTITA) values ('8345','34','56',to_date('29/06/2021','DD/MM/YYYY'),'19');
Insert into D40_ACQUISTO (ID,FORNITORE_ID,PRODOTTO_ID,DATA,QUANTITA) values ('8346','34','139',to_date('19/02/2021','DD/MM/YYYY'),'18');
Insert into D40_ACQUISTO (ID,FORNITORE_ID,PRODOTTO_ID,DATA,QUANTITA) values ('8347','34','122',to_date('26/03/2021','DD/MM/YYYY'),'26');
Insert into D40_ACQUISTO (ID,FORNITORE_ID,PRODOTTO_ID,DATA,QUANTITA) values ('8348','34','61',to_date('02/04/2021','DD/MM/YYYY'),'24');
Insert into D40_ACQUISTO (ID,FORNITORE_ID,PRODOTTO_ID,DATA,QUANTITA) values ('8349','34','69',to_date('10/01/2021','DD/MM/YYYY'),'15');
Insert into D40_ACQUISTO (ID,FORNITORE_ID,PRODOTTO_ID,DATA,QUANTITA) values ('8350','34','72',to_date('12/09/2020','DD/MM/YYYY'),'19');
Insert into D40_ACQUISTO (ID,FORNITORE_ID,PRODOTTO_ID,DATA,QUANTITA) values ('8351','34','45',to_date('25/11/2020','DD/MM/YYYY'),'24');
Insert into D40_ACQUISTO (ID,FORNITORE_ID,PRODOTTO_ID,DATA,QUANTITA) values ('8352','34','129',to_date('03/09/2020','DD/MM/YYYY'),'27');
Insert into D40_ACQUISTO (ID,FORNITORE_ID,PRODOTTO_ID,DATA,QUANTITA) values ('8353','34','29',to_date('10/10/2020','DD/MM/YYYY'),'28');
Insert into D40_ACQUISTO (ID,FORNITORE_ID,PRODOTTO_ID,DATA,QUANTITA) values ('8354','34','64',to_date('06/09/2020','DD/MM/YYYY'),'14');
Insert into D40_ACQUISTO (ID,FORNITORE_ID,PRODOTTO_ID,DATA,QUANTITA) values ('8355','34','40',to_date('28/07/2020','DD/MM/YYYY'),'24');
Insert into D40_ACQUISTO (ID,FORNITORE_ID,PRODOTTO_ID,DATA,QUANTITA) values ('8356','34','47',to_date('29/11/2020','DD/MM/YYYY'),'25');
Insert into D40_ACQUISTO (ID,FORNITORE_ID,PRODOTTO_ID,DATA,QUANTITA) values ('8357','35','143',to_date('06/07/2021','DD/MM/YYYY'),'23');
Insert into D40_ACQUISTO (ID,FORNITORE_ID,PRODOTTO_ID,DATA,QUANTITA) values ('8358','35','69',to_date('02/09/2020','DD/MM/YYYY'),'27');
Insert into D40_ACQUISTO (ID,FORNITORE_ID,PRODOTTO_ID,DATA,QUANTITA) values ('8359','35','31',to_date('23/12/2020','DD/MM/YYYY'),'29');
Insert into D40_ACQUISTO (ID,FORNITORE_ID,PRODOTTO_ID,DATA,QUANTITA) values ('8360','35','61',to_date('14/07/2020','DD/MM/YYYY'),'26');
Insert into D40_ACQUISTO (ID,FORNITORE_ID,PRODOTTO_ID,DATA,QUANTITA) values ('8361','35','120',to_date('10/12/2020','DD/MM/YYYY'),'30');
Insert into D40_ACQUISTO (ID,FORNITORE_ID,PRODOTTO_ID,DATA,QUANTITA) values ('8362','35','103',to_date('19/06/2021','DD/MM/YYYY'),'17');
Insert into D40_ACQUISTO (ID,FORNITORE_ID,PRODOTTO_ID,DATA,QUANTITA) values ('8363','35','12',to_date('30/08/2020','DD/MM/YYYY'),'21');
Insert into D40_ACQUISTO (ID,FORNITORE_ID,PRODOTTO_ID,DATA,QUANTITA) values ('8364','35','122',to_date('18/04/2021','DD/MM/YYYY'),'11');
Insert into D40_ACQUISTO (ID,FORNITORE_ID,PRODOTTO_ID,DATA,QUANTITA) values ('8365','35','39',to_date('16/06/2021','DD/MM/YYYY'),'23');
Insert into D40_ACQUISTO (ID,FORNITORE_ID,PRODOTTO_ID,DATA,QUANTITA) values ('8366','35','42',to_date('08/06/2021','DD/MM/YYYY'),'22');
Insert into D40_ACQUISTO (ID,FORNITORE_ID,PRODOTTO_ID,DATA,QUANTITA) values ('8367','35','95',to_date('09/03/2021','DD/MM/YYYY'),'15');
Insert into D40_ACQUISTO (ID,FORNITORE_ID,PRODOTTO_ID,DATA,QUANTITA) values ('8368','35','138',to_date('29/09/2020','DD/MM/YYYY'),'10');
Insert into D40_ACQUISTO (ID,FORNITORE_ID,PRODOTTO_ID,DATA,QUANTITA) values ('8369','35','19',to_date('02/04/2021','DD/MM/YYYY'),'27');
Insert into D40_ACQUISTO (ID,FORNITORE_ID,PRODOTTO_ID,DATA,QUANTITA) values ('8370','35','102',to_date('26/04/2021','DD/MM/YYYY'),'29');
Insert into D40_ACQUISTO (ID,FORNITORE_ID,PRODOTTO_ID,DATA,QUANTITA) values ('8371','35','40',to_date('09/12/2020','DD/MM/YYYY'),'30');
Insert into D40_ACQUISTO (ID,FORNITORE_ID,PRODOTTO_ID,DATA,QUANTITA) values ('8372','35','20',to_date('11/03/2021','DD/MM/YYYY'),'18');
Insert into D40_ACQUISTO (ID,FORNITORE_ID,PRODOTTO_ID,DATA,QUANTITA) values ('8373','35','21',to_date('28/07/2020','DD/MM/YYYY'),'12');
Insert into D40_ACQUISTO (ID,FORNITORE_ID,PRODOTTO_ID,DATA,QUANTITA) values ('8374','35','130',to_date('18/08/2020','DD/MM/YYYY'),'14');
Insert into D40_ACQUISTO (ID,FORNITORE_ID,PRODOTTO_ID,DATA,QUANTITA) values ('8375','35','10',to_date('05/05/2021','DD/MM/YYYY'),'23');
Insert into D40_ACQUISTO (ID,FORNITORE_ID,PRODOTTO_ID,DATA,QUANTITA) values ('8376','35','51',to_date('08/09/2020','DD/MM/YYYY'),'28');
Insert into D40_ACQUISTO (ID,FORNITORE_ID,PRODOTTO_ID,DATA,QUANTITA) values ('8377','35','39',to_date('07/10/2020','DD/MM/YYYY'),'27');
Insert into D40_ACQUISTO (ID,FORNITORE_ID,PRODOTTO_ID,DATA,QUANTITA) values ('8378','35','110',to_date('18/07/2020','DD/MM/YYYY'),'28');
Insert into D40_ACQUISTO (ID,FORNITORE_ID,PRODOTTO_ID,DATA,QUANTITA) values ('8379','35','108',to_date('17/01/2021','DD/MM/YYYY'),'26');
Insert into D40_ACQUISTO (ID,FORNITORE_ID,PRODOTTO_ID,DATA,QUANTITA) values ('8380','35','119',to_date('18/05/2021','DD/MM/YYYY'),'27');
Insert into D40_ACQUISTO (ID,FORNITORE_ID,PRODOTTO_ID,DATA,QUANTITA) values ('8381','35','72',to_date('01/03/2021','DD/MM/YYYY'),'25');
Insert into D40_ACQUISTO (ID,FORNITORE_ID,PRODOTTO_ID,DATA,QUANTITA) values ('8382','35','101',to_date('27/01/2021','DD/MM/YYYY'),'27');
Insert into D40_ACQUISTO (ID,FORNITORE_ID,PRODOTTO_ID,DATA,QUANTITA) values ('8383','35','146',to_date('07/07/2021','DD/MM/YYYY'),'10');
Insert into D40_ACQUISTO (ID,FORNITORE_ID,PRODOTTO_ID,DATA,QUANTITA) values ('8384','35','42',to_date('05/06/2021','DD/MM/YYYY'),'29');
Insert into D40_ACQUISTO (ID,FORNITORE_ID,PRODOTTO_ID,DATA,QUANTITA) values ('8385','35','10',to_date('06/05/2021','DD/MM/YYYY'),'24');
Insert into D40_ACQUISTO (ID,FORNITORE_ID,PRODOTTO_ID,DATA,QUANTITA) values ('8386','35','15',to_date('01/10/2020','DD/MM/YYYY'),'22');
Insert into D40_ACQUISTO (ID,FORNITORE_ID,PRODOTTO_ID,DATA,QUANTITA) values ('8387','35','84',to_date('02/10/2020','DD/MM/YYYY'),'28');
Insert into D40_ACQUISTO (ID,FORNITORE_ID,PRODOTTO_ID,DATA,QUANTITA) values ('8388','35','85',to_date('27/03/2021','DD/MM/YYYY'),'25');
Insert into D40_ACQUISTO (ID,FORNITORE_ID,PRODOTTO_ID,DATA,QUANTITA) values ('8389','35','123',to_date('09/10/2020','DD/MM/YYYY'),'10');
Insert into D40_ACQUISTO (ID,FORNITORE_ID,PRODOTTO_ID,DATA,QUANTITA) values ('8390','35','102',to_date('02/12/2020','DD/MM/YYYY'),'27');
Insert into D40_ACQUISTO (ID,FORNITORE_ID,PRODOTTO_ID,DATA,QUANTITA) values ('8391','35','146',to_date('08/03/2021','DD/MM/YYYY'),'30');
Insert into D40_ACQUISTO (ID,FORNITORE_ID,PRODOTTO_ID,DATA,QUANTITA) values ('8392','35','78',to_date('10/08/2020','DD/MM/YYYY'),'18');
Insert into D40_ACQUISTO (ID,FORNITORE_ID,PRODOTTO_ID,DATA,QUANTITA) values ('8393','35','84',to_date('17/01/2021','DD/MM/YYYY'),'30');
Insert into D40_ACQUISTO (ID,FORNITORE_ID,PRODOTTO_ID,DATA,QUANTITA) values ('8394','35','106',to_date('26/04/2021','DD/MM/YYYY'),'14');
Insert into D40_ACQUISTO (ID,FORNITORE_ID,PRODOTTO_ID,DATA,QUANTITA) values ('8395','35','108',to_date('14/04/2021','DD/MM/YYYY'),'17');
Insert into D40_ACQUISTO (ID,FORNITORE_ID,PRODOTTO_ID,DATA,QUANTITA) values ('8396','36','44',to_date('29/11/2020','DD/MM/YYYY'),'13');
Insert into D40_ACQUISTO (ID,FORNITORE_ID,PRODOTTO_ID,DATA,QUANTITA) values ('8397','36','118',to_date('01/07/2021','DD/MM/YYYY'),'12');
Insert into D40_ACQUISTO (ID,FORNITORE_ID,PRODOTTO_ID,DATA,QUANTITA) values ('8398','36','137',to_date('12/04/2021','DD/MM/YYYY'),'16');
Insert into D40_ACQUISTO (ID,FORNITORE_ID,PRODOTTO_ID,DATA,QUANTITA) values ('8399','36','132',to_date('19/01/2021','DD/MM/YYYY'),'30');
Insert into D40_ACQUISTO (ID,FORNITORE_ID,PRODOTTO_ID,DATA,QUANTITA) values ('8400','36','148',to_date('28/07/2020','DD/MM/YYYY'),'16');
Insert into D40_ACQUISTO (ID,FORNITORE_ID,PRODOTTO_ID,DATA,QUANTITA) values ('8401','36','142',to_date('06/06/2021','DD/MM/YYYY'),'30');
Insert into D40_ACQUISTO (ID,FORNITORE_ID,PRODOTTO_ID,DATA,QUANTITA) values ('8402','36','79',to_date('19/04/2021','DD/MM/YYYY'),'16');
Insert into D40_ACQUISTO (ID,FORNITORE_ID,PRODOTTO_ID,DATA,QUANTITA) values ('8403','36','83',to_date('11/05/2021','DD/MM/YYYY'),'25');
Insert into D40_ACQUISTO (ID,FORNITORE_ID,PRODOTTO_ID,DATA,QUANTITA) values ('8404','36','4',to_date('09/05/2021','DD/MM/YYYY'),'23');
Insert into D40_ACQUISTO (ID,FORNITORE_ID,PRODOTTO_ID,DATA,QUANTITA) values ('8405','36','108',to_date('14/07/2020','DD/MM/YYYY'),'13');
Insert into D40_ACQUISTO (ID,FORNITORE_ID,PRODOTTO_ID,DATA,QUANTITA) values ('8406','36','93',to_date('11/08/2020','DD/MM/YYYY'),'25');
Insert into D40_ACQUISTO (ID,FORNITORE_ID,PRODOTTO_ID,DATA,QUANTITA) values ('8407','36','142',to_date('18/05/2021','DD/MM/YYYY'),'24');
Insert into D40_ACQUISTO (ID,FORNITORE_ID,PRODOTTO_ID,DATA,QUANTITA) values ('8408','36','101',to_date('22/10/2020','DD/MM/YYYY'),'18');
Insert into D40_ACQUISTO (ID,FORNITORE_ID,PRODOTTO_ID,DATA,QUANTITA) values ('8409','36','52',to_date('28/01/2021','DD/MM/YYYY'),'17');
Insert into D40_ACQUISTO (ID,FORNITORE_ID,PRODOTTO_ID,DATA,QUANTITA) values ('8410','36','21',to_date('08/03/2021','DD/MM/YYYY'),'19');
Insert into D40_ACQUISTO (ID,FORNITORE_ID,PRODOTTO_ID,DATA,QUANTITA) values ('8411','36','25',to_date('19/01/2021','DD/MM/YYYY'),'18');
Insert into D40_ACQUISTO (ID,FORNITORE_ID,PRODOTTO_ID,DATA,QUANTITA) values ('8412','36','64',to_date('27/11/2020','DD/MM/YYYY'),'25');
Insert into D40_ACQUISTO (ID,FORNITORE_ID,PRODOTTO_ID,DATA,QUANTITA) values ('8413','36','121',to_date('14/09/2020','DD/MM/YYYY'),'24');
Insert into D40_ACQUISTO (ID,FORNITORE_ID,PRODOTTO_ID,DATA,QUANTITA) values ('8414','36','56',to_date('28/02/2021','DD/MM/YYYY'),'23');
Insert into D40_ACQUISTO (ID,FORNITORE_ID,PRODOTTO_ID,DATA,QUANTITA) values ('8415','36','55',to_date('06/05/2021','DD/MM/YYYY'),'19');
Insert into D40_ACQUISTO (ID,FORNITORE_ID,PRODOTTO_ID,DATA,QUANTITA) values ('8416','36','140',to_date('23/12/2020','DD/MM/YYYY'),'20');
Insert into D40_ACQUISTO (ID,FORNITORE_ID,PRODOTTO_ID,DATA,QUANTITA) values ('8417','36','142',to_date('12/12/2020','DD/MM/YYYY'),'18');
Insert into D40_ACQUISTO (ID,FORNITORE_ID,PRODOTTO_ID,DATA,QUANTITA) values ('8418','36','131',to_date('28/01/2021','DD/MM/YYYY'),'25');
Insert into D40_ACQUISTO (ID,FORNITORE_ID,PRODOTTO_ID,DATA,QUANTITA) values ('8419','36','111',to_date('11/10/2020','DD/MM/YYYY'),'27');
Insert into D40_ACQUISTO (ID,FORNITORE_ID,PRODOTTO_ID,DATA,QUANTITA) values ('8420','36','56',to_date('21/11/2020','DD/MM/YYYY'),'13');
Insert into D40_ACQUISTO (ID,FORNITORE_ID,PRODOTTO_ID,DATA,QUANTITA) values ('8421','36','35',to_date('21/05/2021','DD/MM/YYYY'),'12');
Insert into D40_ACQUISTO (ID,FORNITORE_ID,PRODOTTO_ID,DATA,QUANTITA) values ('8422','36','70',to_date('21/07/2020','DD/MM/YYYY'),'11');
Insert into D40_ACQUISTO (ID,FORNITORE_ID,PRODOTTO_ID,DATA,QUANTITA) values ('8423','36','21',to_date('24/10/2020','DD/MM/YYYY'),'28');


--REM INSERTING into D40_VENDITA
--SET DEFINE OFF;
Insert into D40_VENDITA (ID,CLIENTE_ID,PRODOTTO_ID,DATA,QUANTITA) values ('1','14','87',to_date('19/10/2020','DD/MM/YYYY'),'15');
Insert into D40_VENDITA (ID,CLIENTE_ID,PRODOTTO_ID,DATA,QUANTITA) values ('2','21','115',to_date('04/07/2021','DD/MM/YYYY'),'15');
Insert into D40_VENDITA (ID,CLIENTE_ID,PRODOTTO_ID,DATA,QUANTITA) values ('3','18','2',to_date('10/02/2021','DD/MM/YYYY'),'25');
Insert into D40_VENDITA (ID,CLIENTE_ID,PRODOTTO_ID,DATA,QUANTITA) values ('4','4','122',to_date('16/08/2020','DD/MM/YYYY'),'12');
Insert into D40_VENDITA (ID,CLIENTE_ID,PRODOTTO_ID,DATA,QUANTITA) values ('5','15','22',to_date('30/09/2020','DD/MM/YYYY'),'11');
Insert into D40_VENDITA (ID,CLIENTE_ID,PRODOTTO_ID,DATA,QUANTITA) values ('6','3','99',to_date('10/11/2020','DD/MM/YYYY'),'15');
Insert into D40_VENDITA (ID,CLIENTE_ID,PRODOTTO_ID,DATA,QUANTITA) values ('7','5','112',to_date('06/02/2021','DD/MM/YYYY'),'15');
Insert into D40_VENDITA (ID,CLIENTE_ID,PRODOTTO_ID,DATA,QUANTITA) values ('8','9','104',to_date('16/05/2021','DD/MM/YYYY'),'29');
Insert into D40_VENDITA (ID,CLIENTE_ID,PRODOTTO_ID,DATA,QUANTITA) values ('9','19','64',to_date('21/04/2021','DD/MM/YYYY'),'19');
Insert into D40_VENDITA (ID,CLIENTE_ID,PRODOTTO_ID,DATA,QUANTITA) values ('10','16','2',to_date('14/10/2020','DD/MM/YYYY'),'12');
Insert into D40_VENDITA (ID,CLIENTE_ID,PRODOTTO_ID,DATA,QUANTITA) values ('11','2','114',to_date('07/03/2021','DD/MM/YYYY'),'26');
Insert into D40_VENDITA (ID,CLIENTE_ID,PRODOTTO_ID,DATA,QUANTITA) values ('12','17','23',to_date('25/01/2021','DD/MM/YYYY'),'20');
Insert into D40_VENDITA (ID,CLIENTE_ID,PRODOTTO_ID,DATA,QUANTITA) values ('13','18','64',to_date('09/03/2021','DD/MM/YYYY'),'20');
Insert into D40_VENDITA (ID,CLIENTE_ID,PRODOTTO_ID,DATA,QUANTITA) values ('14','21','128',to_date('22/09/2020','DD/MM/YYYY'),'16');
Insert into D40_VENDITA (ID,CLIENTE_ID,PRODOTTO_ID,DATA,QUANTITA) values ('15','25','26',to_date('12/07/2021','DD/MM/YYYY'),'24');
Insert into D40_VENDITA (ID,CLIENTE_ID,PRODOTTO_ID,DATA,QUANTITA) values ('16','3','35',to_date('08/06/2021','DD/MM/YYYY'),'12');
Insert into D40_VENDITA (ID,CLIENTE_ID,PRODOTTO_ID,DATA,QUANTITA) values ('17','18','97',to_date('17/09/2020','DD/MM/YYYY'),'27');
Insert into D40_VENDITA (ID,CLIENTE_ID,PRODOTTO_ID,DATA,QUANTITA) values ('18','9','5',to_date('11/07/2021','DD/MM/YYYY'),'17');
Insert into D40_VENDITA (ID,CLIENTE_ID,PRODOTTO_ID,DATA,QUANTITA) values ('19','21','44',to_date('29/01/2021','DD/MM/YYYY'),'17');
Insert into D40_VENDITA (ID,CLIENTE_ID,PRODOTTO_ID,DATA,QUANTITA) values ('20','12','87',to_date('31/03/2021','DD/MM/YYYY'),'30');
Insert into D40_VENDITA (ID,CLIENTE_ID,PRODOTTO_ID,DATA,QUANTITA) values ('21','21','38',to_date('23/06/2021','DD/MM/YYYY'),'11');
Insert into D40_VENDITA (ID,CLIENTE_ID,PRODOTTO_ID,DATA,QUANTITA) values ('22','15','131',to_date('13/07/2021','DD/MM/YYYY'),'28');
Insert into D40_VENDITA (ID,CLIENTE_ID,PRODOTTO_ID,DATA,QUANTITA) values ('23','24','63',to_date('25/06/2021','DD/MM/YYYY'),'23');
Insert into D40_VENDITA (ID,CLIENTE_ID,PRODOTTO_ID,DATA,QUANTITA) values ('24','4','67',to_date('31/03/2021','DD/MM/YYYY'),'12');
Insert into D40_VENDITA (ID,CLIENTE_ID,PRODOTTO_ID,DATA,QUANTITA) values ('25','17','35',to_date('05/10/2020','DD/MM/YYYY'),'13');
Insert into D40_VENDITA (ID,CLIENTE_ID,PRODOTTO_ID,DATA,QUANTITA) values ('26','6','133',to_date('03/03/2021','DD/MM/YYYY'),'21');
Insert into D40_VENDITA (ID,CLIENTE_ID,PRODOTTO_ID,DATA,QUANTITA) values ('27','4','62',to_date('01/06/2021','DD/MM/YYYY'),'23');
Insert into D40_VENDITA (ID,CLIENTE_ID,PRODOTTO_ID,DATA,QUANTITA) values ('28','21','88',to_date('22/08/2020','DD/MM/YYYY'),'22');
Insert into D40_VENDITA (ID,CLIENTE_ID,PRODOTTO_ID,DATA,QUANTITA) values ('29','12','75',to_date('13/10/2020','DD/MM/YYYY'),'21');
Insert into D40_VENDITA (ID,CLIENTE_ID,PRODOTTO_ID,DATA,QUANTITA) values ('30','25','14',to_date('05/10/2020','DD/MM/YYYY'),'15');
Insert into D40_VENDITA (ID,CLIENTE_ID,PRODOTTO_ID,DATA,QUANTITA) values ('31','18','12',to_date('21/02/2021','DD/MM/YYYY'),'25');
Insert into D40_VENDITA (ID,CLIENTE_ID,PRODOTTO_ID,DATA,QUANTITA) values ('32','16','129',to_date('13/09/2020','DD/MM/YYYY'),'29');
Insert into D40_VENDITA (ID,CLIENTE_ID,PRODOTTO_ID,DATA,QUANTITA) values ('33','1','133',to_date('03/06/2021','DD/MM/YYYY'),'28');
Insert into D40_VENDITA (ID,CLIENTE_ID,PRODOTTO_ID,DATA,QUANTITA) values ('34','11','117',to_date('17/08/2020','DD/MM/YYYY'),'28');
Insert into D40_VENDITA (ID,CLIENTE_ID,PRODOTTO_ID,DATA,QUANTITA) values ('35','2','71',to_date('20/12/2020','DD/MM/YYYY'),'28');
Insert into D40_VENDITA (ID,CLIENTE_ID,PRODOTTO_ID,DATA,QUANTITA) values ('36','1','94',to_date('28/09/2020','DD/MM/YYYY'),'16');
Insert into D40_VENDITA (ID,CLIENTE_ID,PRODOTTO_ID,DATA,QUANTITA) values ('37','2','141',to_date('21/04/2021','DD/MM/YYYY'),'17');
Insert into D40_VENDITA (ID,CLIENTE_ID,PRODOTTO_ID,DATA,QUANTITA) values ('38','17','79',to_date('30/10/2020','DD/MM/YYYY'),'19');
Insert into D40_VENDITA (ID,CLIENTE_ID,PRODOTTO_ID,DATA,QUANTITA) values ('39','18','88',to_date('29/11/2020','DD/MM/YYYY'),'30');
Insert into D40_VENDITA (ID,CLIENTE_ID,PRODOTTO_ID,DATA,QUANTITA) values ('40','15','27',to_date('08/11/2020','DD/MM/YYYY'),'23');
Insert into D40_VENDITA (ID,CLIENTE_ID,PRODOTTO_ID,DATA,QUANTITA) values ('41','23','99',to_date('02/10/2020','DD/MM/YYYY'),'21');
Insert into D40_VENDITA (ID,CLIENTE_ID,PRODOTTO_ID,DATA,QUANTITA) values ('42','10','95',to_date('08/03/2021','DD/MM/YYYY'),'21');
Insert into D40_VENDITA (ID,CLIENTE_ID,PRODOTTO_ID,DATA,QUANTITA) values ('43','4','10',to_date('04/06/2021','DD/MM/YYYY'),'24');
Insert into D40_VENDITA (ID,CLIENTE_ID,PRODOTTO_ID,DATA,QUANTITA) values ('44','7','45',to_date('22/09/2020','DD/MM/YYYY'),'15');
Insert into D40_VENDITA (ID,CLIENTE_ID,PRODOTTO_ID,DATA,QUANTITA) values ('45','14','43',to_date('26/03/2021','DD/MM/YYYY'),'26');
Insert into D40_VENDITA (ID,CLIENTE_ID,PRODOTTO_ID,DATA,QUANTITA) values ('46','10','42',to_date('20/11/2020','DD/MM/YYYY'),'28');
Insert into D40_VENDITA (ID,CLIENTE_ID,PRODOTTO_ID,DATA,QUANTITA) values ('47','23','76',to_date('01/02/2021','DD/MM/YYYY'),'24');
Insert into D40_VENDITA (ID,CLIENTE_ID,PRODOTTO_ID,DATA,QUANTITA) values ('48','24','85',to_date('02/03/2021','DD/MM/YYYY'),'22');
Insert into D40_VENDITA (ID,CLIENTE_ID,PRODOTTO_ID,DATA,QUANTITA) values ('49','10','38',to_date('06/09/2020','DD/MM/YYYY'),'23');
Insert into D40_VENDITA (ID,CLIENTE_ID,PRODOTTO_ID,DATA,QUANTITA) values ('50','5','29',to_date('12/01/2021','DD/MM/YYYY'),'30');
Insert into D40_VENDITA (ID,CLIENTE_ID,PRODOTTO_ID,DATA,QUANTITA) values ('51','21','23',to_date('02/01/2021','DD/MM/YYYY'),'25');
Insert into D40_VENDITA (ID,CLIENTE_ID,PRODOTTO_ID,DATA,QUANTITA) values ('52','17','26',to_date('03/01/2021','DD/MM/YYYY'),'29');
Insert into D40_VENDITA (ID,CLIENTE_ID,PRODOTTO_ID,DATA,QUANTITA) values ('53','2','46',to_date('06/07/2021','DD/MM/YYYY'),'12');
Insert into D40_VENDITA (ID,CLIENTE_ID,PRODOTTO_ID,DATA,QUANTITA) values ('54','21','85',to_date('02/12/2020','DD/MM/YYYY'),'28');
Insert into D40_VENDITA (ID,CLIENTE_ID,PRODOTTO_ID,DATA,QUANTITA) values ('55','19','38',to_date('03/07/2021','DD/MM/YYYY'),'10');
Insert into D40_VENDITA (ID,CLIENTE_ID,PRODOTTO_ID,DATA,QUANTITA) values ('56','1','3',to_date('04/01/2021','DD/MM/YYYY'),'18');
Insert into D40_VENDITA (ID,CLIENTE_ID,PRODOTTO_ID,DATA,QUANTITA) values ('57','13','53',to_date('08/03/2021','DD/MM/YYYY'),'16');
Insert into D40_VENDITA (ID,CLIENTE_ID,PRODOTTO_ID,DATA,QUANTITA) values ('58','20','149',to_date('12/09/2020','DD/MM/YYYY'),'15');
Insert into D40_VENDITA (ID,CLIENTE_ID,PRODOTTO_ID,DATA,QUANTITA) values ('59','11','119',to_date('06/04/2021','DD/MM/YYYY'),'28');
Insert into D40_VENDITA (ID,CLIENTE_ID,PRODOTTO_ID,DATA,QUANTITA) values ('60','3','43',to_date('04/12/2020','DD/MM/YYYY'),'21');
Insert into D40_VENDITA (ID,CLIENTE_ID,PRODOTTO_ID,DATA,QUANTITA) values ('61','13','56',to_date('17/07/2021','DD/MM/YYYY'),'19');
Insert into D40_VENDITA (ID,CLIENTE_ID,PRODOTTO_ID,DATA,QUANTITA) values ('62','15','89',to_date('28/05/2021','DD/MM/YYYY'),'11');
Insert into D40_VENDITA (ID,CLIENTE_ID,PRODOTTO_ID,DATA,QUANTITA) values ('63','16','79',to_date('28/05/2021','DD/MM/YYYY'),'26');
Insert into D40_VENDITA (ID,CLIENTE_ID,PRODOTTO_ID,DATA,QUANTITA) values ('64','8','64',to_date('18/04/2021','DD/MM/YYYY'),'19');
Insert into D40_VENDITA (ID,CLIENTE_ID,PRODOTTO_ID,DATA,QUANTITA) values ('65','14','70',to_date('08/08/2020','DD/MM/YYYY'),'11');
Insert into D40_VENDITA (ID,CLIENTE_ID,PRODOTTO_ID,DATA,QUANTITA) values ('66','7','139',to_date('16/03/2021','DD/MM/YYYY'),'18');
Insert into D40_VENDITA (ID,CLIENTE_ID,PRODOTTO_ID,DATA,QUANTITA) values ('67','17','53',to_date('15/07/2021','DD/MM/YYYY'),'19');
Insert into D40_VENDITA (ID,CLIENTE_ID,PRODOTTO_ID,DATA,QUANTITA) values ('68','11','30',to_date('06/12/2020','DD/MM/YYYY'),'14');
Insert into D40_VENDITA (ID,CLIENTE_ID,PRODOTTO_ID,DATA,QUANTITA) values ('69','2','2',to_date('05/01/2021','DD/MM/YYYY'),'22');
Insert into D40_VENDITA (ID,CLIENTE_ID,PRODOTTO_ID,DATA,QUANTITA) values ('70','18','36',to_date('11/11/2020','DD/MM/YYYY'),'14');
Insert into D40_VENDITA (ID,CLIENTE_ID,PRODOTTO_ID,DATA,QUANTITA) values ('71','3','68',to_date('26/08/2020','DD/MM/YYYY'),'24');
Insert into D40_VENDITA (ID,CLIENTE_ID,PRODOTTO_ID,DATA,QUANTITA) values ('72','3','102',to_date('20/07/2020','DD/MM/YYYY'),'17');
Insert into D40_VENDITA (ID,CLIENTE_ID,PRODOTTO_ID,DATA,QUANTITA) values ('73','10','27',to_date('13/09/2020','DD/MM/YYYY'),'22');
Insert into D40_VENDITA (ID,CLIENTE_ID,PRODOTTO_ID,DATA,QUANTITA) values ('74','13','21',to_date('02/11/2020','DD/MM/YYYY'),'28');
Insert into D40_VENDITA (ID,CLIENTE_ID,PRODOTTO_ID,DATA,QUANTITA) values ('75','19','28',to_date('02/11/2020','DD/MM/YYYY'),'15');
Insert into D40_VENDITA (ID,CLIENTE_ID,PRODOTTO_ID,DATA,QUANTITA) values ('76','19','26',to_date('09/07/2021','DD/MM/YYYY'),'18');
Insert into D40_VENDITA (ID,CLIENTE_ID,PRODOTTO_ID,DATA,QUANTITA) values ('77','22','113',to_date('25/07/2021','DD/MM/YYYY'),'24');
Insert into D40_VENDITA (ID,CLIENTE_ID,PRODOTTO_ID,DATA,QUANTITA) values ('78','4','41',to_date('24/07/2020','DD/MM/YYYY'),'25');
Insert into D40_VENDITA (ID,CLIENTE_ID,PRODOTTO_ID,DATA,QUANTITA) values ('79','24','54',to_date('27/12/2020','DD/MM/YYYY'),'21');
Insert into D40_VENDITA (ID,CLIENTE_ID,PRODOTTO_ID,DATA,QUANTITA) values ('80','7','88',to_date('14/10/2020','DD/MM/YYYY'),'18');
Insert into D40_VENDITA (ID,CLIENTE_ID,PRODOTTO_ID,DATA,QUANTITA) values ('81','9','131',to_date('23/05/2021','DD/MM/YYYY'),'24');
Insert into D40_VENDITA (ID,CLIENTE_ID,PRODOTTO_ID,DATA,QUANTITA) values ('82','18','68',to_date('28/11/2020','DD/MM/YYYY'),'14');
Insert into D40_VENDITA (ID,CLIENTE_ID,PRODOTTO_ID,DATA,QUANTITA) values ('83','25','146',to_date('28/01/2021','DD/MM/YYYY'),'12');
Insert into D40_VENDITA (ID,CLIENTE_ID,PRODOTTO_ID,DATA,QUANTITA) values ('84','12','54',to_date('27/09/2020','DD/MM/YYYY'),'18');
Insert into D40_VENDITA (ID,CLIENTE_ID,PRODOTTO_ID,DATA,QUANTITA) values ('85','2','109',to_date('04/11/2020','DD/MM/YYYY'),'11');
Insert into D40_VENDITA (ID,CLIENTE_ID,PRODOTTO_ID,DATA,QUANTITA) values ('86','21','122',to_date('15/04/2021','DD/MM/YYYY'),'26');
Insert into D40_VENDITA (ID,CLIENTE_ID,PRODOTTO_ID,DATA,QUANTITA) values ('87','2','96',to_date('08/11/2020','DD/MM/YYYY'),'21');
Insert into D40_VENDITA (ID,CLIENTE_ID,PRODOTTO_ID,DATA,QUANTITA) values ('88','14','35',to_date('18/10/2020','DD/MM/YYYY'),'15');
Insert into D40_VENDITA (ID,CLIENTE_ID,PRODOTTO_ID,DATA,QUANTITA) values ('89','2','109',to_date('16/09/2020','DD/MM/YYYY'),'26');
Insert into D40_VENDITA (ID,CLIENTE_ID,PRODOTTO_ID,DATA,QUANTITA) values ('90','12','53',to_date('03/10/2020','DD/MM/YYYY'),'25');
Insert into D40_VENDITA (ID,CLIENTE_ID,PRODOTTO_ID,DATA,QUANTITA) values ('91','8','146',to_date('17/11/2020','DD/MM/YYYY'),'23');
Insert into D40_VENDITA (ID,CLIENTE_ID,PRODOTTO_ID,DATA,QUANTITA) values ('92','5','116',to_date('29/11/2020','DD/MM/YYYY'),'11');
Insert into D40_VENDITA (ID,CLIENTE_ID,PRODOTTO_ID,DATA,QUANTITA) values ('93','9','139',to_date('06/08/2020','DD/MM/YYYY'),'11');
Insert into D40_VENDITA (ID,CLIENTE_ID,PRODOTTO_ID,DATA,QUANTITA) values ('94','21','88',to_date('30/03/2021','DD/MM/YYYY'),'22');
Insert into D40_VENDITA (ID,CLIENTE_ID,PRODOTTO_ID,DATA,QUANTITA) values ('95','7','59',to_date('25/03/2021','DD/MM/YYYY'),'30');
Insert into D40_VENDITA (ID,CLIENTE_ID,PRODOTTO_ID,DATA,QUANTITA) values ('96','24','10',to_date('13/03/2021','DD/MM/YYYY'),'24');
Insert into D40_VENDITA (ID,CLIENTE_ID,PRODOTTO_ID,DATA,QUANTITA) values ('97','7','72',to_date('11/02/2021','DD/MM/YYYY'),'28');
Insert into D40_VENDITA (ID,CLIENTE_ID,PRODOTTO_ID,DATA,QUANTITA) values ('98','6','60',to_date('23/11/2020','DD/MM/YYYY'),'14');
Insert into D40_VENDITA (ID,CLIENTE_ID,PRODOTTO_ID,DATA,QUANTITA) values ('99','15','61',to_date('21/04/2021','DD/MM/YYYY'),'24');
Insert into D40_VENDITA (ID,CLIENTE_ID,PRODOTTO_ID,DATA,QUANTITA) values ('100','22','141',to_date('25/08/2020','DD/MM/YYYY'),'15');
Insert into D40_VENDITA (ID,CLIENTE_ID,PRODOTTO_ID,DATA,QUANTITA) values ('101','23','112',to_date('09/11/2020','DD/MM/YYYY'),'26');
Insert into D40_VENDITA (ID,CLIENTE_ID,PRODOTTO_ID,DATA,QUANTITA) values ('102','16','140',to_date('23/02/2021','DD/MM/YYYY'),'19');
Insert into D40_VENDITA (ID,CLIENTE_ID,PRODOTTO_ID,DATA,QUANTITA) values ('103','16','147',to_date('02/07/2021','DD/MM/YYYY'),'16');
Insert into D40_VENDITA (ID,CLIENTE_ID,PRODOTTO_ID,DATA,QUANTITA) values ('104','19','50',to_date('06/04/2021','DD/MM/YYYY'),'26');
Insert into D40_VENDITA (ID,CLIENTE_ID,PRODOTTO_ID,DATA,QUANTITA) values ('105','4','124',to_date('24/12/2020','DD/MM/YYYY'),'25');
Insert into D40_VENDITA (ID,CLIENTE_ID,PRODOTTO_ID,DATA,QUANTITA) values ('106','14','140',to_date('05/02/2021','DD/MM/YYYY'),'13');
Insert into D40_VENDITA (ID,CLIENTE_ID,PRODOTTO_ID,DATA,QUANTITA) values ('107','18','143',to_date('27/05/2021','DD/MM/YYYY'),'19');
Insert into D40_VENDITA (ID,CLIENTE_ID,PRODOTTO_ID,DATA,QUANTITA) values ('108','10','59',to_date('24/01/2021','DD/MM/YYYY'),'17');
Insert into D40_VENDITA (ID,CLIENTE_ID,PRODOTTO_ID,DATA,QUANTITA) values ('109','11','101',to_date('09/10/2020','DD/MM/YYYY'),'17');
Insert into D40_VENDITA (ID,CLIENTE_ID,PRODOTTO_ID,DATA,QUANTITA) values ('110','19','124',to_date('20/11/2020','DD/MM/YYYY'),'14');
Insert into D40_VENDITA (ID,CLIENTE_ID,PRODOTTO_ID,DATA,QUANTITA) values ('111','9','69',to_date('20/01/2021','DD/MM/YYYY'),'15');
Insert into D40_VENDITA (ID,CLIENTE_ID,PRODOTTO_ID,DATA,QUANTITA) values ('112','9','20',to_date('13/04/2021','DD/MM/YYYY'),'21');
Insert into D40_VENDITA (ID,CLIENTE_ID,PRODOTTO_ID,DATA,QUANTITA) values ('113','21','29',to_date('31/07/2020','DD/MM/YYYY'),'13');
Insert into D40_VENDITA (ID,CLIENTE_ID,PRODOTTO_ID,DATA,QUANTITA) values ('114','14','51',to_date('23/04/2021','DD/MM/YYYY'),'28');
Insert into D40_VENDITA (ID,CLIENTE_ID,PRODOTTO_ID,DATA,QUANTITA) values ('115','19','15',to_date('30/10/2020','DD/MM/YYYY'),'22');
Insert into D40_VENDITA (ID,CLIENTE_ID,PRODOTTO_ID,DATA,QUANTITA) values ('116','18','32',to_date('14/03/2021','DD/MM/YYYY'),'16');
Insert into D40_VENDITA (ID,CLIENTE_ID,PRODOTTO_ID,DATA,QUANTITA) values ('117','9','107',to_date('12/03/2021','DD/MM/YYYY'),'13');
Insert into D40_VENDITA (ID,CLIENTE_ID,PRODOTTO_ID,DATA,QUANTITA) values ('118','6','147',to_date('23/12/2020','DD/MM/YYYY'),'26');
Insert into D40_VENDITA (ID,CLIENTE_ID,PRODOTTO_ID,DATA,QUANTITA) values ('119','1','122',to_date('27/09/2020','DD/MM/YYYY'),'13');
Insert into D40_VENDITA (ID,CLIENTE_ID,PRODOTTO_ID,DATA,QUANTITA) values ('120','11','37',to_date('22/09/2020','DD/MM/YYYY'),'12');
Insert into D40_VENDITA (ID,CLIENTE_ID,PRODOTTO_ID,DATA,QUANTITA) values ('121','4','83',to_date('27/10/2020','DD/MM/YYYY'),'27');
Insert into D40_VENDITA (ID,CLIENTE_ID,PRODOTTO_ID,DATA,QUANTITA) values ('122','19','9',to_date('02/04/2021','DD/MM/YYYY'),'15');
Insert into D40_VENDITA (ID,CLIENTE_ID,PRODOTTO_ID,DATA,QUANTITA) values ('123','1','96',to_date('20/08/2020','DD/MM/YYYY'),'24');
Insert into D40_VENDITA (ID,CLIENTE_ID,PRODOTTO_ID,DATA,QUANTITA) values ('124','4','58',to_date('01/07/2021','DD/MM/YYYY'),'23');
Insert into D40_VENDITA (ID,CLIENTE_ID,PRODOTTO_ID,DATA,QUANTITA) values ('125','14','133',to_date('24/04/2021','DD/MM/YYYY'),'30');
Insert into D40_VENDITA (ID,CLIENTE_ID,PRODOTTO_ID,DATA,QUANTITA) values ('126','1','112',to_date('21/10/2020','DD/MM/YYYY'),'29');
Insert into D40_VENDITA (ID,CLIENTE_ID,PRODOTTO_ID,DATA,QUANTITA) values ('127','22','84',to_date('14/10/2020','DD/MM/YYYY'),'28');
Insert into D40_VENDITA (ID,CLIENTE_ID,PRODOTTO_ID,DATA,QUANTITA) values ('128','20','95',to_date('16/09/2020','DD/MM/YYYY'),'10');
Insert into D40_VENDITA (ID,CLIENTE_ID,PRODOTTO_ID,DATA,QUANTITA) values ('129','17','85',to_date('29/03/2021','DD/MM/YYYY'),'25');
Insert into D40_VENDITA (ID,CLIENTE_ID,PRODOTTO_ID,DATA,QUANTITA) values ('130','12','121',to_date('17/02/2021','DD/MM/YYYY'),'24');
Insert into D40_VENDITA (ID,CLIENTE_ID,PRODOTTO_ID,DATA,QUANTITA) values ('131','23','15',to_date('21/12/2020','DD/MM/YYYY'),'25');
Insert into D40_VENDITA (ID,CLIENTE_ID,PRODOTTO_ID,DATA,QUANTITA) values ('132','5','121',to_date('01/11/2020','DD/MM/YYYY'),'11');
Insert into D40_VENDITA (ID,CLIENTE_ID,PRODOTTO_ID,DATA,QUANTITA) values ('133','21','112',to_date('13/02/2021','DD/MM/YYYY'),'28');
Insert into D40_VENDITA (ID,CLIENTE_ID,PRODOTTO_ID,DATA,QUANTITA) values ('134','3','61',to_date('16/12/2020','DD/MM/YYYY'),'20');
Insert into D40_VENDITA (ID,CLIENTE_ID,PRODOTTO_ID,DATA,QUANTITA) values ('135','1','50',to_date('29/07/2021','DD/MM/YYYY'),'15');
Insert into D40_VENDITA (ID,CLIENTE_ID,PRODOTTO_ID,DATA,QUANTITA) values ('136','19','99',to_date('27/06/2021','DD/MM/YYYY'),'19');
Insert into D40_VENDITA (ID,CLIENTE_ID,PRODOTTO_ID,DATA,QUANTITA) values ('137','20','90',to_date('08/05/2021','DD/MM/YYYY'),'22');
Insert into D40_VENDITA (ID,CLIENTE_ID,PRODOTTO_ID,DATA,QUANTITA) values ('138','6','140',to_date('19/10/2020','DD/MM/YYYY'),'30');
Insert into D40_VENDITA (ID,CLIENTE_ID,PRODOTTO_ID,DATA,QUANTITA) values ('139','25','72',to_date('13/09/2020','DD/MM/YYYY'),'19');
Insert into D40_VENDITA (ID,CLIENTE_ID,PRODOTTO_ID,DATA,QUANTITA) values ('140','20','149',to_date('09/01/2021','DD/MM/YYYY'),'10');
Insert into D40_VENDITA (ID,CLIENTE_ID,PRODOTTO_ID,DATA,QUANTITA) values ('141','19','96',to_date('03/12/2020','DD/MM/YYYY'),'16');
Insert into D40_VENDITA (ID,CLIENTE_ID,PRODOTTO_ID,DATA,QUANTITA) values ('142','24','147',to_date('27/10/2020','DD/MM/YYYY'),'16');
Insert into D40_VENDITA (ID,CLIENTE_ID,PRODOTTO_ID,DATA,QUANTITA) values ('143','6','19',to_date('30/07/2021','DD/MM/YYYY'),'27');
Insert into D40_VENDITA (ID,CLIENTE_ID,PRODOTTO_ID,DATA,QUANTITA) values ('144','21','123',to_date('17/07/2020','DD/MM/YYYY'),'26');
Insert into D40_VENDITA (ID,CLIENTE_ID,PRODOTTO_ID,DATA,QUANTITA) values ('145','25','6',to_date('25/02/2021','DD/MM/YYYY'),'22');
Insert into D40_VENDITA (ID,CLIENTE_ID,PRODOTTO_ID,DATA,QUANTITA) values ('146','23','83',to_date('29/04/2021','DD/MM/YYYY'),'24');
Insert into D40_VENDITA (ID,CLIENTE_ID,PRODOTTO_ID,DATA,QUANTITA) values ('147','6','29',to_date('01/07/2021','DD/MM/YYYY'),'23');
Insert into D40_VENDITA (ID,CLIENTE_ID,PRODOTTO_ID,DATA,QUANTITA) values ('148','7','33',to_date('21/08/2020','DD/MM/YYYY'),'14');
Insert into D40_VENDITA (ID,CLIENTE_ID,PRODOTTO_ID,DATA,QUANTITA) values ('149','18','144',to_date('25/11/2020','DD/MM/YYYY'),'22');
Insert into D40_VENDITA (ID,CLIENTE_ID,PRODOTTO_ID,DATA,QUANTITA) values ('150','23','61',to_date('09/10/2020','DD/MM/YYYY'),'15');
Insert into D40_VENDITA (ID,CLIENTE_ID,PRODOTTO_ID,DATA,QUANTITA) values ('151','12','144',to_date('05/01/2021','DD/MM/YYYY'),'16');
Insert into D40_VENDITA (ID,CLIENTE_ID,PRODOTTO_ID,DATA,QUANTITA) values ('152','8','47',to_date('21/02/2021','DD/MM/YYYY'),'22');
Insert into D40_VENDITA (ID,CLIENTE_ID,PRODOTTO_ID,DATA,QUANTITA) values ('153','10','33',to_date('17/10/2020','DD/MM/YYYY'),'16');
Insert into D40_VENDITA (ID,CLIENTE_ID,PRODOTTO_ID,DATA,QUANTITA) values ('154','11','74',to_date('28/06/2021','DD/MM/YYYY'),'24');
Insert into D40_VENDITA (ID,CLIENTE_ID,PRODOTTO_ID,DATA,QUANTITA) values ('155','19','114',to_date('27/02/2021','DD/MM/YYYY'),'13');
Insert into D40_VENDITA (ID,CLIENTE_ID,PRODOTTO_ID,DATA,QUANTITA) values ('156','16','141',to_date('13/08/2020','DD/MM/YYYY'),'27');
Insert into D40_VENDITA (ID,CLIENTE_ID,PRODOTTO_ID,DATA,QUANTITA) values ('157','3','134',to_date('24/03/2021','DD/MM/YYYY'),'14');
Insert into D40_VENDITA (ID,CLIENTE_ID,PRODOTTO_ID,DATA,QUANTITA) values ('158','23','43',to_date('02/10/2020','DD/MM/YYYY'),'13');
Insert into D40_VENDITA (ID,CLIENTE_ID,PRODOTTO_ID,DATA,QUANTITA) values ('159','11','22',to_date('08/11/2020','DD/MM/YYYY'),'23');
Insert into D40_VENDITA (ID,CLIENTE_ID,PRODOTTO_ID,DATA,QUANTITA) values ('160','8','127',to_date('17/07/2021','DD/MM/YYYY'),'30');
Insert into D40_VENDITA (ID,CLIENTE_ID,PRODOTTO_ID,DATA,QUANTITA) values ('161','20','45',to_date('12/12/2020','DD/MM/YYYY'),'24');
Insert into D40_VENDITA (ID,CLIENTE_ID,PRODOTTO_ID,DATA,QUANTITA) values ('162','15','127',to_date('11/05/2021','DD/MM/YYYY'),'18');
Insert into D40_VENDITA (ID,CLIENTE_ID,PRODOTTO_ID,DATA,QUANTITA) values ('163','22','46',to_date('08/07/2021','DD/MM/YYYY'),'23');
Insert into D40_VENDITA (ID,CLIENTE_ID,PRODOTTO_ID,DATA,QUANTITA) values ('164','8','102',to_date('17/01/2021','DD/MM/YYYY'),'27');
Insert into D40_VENDITA (ID,CLIENTE_ID,PRODOTTO_ID,DATA,QUANTITA) values ('165','15','109',to_date('26/04/2021','DD/MM/YYYY'),'20');
Insert into D40_VENDITA (ID,CLIENTE_ID,PRODOTTO_ID,DATA,QUANTITA) values ('166','1','28',to_date('26/10/2020','DD/MM/YYYY'),'20');
Insert into D40_VENDITA (ID,CLIENTE_ID,PRODOTTO_ID,DATA,QUANTITA) values ('167','1','46',to_date('09/04/2021','DD/MM/YYYY'),'25');
Insert into D40_VENDITA (ID,CLIENTE_ID,PRODOTTO_ID,DATA,QUANTITA) values ('168','5','8',to_date('11/10/2020','DD/MM/YYYY'),'21');
Insert into D40_VENDITA (ID,CLIENTE_ID,PRODOTTO_ID,DATA,QUANTITA) values ('169','19','118',to_date('09/04/2021','DD/MM/YYYY'),'12');
Insert into D40_VENDITA (ID,CLIENTE_ID,PRODOTTO_ID,DATA,QUANTITA) values ('170','19','71',to_date('12/12/2020','DD/MM/YYYY'),'30');
Insert into D40_VENDITA (ID,CLIENTE_ID,PRODOTTO_ID,DATA,QUANTITA) values ('171','10','68',to_date('17/04/2021','DD/MM/YYYY'),'14');
Insert into D40_VENDITA (ID,CLIENTE_ID,PRODOTTO_ID,DATA,QUANTITA) values ('172','8','90',to_date('29/06/2021','DD/MM/YYYY'),'24');
Insert into D40_VENDITA (ID,CLIENTE_ID,PRODOTTO_ID,DATA,QUANTITA) values ('173','10','29',to_date('30/01/2021','DD/MM/YYYY'),'24');
Insert into D40_VENDITA (ID,CLIENTE_ID,PRODOTTO_ID,DATA,QUANTITA) values ('174','9','73',to_date('21/08/2020','DD/MM/YYYY'),'13');
Insert into D40_VENDITA (ID,CLIENTE_ID,PRODOTTO_ID,DATA,QUANTITA) values ('175','8','62',to_date('15/03/2021','DD/MM/YYYY'),'18');
Insert into D40_VENDITA (ID,CLIENTE_ID,PRODOTTO_ID,DATA,QUANTITA) values ('176','5','148',to_date('02/08/2020','DD/MM/YYYY'),'16');
Insert into D40_VENDITA (ID,CLIENTE_ID,PRODOTTO_ID,DATA,QUANTITA) values ('177','15','96',to_date('10/03/2021','DD/MM/YYYY'),'17');
Insert into D40_VENDITA (ID,CLIENTE_ID,PRODOTTO_ID,DATA,QUANTITA) values ('178','2','93',to_date('20/11/2020','DD/MM/YYYY'),'22');
Insert into D40_VENDITA (ID,CLIENTE_ID,PRODOTTO_ID,DATA,QUANTITA) values ('179','18','103',to_date('01/01/2021','DD/MM/YYYY'),'22');



-- Generated by Quick SQL Gioved Luglio 15, 2021  13:47:00
 
/*
tipo
  tipo vc50 /nn /unique
  gruppo vc50  /nn

prodotto
  prodotto vc50 /nn /unique
  tipo_id /nn
  prezzo acquisto num /nn
  prezzo vendita num /nn

cliente
  cliente vc50 /nn /unique
  zona vc10 /nn 

fornitore
  fornitore vc50 /nn /unique
  zona vc10 /nn 

acquisto
  data d /nn
  fornitore_id /nn
  prodotto_id /nn
  quantita num /nn

vendita
  data d /nn
  cliente_id /nn
  prodotto_id /nn
  quantita num /nn

# settings = { prefix: "D40", PK: "IDENTITY", semantics: "CHAR", DB: "12C", drop: true, language: "EN", APEX: true }
*/
