-- drop objects
drop table d40_tipo cascade constraints;
drop table d40_prodotto cascade constraints;
drop table d40_cliente cascade constraints;
drop table d40_fornitore cascade constraints;
drop table d40_acquisto cascade constraints;
drop table d40_vendita cascade constraints;

-- create tables
create table d40_tipo (
    id                             number generated by default on null as identity 
                                   constraint d40_tipo_id_pk primary key,
    tipo                           varchar2(50 char)
                                   constraint d40_tipo_tipo_unq unique not null,
    gruppo                         varchar2(50 char) not null
)
;

create table d40_prodotto (
    id                             number generated by default on null as identity 
                                   constraint d40_prodotto_id_pk primary key,
    tipo_id                        number
                                   constraint d40_prodotto_tipo_id_fk
                                   references d40_tipo on delete cascade not null,
    prodotto                       varchar2(50 char)
                                   constraint d40_prodotto_prodotto_unq unique not null,
    prezzo_acquisto                number not null,
    prezzo_vendita                 number not null
)
;

-- table index
create index d40_prodotto_i1 on d40_prodotto (tipo_id);

create table d40_cliente (
    id                             number generated by default on null as identity 
                                   constraint d40_cliente_id_pk primary key,
    cliente                        varchar2(50 char)
                                   constraint d40_cliente_cliente_unq unique not null,
    zona                           varchar2(10 char) not null
)
;

create table d40_fornitore (
    id                             number generated by default on null as identity 
                                   constraint d40_fornitore_id_pk primary key,
    fornitore                      varchar2(50 char)
                                   constraint d40_fornitore_fornitore_unq unique not null,
    zona                           varchar2(10 char) not null
)
;

create table d40_acquisto (
    id                             number generated by default on null as identity 
                                   constraint d40_acquisto_id_pk primary key,
    fornitore_id                   number
                                   constraint d40_acquisto_fornitore_id_fk
                                   references d40_fornitore on delete cascade not null,
    prodotto_id                    number
                                   constraint d40_acquisto_prodotto_id_fk
                                   references d40_prodotto on delete cascade not null,
    data                           date not null,
    quantita                       number not null
)
;

-- table index
create index d40_acquisto_i1 on d40_acquisto (fornitore_id);
create index d40_acquisto_i2 on d40_acquisto (prodotto_id);

create table d40_vendita (
    id                             number generated by default on null as identity 
                                   constraint d40_vendita_id_pk primary key,
    cliente_id                     number
                                   constraint d40_vendita_cliente_id_fk
                                   references d40_cliente on delete cascade not null,
    prodotto_id                    number
                                   constraint d40_vendita_prodotto_id_fk
                                   references d40_prodotto on delete cascade not null,
    data                           date not null,
    quantita                       number not null
)
;

-- table index
create index d40_vendita_i1 on d40_vendita (cliente_id);
create index d40_vendita_i2 on d40_vendita (prodotto_id);

-- views
create or replace view d40_tipo_vw as
select tp.ID,
       tp.tipo,
       'https://raw.githubusercontent.com/robertocapancioni/APEX2021-3006-2807/main/d40/img/'||replace(replace(replace(lower(tp.tipo),' ','_'),'/',''),',','')||'.png' as tipo_logo
  from d40_tipo tp;       

create or replace view d40_prodotto_vw as 
select p.ID,
       p.PRODOTTO,
       p.PREZZO_ACQUISTO,
       p.PREZZO_VENDITA,
       tp.tipo,
       'https://raw.githubusercontent.com/robertocapancioni/APEX2021-3006-2807/main/d40/img/'||replace(replace(replace(lower(tp.tipo),' ','_'),'/',''),',','')||'.png' as tipo_logo,
       tp.gruppo 
  from d40_prodotto p
  join d40_tipo tp
    on p.tipo_id = tp.id;

create or replace view d40_acquisto_vw as
select a.id acquisto_id,
       a.data,
       to_char(a.data,'YYYY')anno,
       to_char(a.data,'YYYY-MM')annomese,
       to_char(a.data,'YYYY-Q')annotrimestre,
       to_char(a.data,'MM')mese,
       to_char(a.data,'Q')trimestre,
       p.prodotto,
       tp.tipo,
       'https://raw.githubusercontent.com/robertocapancioni/APEX2021-3006-2807/main/d40/img/'||replace(replace(replace(lower(tp.tipo),' ','_'),'/',''),',','')||'.png' as tipo_logo,
       tp.gruppo,
       f.fornitore,
       f.zona,
       a.quantita,
       a.quantita*p.prezzo_acquisto as importo
  from d40_acquisto a 
  join d40_prodotto p on a.prodotto_id = p.id
  join d40_tipo tp on p.tipo_id = tp.id
  join d40_fornitore f on a.fornitore_id = f.id;


  create or replace view d40_vendita_vw as
  select a.id vendita_id,
       a.data,
       to_char(a.data,'YYYY')anno,
       to_char(a.data,'YYYY-MM')annomese,
       to_char(a.data,'YYYY-Q')annotrimestre,
       to_char(a.data,'MM')mese,
       to_char(a.data,'Q')trimestre,
       p.prodotto,
       tp.tipo,
       'https://raw.githubusercontent.com/robertocapancioni/APEX2021-3006-2807/main/d40/img/'||replace(replace(replace(lower(tp.tipo),' ','_'),'/',''),',','')||'.png' as tipo_logo,
       tp.gruppo,
       c.cliente,
       c.zona,
       a.quantita,
       a.quantita*p.prezzo_vendita as importo
  from d40_vendita a 
  join d40_prodotto p on a.prodotto_id = p.id
  join d40_tipo tp on p.tipo_id = tp.id
  join d40_cliente c on a.cliente_id = c.id;

create or replace view d40_acquisto_anno_gruppo_vw as
select anno,
       gruppo,
       sum(quantita) as quantita, 
       sum(importo) as importo 
  from d40_acquisto_vw  
 group by 
       anno,
       gruppo 
 order by 
       anno, 
       gruppo;

create or replace view d40_vendita_anno_gruppo_vw as
select anno,
       gruppo,
       sum(quantita) as quantita, 
       sum(importo) as importo 
  from d40_vendita_vw  
 group by 
       anno,
       gruppo 
 order by 
       anno, 
       gruppo;

create or replace view d40_acquisto_anno_vw as select anno, sum(quantita) as quantita, sum(importo) as importo, case when sum(quantita)<>0 then round(sum(importo)/sum(quantita),2) else 0 end as importo_medio, count(*) as numero from d40_acquisto_vw group by anno order by anno;
create or replace view d40_acquisto_annomese_vw as select annomese, sum(quantita) as quantita, sum(importo) as importo, case when sum(quantita)<>0 then round(sum(importo)/sum(quantita),2) else 0 end as importo_medio, count(*) as numero from d40_acquisto_vw group by annomese order by annomese;
create or replace view d40_acquisto_annotrimestre_vw as select annotrimestre, sum(quantita) as quantita, sum(importo) as importo, case when sum(quantita)<>0 then round(sum(importo)/sum(quantita),2) else 0 end as importo_medio, count(*) as numero from d40_acquisto_vw group by annotrimestre order by annotrimestre;
create or replace view d40_acquisto_data_vw as select data, sum(quantita) as quantita, sum(importo) as importo, case when sum(quantita)<>0 then round(sum(importo)/sum(quantita),2) else 0 end as importo_medio, count(*) as numero from d40_acquisto_vw group by data order by data;
create or replace view d40_acquisto_fornitore_vw as select fornitore, sum(quantita) as quantita, sum(importo) as importo, case when sum(quantita)<>0 then round(sum(importo)/sum(quantita),2) else 0 end as importo_medio, count(*) as numero from d40_acquisto_vw group by fornitore order by fornitore;
create or replace view d40_acquisto_gruppo_vw as select gruppo, sum(quantita) as quantita, sum(importo) as importo, case when sum(quantita)<>0 then round(sum(importo)/sum(quantita),2) else 0 end as importo_medio, count(*) as numero from d40_acquisto_vw group by gruppo order by gruppo;
create or replace view d40_acquisto_prodotto_vw as select prodotto, sum(quantita) as quantita, sum(importo) as importo, case when sum(quantita)<>0 then round(sum(importo)/sum(quantita),2) else 0 end as importo_medio, count(*) as numero from d40_acquisto_vw group by prodotto order by prodotto;
create or replace view d40_acquisto_tipo_vw as select tipo, sum(quantita) as quantita, sum(importo) as importo, case when sum(quantita)<>0 then round(sum(importo)/sum(quantita),2) else 0 end as importo_medio, count(*) as numero from d40_acquisto_vw group by tipo order by tipo;
create or replace view d40_acquisto_zona_vw as select zona, sum(quantita) as quantita, sum(importo) as importo, case when sum(quantita)<>0 then round(sum(importo)/sum(quantita),2) else 0 end as importo_medio, count(*) as numero from d40_acquisto_vw group by zona order by zona;
create or replace view d40_vendita_anno_vw as select anno, sum(quantita) as quantita, sum(importo) as importo, case when sum(quantita)<>0 then round(sum(importo)/sum(quantita),2) else 0 end as importo_medio, count(*) as numero from d40_vendita_vw group by anno order by anno;
create or replace view d40_vendita_annomese_vw as select annomese, sum(quantita) as quantita, sum(importo) as importo, case when sum(quantita)<>0 then round(sum(importo)/sum(quantita),2) else 0 end as importo_medio, count(*) as numero from d40_vendita_vw group by annomese order by annomese;
create or replace view d40_vendita_annotrimestre_vw as select annotrimestre, sum(quantita) as quantita, sum(importo) as importo, case when sum(quantita)<>0 then round(sum(importo)/sum(quantita),2) else 0 end as importo_medio, count(*) as numero from d40_vendita_vw group by annotrimestre order by annotrimestre;
create or replace view d40_vendita_cliente_vw as select cliente, sum(quantita) as quantita, sum(importo) as importo, case when sum(quantita)<>0 then round(sum(importo)/sum(quantita),2) else 0 end as importo_medio, count(*) as numero from d40_vendita_vw group by cliente order by cliente;
create or replace view d40_vendita_data_vw as select data, sum(quantita) as quantita, sum(importo) as importo, case when sum(quantita)<>0 then round(sum(importo)/sum(quantita),2) else 0 end as importo_medio, count(*) as numero from d40_vendita_vw group by data order by data;
create or replace view d40_vendita_gruppo_vw as select gruppo, sum(quantita) as quantita, sum(importo) as importo, case when sum(quantita)<>0 then round(sum(importo)/sum(quantita),2) else 0 end as importo_medio, count(*) as numero from d40_vendita_vw group by gruppo order by gruppo;
create or replace view d40_vendita_prodotto_vw as select prodotto, sum(quantita) as quantita, sum(importo) as importo, case when sum(quantita)<>0 then round(sum(importo)/sum(quantita),2) else 0 end as importo_medio, count(*) as numero from d40_vendita_vw group by prodotto order by prodotto;
create or replace view d40_vendita_tipo_vw as select tipo, sum(quantita) as quantita, sum(importo) as importo, case when sum(quantita)<>0 then round(sum(importo)/sum(quantita),2) else 0 end as importo_medio, count(*) as numero from d40_vendita_vw group by tipo order by tipo;
create or replace view d40_vendita_zona_vw as select zona, sum(quantita) as quantita, sum(importo) as importo, case when sum(quantita)<>0 then round(sum(importo)/sum(quantita),2) else 0 end as importo_medio, count(*) as numero from d40_vendita_vw group by zona order by zona;
create or replace view d40_acquisto_anno_fornitore_vw as select anno, fornitore, sum(quantita) as quantita, sum(importo) as importo, case when sum(quantita)<>0 then round(sum(importo)/sum(quantita),2) else 0 end as importo_medio, count(*) as numero from d40_acquisto_vw group by anno, fornitore order by anno, fornitore;
create or replace view d40_acquisto_anno_gruppo_vw as select anno, gruppo, sum(quantita) as quantita, sum(importo) as importo, case when sum(quantita)<>0 then round(sum(importo)/sum(quantita),2) else 0 end as importo_medio, count(*) as numero from d40_acquisto_vw group by anno, gruppo order by anno, gruppo;
create or replace view d40_acquisto_anno_prodotto_vw as select anno, prodotto, sum(quantita) as quantita, sum(importo) as importo, case when sum(quantita)<>0 then round(sum(importo)/sum(quantita),2) else 0 end as importo_medio, count(*) as numero from d40_acquisto_vw group by anno, prodotto order by anno, prodotto;
create or replace view d40_acquisto_anno_tipo_vw as select anno, tipo, sum(quantita) as quantita, sum(importo) as importo, case when sum(quantita)<>0 then round(sum(importo)/sum(quantita),2) else 0 end as importo_medio, count(*) as numero from d40_acquisto_vw group by anno, tipo order by anno, tipo;
create or replace view d40_acquisto_anno_zona_vw as select anno, zona, sum(quantita) as quantita, sum(importo) as importo, case when sum(quantita)<>0 then round(sum(importo)/sum(quantita),2) else 0 end as importo_medio, count(*) as numero from d40_acquisto_vw group by anno, zona order by anno, zona;
create or replace view d40_acquisto_annomese_fornitore_vw as select annomese, fornitore, sum(quantita) as quantita, sum(importo) as importo, case when sum(quantita)<>0 then round(sum(importo)/sum(quantita),2) else 0 end as importo_medio, count(*) as numero from d40_acquisto_vw group by annomese, fornitore order by annomese, fornitore;
create or replace view d40_acquisto_annomese_gruppo_vw as select annomese, gruppo, sum(quantita) as quantita, sum(importo) as importo, case when sum(quantita)<>0 then round(sum(importo)/sum(quantita),2) else 0 end as importo_medio, count(*) as numero from d40_acquisto_vw group by annomese, gruppo order by annomese, gruppo;
create or replace view d40_acquisto_annomese_prodotto_vw as select annomese, prodotto, sum(quantita) as quantita, sum(importo) as importo, case when sum(quantita)<>0 then round(sum(importo)/sum(quantita),2) else 0 end as importo_medio, count(*) as numero from d40_acquisto_vw group by annomese, prodotto order by annomese, prodotto;
create or replace view d40_acquisto_annomese_tipo_vw as select annomese, tipo, sum(quantita) as quantita, sum(importo) as importo, case when sum(quantita)<>0 then round(sum(importo)/sum(quantita),2) else 0 end as importo_medio, count(*) as numero from d40_acquisto_vw group by annomese, tipo order by annomese, tipo;
create or replace view d40_acquisto_annomese_zona_vw as select annomese, zona, sum(quantita) as quantita, sum(importo) as importo, case when sum(quantita)<>0 then round(sum(importo)/sum(quantita),2) else 0 end as importo_medio, count(*) as numero from d40_acquisto_vw group by annomese, zona order by annomese, zona;
create or replace view d40_acquisto_annotrimestre_fornitore_vw as select annotrimestre, fornitore, sum(quantita) as quantita, sum(importo) as importo, case when sum(quantita)<>0 then round(sum(importo)/sum(quantita),2) else 0 end as importo_medio, count(*) as numero from d40_acquisto_vw group by annotrimestre, fornitore order by annotrimestre, fornitore;
create or replace view d40_acquisto_annotrimestre_gruppo_vw as select annotrimestre, gruppo, sum(quantita) as quantita, sum(importo) as importo, case when sum(quantita)<>0 then round(sum(importo)/sum(quantita),2) else 0 end as importo_medio, count(*) as numero from d40_acquisto_vw group by annotrimestre, gruppo order by annotrimestre, gruppo;
create or replace view d40_acquisto_annotrimestre_prodotto_vw as select annotrimestre, prodotto, sum(quantita) as quantita, sum(importo) as importo, case when sum(quantita)<>0 then round(sum(importo)/sum(quantita),2) else 0 end as importo_medio, count(*) as numero from d40_acquisto_vw group by annotrimestre, prodotto order by annotrimestre, prodotto;
create or replace view d40_acquisto_annotrimestre_tipo_vw as select annotrimestre, tipo, sum(quantita) as quantita, sum(importo) as importo, case when sum(quantita)<>0 then round(sum(importo)/sum(quantita),2) else 0 end as importo_medio, count(*) as numero from d40_acquisto_vw group by annotrimestre, tipo order by annotrimestre, tipo;
create or replace view d40_acquisto_annotrimestre_zona_vw as select annotrimestre, zona, sum(quantita) as quantita, sum(importo) as importo, case when sum(quantita)<>0 then round(sum(importo)/sum(quantita),2) else 0 end as importo_medio, count(*) as numero from d40_acquisto_vw group by annotrimestre, zona order by annotrimestre, zona;
create or replace view d40_acquisto_data_fornitore_vw as select data, fornitore, sum(quantita) as quantita, sum(importo) as importo, case when sum(quantita)<>0 then round(sum(importo)/sum(quantita),2) else 0 end as importo_medio, count(*) as numero from d40_acquisto_vw group by data, fornitore order by data, fornitore;
create or replace view d40_acquisto_data_gruppo_vw as select data, gruppo, sum(quantita) as quantita, sum(importo) as importo, case when sum(quantita)<>0 then round(sum(importo)/sum(quantita),2) else 0 end as importo_medio, count(*) as numero from d40_acquisto_vw group by data, gruppo order by data, gruppo;
create or replace view d40_acquisto_data_prodotto_vw as select data, prodotto, sum(quantita) as quantita, sum(importo) as importo, case when sum(quantita)<>0 then round(sum(importo)/sum(quantita),2) else 0 end as importo_medio, count(*) as numero from d40_acquisto_vw group by data, prodotto order by data, prodotto;
create or replace view d40_acquisto_data_tipo_vw as select data, tipo, sum(quantita) as quantita, sum(importo) as importo, case when sum(quantita)<>0 then round(sum(importo)/sum(quantita),2) else 0 end as importo_medio, count(*) as numero from d40_acquisto_vw group by data, tipo order by data, tipo;
create or replace view d40_acquisto_data_zona_vw as select data, zona, sum(quantita) as quantita, sum(importo) as importo, case when sum(quantita)<>0 then round(sum(importo)/sum(quantita),2) else 0 end as importo_medio, count(*) as numero from d40_acquisto_vw group by data, zona order by data, zona;
create or replace view d40_vendita_anno_cliente_vw as select anno, cliente, sum(quantita) as quantita, sum(importo) as importo, case when sum(quantita)<>0 then round(sum(importo)/sum(quantita),2) else 0 end as importo_medio, count(*) as numero from d40_vendita_vw group by anno, cliente order by anno, cliente;
create or replace view d40_vendita_anno_gruppo_vw as select anno, gruppo, sum(quantita) as quantita, sum(importo) as importo, case when sum(quantita)<>0 then round(sum(importo)/sum(quantita),2) else 0 end as importo_medio, count(*) as numero from d40_vendita_vw group by anno, gruppo order by anno, gruppo;
create or replace view d40_vendita_anno_prodotto_vw as select anno, prodotto, sum(quantita) as quantita, sum(importo) as importo, case when sum(quantita)<>0 then round(sum(importo)/sum(quantita),2) else 0 end as importo_medio, count(*) as numero from d40_vendita_vw group by anno, prodotto order by anno, prodotto;
create or replace view d40_vendita_anno_tipo_vw as select anno, tipo, sum(quantita) as quantita, sum(importo) as importo, case when sum(quantita)<>0 then round(sum(importo)/sum(quantita),2) else 0 end as importo_medio, count(*) as numero from d40_vendita_vw group by anno, tipo order by anno, tipo;
create or replace view d40_vendita_anno_zona_vw as select anno, zona, sum(quantita) as quantita, sum(importo) as importo, case when sum(quantita)<>0 then round(sum(importo)/sum(quantita),2) else 0 end as importo_medio, count(*) as numero from d40_vendita_vw group by anno, zona order by anno, zona;
create or replace view d40_vendita_annomese_cliente_vw as select annomese, cliente, sum(quantita) as quantita, sum(importo) as importo, case when sum(quantita)<>0 then round(sum(importo)/sum(quantita),2) else 0 end as importo_medio, count(*) as numero from d40_vendita_vw group by annomese, cliente order by annomese, cliente;
create or replace view d40_vendita_annomese_gruppo_vw as select annomese, gruppo, sum(quantita) as quantita, sum(importo) as importo, case when sum(quantita)<>0 then round(sum(importo)/sum(quantita),2) else 0 end as importo_medio, count(*) as numero from d40_vendita_vw group by annomese, gruppo order by annomese, gruppo;
create or replace view d40_vendita_annomese_prodotto_vw as select annomese, prodotto, sum(quantita) as quantita, sum(importo) as importo, case when sum(quantita)<>0 then round(sum(importo)/sum(quantita),2) else 0 end as importo_medio, count(*) as numero from d40_vendita_vw group by annomese, prodotto order by annomese, prodotto;
create or replace view d40_vendita_annomese_tipo_vw as select annomese, tipo, sum(quantita) as quantita, sum(importo) as importo, case when sum(quantita)<>0 then round(sum(importo)/sum(quantita),2) else 0 end as importo_medio, count(*) as numero from d40_vendita_vw group by annomese, tipo order by annomese, tipo;
create or replace view d40_vendita_annomese_zona_vw as select annomese, zona, sum(quantita) as quantita, sum(importo) as importo, case when sum(quantita)<>0 then round(sum(importo)/sum(quantita),2) else 0 end as importo_medio, count(*) as numero from d40_vendita_vw group by annomese, zona order by annomese, zona;
create or replace view d40_vendita_annotrimestre_cliente_vw as select annotrimestre, cliente, sum(quantita) as quantita, sum(importo) as importo, case when sum(quantita)<>0 then round(sum(importo)/sum(quantita),2) else 0 end as importo_medio, count(*) as numero from d40_vendita_vw group by annotrimestre, cliente order by annotrimestre, cliente;
create or replace view d40_vendita_annotrimestre_gruppo_vw as select annotrimestre, gruppo, sum(quantita) as quantita, sum(importo) as importo, case when sum(quantita)<>0 then round(sum(importo)/sum(quantita),2) else 0 end as importo_medio, count(*) as numero from d40_vendita_vw group by annotrimestre, gruppo order by annotrimestre, gruppo;
create or replace view d40_vendita_annotrimestre_prodotto_vw as select annotrimestre, prodotto, sum(quantita) as quantita, sum(importo) as importo, case when sum(quantita)<>0 then round(sum(importo)/sum(quantita),2) else 0 end as importo_medio, count(*) as numero from d40_vendita_vw group by annotrimestre, prodotto order by annotrimestre, prodotto;
create or replace view d40_vendita_annotrimestre_tipo_vw as select annotrimestre, tipo, sum(quantita) as quantita, sum(importo) as importo, case when sum(quantita)<>0 then round(sum(importo)/sum(quantita),2) else 0 end as importo_medio, count(*) as numero from d40_vendita_vw group by annotrimestre, tipo order by annotrimestre, tipo;
create or replace view d40_vendita_annotrimestre_zona_vw as select annotrimestre, zona, sum(quantita) as quantita, sum(importo) as importo, case when sum(quantita)<>0 then round(sum(importo)/sum(quantita),2) else 0 end as importo_medio, count(*) as numero from d40_vendita_vw group by annotrimestre, zona order by annotrimestre, zona;
create or replace view d40_vendita_data_cliente_vw as select data, cliente, sum(quantita) as quantita, sum(importo) as importo, case when sum(quantita)<>0 then round(sum(importo)/sum(quantita),2) else 0 end as importo_medio, count(*) as numero from d40_vendita_vw group by data, cliente order by data, cliente;
create or replace view d40_vendita_data_gruppo_vw as select data, gruppo, sum(quantita) as quantita, sum(importo) as importo, case when sum(quantita)<>0 then round(sum(importo)/sum(quantita),2) else 0 end as importo_medio, count(*) as numero from d40_vendita_vw group by data, gruppo order by data, gruppo;
create or replace view d40_vendita_data_prodotto_vw as select data, prodotto, sum(quantita) as quantita, sum(importo) as importo, case when sum(quantita)<>0 then round(sum(importo)/sum(quantita),2) else 0 end as importo_medio, count(*) as numero from d40_vendita_vw group by data, prodotto order by data, prodotto;
create or replace view d40_vendita_data_tipo_vw as select data, tipo, sum(quantita) as quantita, sum(importo) as importo, case when sum(quantita)<>0 then round(sum(importo)/sum(quantita),2) else 0 end as importo_medio, count(*) as numero from d40_vendita_vw group by data, tipo order by data, tipo;
create or replace view d40_vendita_data_zona_vw as select data, zona, sum(quantita) as quantita, sum(importo) as importo, case when sum(quantita)<>0 then round(sum(importo)/sum(quantita),2) else 0 end as importo_medio, count(*) as numero from d40_vendita_vw group by data, zona order by data, zona;
create or replace view d40_acquisto_gruppo_fornitore_vw as select gruppo, fornitore, sum(quantita) as quantita, sum(importo) as importo, case when sum(quantita)<>0 then round(sum(importo)/sum(quantita),2) else 0 end as importo_medio, count(*) as numero from d40_acquisto_vw group by gruppo, fornitore order by gruppo, fornitore;
create or replace view d40_acquisto_gruppo_zona_vw as select gruppo, zona, sum(quantita) as quantita, sum(importo) as importo, case when sum(quantita)<>0 then round(sum(importo)/sum(quantita),2) else 0 end as importo_medio, count(*) as numero from d40_acquisto_vw group by gruppo, zona order by gruppo, zona;
create or replace view d40_acquisto_prodotto_fornitore_vw as select prodotto, fornitore, sum(quantita) as quantita, sum(importo) as importo, case when sum(quantita)<>0 then round(sum(importo)/sum(quantita),2) else 0 end as importo_medio, count(*) as numero from d40_acquisto_vw group by prodotto, fornitore order by prodotto, fornitore;
create or replace view d40_acquisto_prodotto_zona_vw as select prodotto, zona, sum(quantita) as quantita, sum(importo) as importo, case when sum(quantita)<>0 then round(sum(importo)/sum(quantita),2) else 0 end as importo_medio, count(*) as numero from d40_acquisto_vw group by prodotto, zona order by prodotto, zona;
create or replace view d40_acquisto_tipo_fornitore_vw as select tipo, fornitore, sum(quantita) as quantita, sum(importo) as importo, case when sum(quantita)<>0 then round(sum(importo)/sum(quantita),2) else 0 end as importo_medio, count(*) as numero from d40_acquisto_vw group by tipo, fornitore order by tipo, fornitore;
create or replace view d40_acquisto_tipo_zona_vw as select tipo, zona, sum(quantita) as quantita, sum(importo) as importo, case when sum(quantita)<>0 then round(sum(importo)/sum(quantita),2) else 0 end as importo_medio, count(*) as numero from d40_acquisto_vw group by tipo, zona order by tipo, zona;
create or replace view d40_vendita_gruppo_cliente_vw as select gruppo, cliente, sum(quantita) as quantita, sum(importo) as importo, case when sum(quantita)<>0 then round(sum(importo)/sum(quantita),2) else 0 end as importo_medio, count(*) as numero from d40_vendita_vw group by gruppo, cliente order by gruppo, cliente;
create or replace view d40_vendita_gruppo_zona_vw as select gruppo, zona, sum(quantita) as quantita, sum(importo) as importo, case when sum(quantita)<>0 then round(sum(importo)/sum(quantita),2) else 0 end as importo_medio, count(*) as numero from d40_vendita_vw group by gruppo, zona order by gruppo, zona;
create or replace view d40_vendita_prodotto_cliente_vw as select prodotto, cliente, sum(quantita) as quantita, sum(importo) as importo, case when sum(quantita)<>0 then round(sum(importo)/sum(quantita),2) else 0 end as importo_medio, count(*) as numero from d40_vendita_vw group by prodotto, cliente order by prodotto, cliente;
create or replace view d40_vendita_prodotto_zona_vw as select prodotto, zona, sum(quantita) as quantita, sum(importo) as importo, case when sum(quantita)<>0 then round(sum(importo)/sum(quantita),2) else 0 end as importo_medio, count(*) as numero from d40_vendita_vw group by prodotto, zona order by prodotto, zona;
create or replace view d40_vendita_tipo_cliente_vw as select tipo, cliente, sum(quantita) as quantita, sum(importo) as importo, case when sum(quantita)<>0 then round(sum(importo)/sum(quantita),2) else 0 end as importo_medio, count(*) as numero from d40_vendita_vw group by tipo, cliente order by tipo, cliente;
create or replace view d40_vendita_tipo_zona_vw as select tipo, zona, sum(quantita) as quantita, sum(importo) as importo, case when sum(quantita)<>0 then round(sum(importo)/sum(quantita),2) else 0 end as importo_medio, count(*) as numero from d40_vendita_vw group by tipo, zona order by tipo, zona;


-- load data
-- INSERTING into D40_tipo
--SET DEFINE OFF;
Insert into D40_tipo (ID,tipo,GRUPPO) values ('1','Affettati','Prodotti freschi o da frigo');
Insert into D40_tipo (ID,tipo,GRUPPO) values ('2','Carne','Prodotti freschi o da frigo');
Insert into D40_tipo (ID,tipo,GRUPPO) values ('3','Fresco Varie','Prodotti freschi o da frigo');
Insert into D40_tipo (ID,tipo,GRUPPO) values ('4','Frutta','Prodotti freschi o da frigo');
Insert into D40_tipo (ID,tipo,GRUPPO) values ('5','Latticini / Formaggi','Prodotti freschi o da frigo');
Insert into D40_tipo (ID,tipo,GRUPPO) values ('6','Pesce','Prodotti freschi o da frigo');
Insert into D40_tipo (ID,tipo,GRUPPO) values ('7','Surgelati','Prodotti freschi o da frigo');
Insert into D40_tipo (ID,tipo,GRUPPO) values ('8','Verdura','Prodotti freschi o da frigo');
Insert into D40_tipo (ID,tipo,GRUPPO) values ('9','Bevande','Prodotti Secchi / Confezionati');
Insert into D40_tipo (ID,tipo,GRUPPO) values ('10','Colazione','Prodotti Secchi / Confezionati');
Insert into D40_tipo (ID,tipo,GRUPPO) values ('11','Condimenti','Prodotti Secchi / Confezionati');
Insert into D40_tipo (ID,tipo,GRUPPO) values ('12','Pane, Primi e Varie','Prodotti Secchi / Confezionati');
Insert into D40_tipo (ID,tipo,GRUPPO) values ('13','Salse','Prodotti Secchi / Confezionati');
Insert into D40_tipo (ID,tipo,GRUPPO) values ('14','Scatolame','Prodotti Secchi / Confezionati');
Insert into D40_tipo (ID,tipo,GRUPPO) values ('15','Spezie / Erbe aromatiche','Prodotti Secchi / Confezionati');
Insert into D40_tipo (ID,tipo,GRUPPO) values ('16','Igiene personale','Pulizie e igiene personale');
Insert into D40_tipo (ID,tipo,GRUPPO) values ('17','Pulizia Varie','Pulizie e igiene personale');
Insert into D40_tipo (ID,tipo,GRUPPO) values ('18','Pulizie casa','Pulizie e igiene personale');
-- INSERTING into D40_PRODOTTO
--SET DEFINE OFF;
Insert into D40_PRODOTTO (ID,tipo_ID,PRODOTTO,PREZZO_ACQUISTO,PREZZO_VENDITA) values ('1','10','The','8,41','9,92');
Insert into D40_PRODOTTO (ID,tipo_ID,PRODOTTO,PREZZO_ACQUISTO,PREZZO_VENDITA) values ('2','10','Caffe (normale / decaffeinato)','11,91','15,96');
Insert into D40_PRODOTTO (ID,tipo_ID,PRODOTTO,PREZZO_ACQUISTO,PREZZO_VENDITA) values ('3','10','Orzo','2,78','3,22');
Insert into D40_PRODOTTO (ID,tipo_ID,PRODOTTO,PREZZO_ACQUISTO,PREZZO_VENDITA) values ('4','10','Cacao','9,58','12,74');
Insert into D40_PRODOTTO (ID,tipo_ID,PRODOTTO,PREZZO_ACQUISTO,PREZZO_VENDITA) values ('5','10','Camomilla','11,83','14,2');
Insert into D40_PRODOTTO (ID,tipo_ID,PRODOTTO,PREZZO_ACQUISTO,PREZZO_VENDITA) values ('6','10','Zucchero (bianco o di canna)','7,76','9');
Insert into D40_PRODOTTO (ID,tipo_ID,PRODOTTO,PREZZO_ACQUISTO,PREZZO_VENDITA) values ('7','10','Zucchero a velo','7,51','8,49');
Insert into D40_PRODOTTO (ID,tipo_ID,PRODOTTO,PREZZO_ACQUISTO,PREZZO_VENDITA) values ('8','10','Cereali','12,37','15,34');
Insert into D40_PRODOTTO (ID,tipo_ID,PRODOTTO,PREZZO_ACQUISTO,PREZZO_VENDITA) values ('9','10','Fette biscottate','1,96','2,33');
Insert into D40_PRODOTTO (ID,tipo_ID,PRODOTTO,PREZZO_ACQUISTO,PREZZO_VENDITA) values ('10','10','Marmellata','12,69','15,61');
Insert into D40_PRODOTTO (ID,tipo_ID,PRODOTTO,PREZZO_ACQUISTO,PREZZO_VENDITA) values ('11','10','Miele','6,89','7,85');
Insert into D40_PRODOTTO (ID,tipo_ID,PRODOTTO,PREZZO_ACQUISTO,PREZZO_VENDITA) values ('12','10','Nutella','4,57','5,8');
Insert into D40_PRODOTTO (ID,tipo_ID,PRODOTTO,PREZZO_ACQUISTO,PREZZO_VENDITA) values ('13','10','Cioccolato','2,01','2,51');
Insert into D40_PRODOTTO (ID,tipo_ID,PRODOTTO,PREZZO_ACQUISTO,PREZZO_VENDITA) values ('14','12','Pane','12,35','14,94');
Insert into D40_PRODOTTO (ID,tipo_ID,PRODOTTO,PREZZO_ACQUISTO,PREZZO_VENDITA) values ('15','12','Riso','6,06','7,64');
Insert into D40_PRODOTTO (ID,tipo_ID,PRODOTTO,PREZZO_ACQUISTO,PREZZO_VENDITA) values ('16','12','Pasta all''uovo','10,26','13,44');
Insert into D40_PRODOTTO (ID,tipo_ID,PRODOTTO,PREZZO_ACQUISTO,PREZZO_VENDITA) values ('17','12','Pasta di semola','14,38','18,98');
Insert into D40_PRODOTTO (ID,tipo_ID,PRODOTTO,PREZZO_ACQUISTO,PREZZO_VENDITA) values ('18','12','Spaghetti di riso','1,37','1,62');
Insert into D40_PRODOTTO (ID,tipo_ID,PRODOTTO,PREZZO_ACQUISTO,PREZZO_VENDITA) values ('19','12','Farina (per dolci o pane)','7,13','8,06');
Insert into D40_PRODOTTO (ID,tipo_ID,PRODOTTO,PREZZO_ACQUISTO,PREZZO_VENDITA) values ('20','12','Amido di frumento (frumina)','7,13','7,91');
Insert into D40_PRODOTTO (ID,tipo_ID,PRODOTTO,PREZZO_ACQUISTO,PREZZO_VENDITA) values ('21','12','Fecola di patate','8,18','10,23');
Insert into D40_PRODOTTO (ID,tipo_ID,PRODOTTO,PREZZO_ACQUISTO,PREZZO_VENDITA) values ('22','12','Lievito per dolci','1,69','1,96');
Insert into D40_PRODOTTO (ID,tipo_ID,PRODOTTO,PREZZO_ACQUISTO,PREZZO_VENDITA) values ('23','12','Lievito di birra','7,59','9,26');
Insert into D40_PRODOTTO (ID,tipo_ID,PRODOTTO,PREZZO_ACQUISTO,PREZZO_VENDITA) values ('24','12','Sesamo','14,3','18,02');
Insert into D40_PRODOTTO (ID,tipo_ID,PRODOTTO,PREZZO_ACQUISTO,PREZZO_VENDITA) values ('25','12','Patatine','11,76','14,35');
Insert into D40_PRODOTTO (ID,tipo_ID,PRODOTTO,PREZZO_ACQUISTO,PREZZO_VENDITA) values ('26','14','Pelati','1,8','2,39');
Insert into D40_PRODOTTO (ID,tipo_ID,PRODOTTO,PREZZO_ACQUISTO,PREZZO_VENDITA) values ('27','14','Passata di pomodoro','12,48','16,1');
Insert into D40_PRODOTTO (ID,tipo_ID,PRODOTTO,PREZZO_ACQUISTO,PREZZO_VENDITA) values ('28','14','Ceci','12,67','17,1');
Insert into D40_PRODOTTO (ID,tipo_ID,PRODOTTO,PREZZO_ACQUISTO,PREZZO_VENDITA) values ('29','14','Lenticchie','8,15','10,76');
Insert into D40_PRODOTTO (ID,tipo_ID,PRODOTTO,PREZZO_ACQUISTO,PREZZO_VENDITA) values ('30','14','Fagioli borlotti','11,43','14,86');
Insert into D40_PRODOTTO (ID,tipo_ID,PRODOTTO,PREZZO_ACQUISTO,PREZZO_VENDITA) values ('31','14','Fagioli cannellini','12,02','14,66');
Insert into D40_PRODOTTO (ID,tipo_ID,PRODOTTO,PREZZO_ACQUISTO,PREZZO_VENDITA) values ('32','14','Fagioli bianchi di Spagna','7,81','8,98');
Insert into D40_PRODOTTO (ID,tipo_ID,PRODOTTO,PREZZO_ACQUISTO,PREZZO_VENDITA) values ('33','9','Acqua','8,14','10,01');
Insert into D40_PRODOTTO (ID,tipo_ID,PRODOTTO,PREZZO_ACQUISTO,PREZZO_VENDITA) values ('34','9','Birra','8,32','9,4');
Insert into D40_PRODOTTO (ID,tipo_ID,PRODOTTO,PREZZO_ACQUISTO,PREZZO_VENDITA) values ('35','9','Vino','8,72','9,59');
Insert into D40_PRODOTTO (ID,tipo_ID,PRODOTTO,PREZZO_ACQUISTO,PREZZO_VENDITA) values ('36','9','Coca Cola','9,07','9,98');
Insert into D40_PRODOTTO (ID,tipo_ID,PRODOTTO,PREZZO_ACQUISTO,PREZZO_VENDITA) values ('37','9','Aranciata','8,61','11,54');
Insert into D40_PRODOTTO (ID,tipo_ID,PRODOTTO,PREZZO_ACQUISTO,PREZZO_VENDITA) values ('38','9','The freddo','8,75','11,55');
Insert into D40_PRODOTTO (ID,tipo_ID,PRODOTTO,PREZZO_ACQUISTO,PREZZO_VENDITA) values ('39','15','Pepe','7,11','7,89');
Insert into D40_PRODOTTO (ID,tipo_ID,PRODOTTO,PREZZO_ACQUISTO,PREZZO_VENDITA) values ('40','15','Zafferano','11,44','13,38');
Insert into D40_PRODOTTO (ID,tipo_ID,PRODOTTO,PREZZO_ACQUISTO,PREZZO_VENDITA) values ('41','15','Maggiorana','7,67','9,59');
Insert into D40_PRODOTTO (ID,tipo_ID,PRODOTTO,PREZZO_ACQUISTO,PREZZO_VENDITA) values ('42','15','Origano','1,34','1,5');
Insert into D40_PRODOTTO (ID,tipo_ID,PRODOTTO,PREZZO_ACQUISTO,PREZZO_VENDITA) values ('43','15','Paprika dolce','2,12','2,37');
Insert into D40_PRODOTTO (ID,tipo_ID,PRODOTTO,PREZZO_ACQUISTO,PREZZO_VENDITA) values ('44','15','Peperoncino','13,91','15,44');
Insert into D40_PRODOTTO (ID,tipo_ID,PRODOTTO,PREZZO_ACQUISTO,PREZZO_VENDITA) values ('45','15','Noce moscata','4,06','5,24');
Insert into D40_PRODOTTO (ID,tipo_ID,PRODOTTO,PREZZO_ACQUISTO,PREZZO_VENDITA) values ('46','15','Basilico','8,73','11,35');
Insert into D40_PRODOTTO (ID,tipo_ID,PRODOTTO,PREZZO_ACQUISTO,PREZZO_VENDITA) values ('47','15','Salvia','3,77','4,9');
Insert into D40_PRODOTTO (ID,tipo_ID,PRODOTTO,PREZZO_ACQUISTO,PREZZO_VENDITA) values ('48','15','Rosmarino','10,82','12,44');
Insert into D40_PRODOTTO (ID,tipo_ID,PRODOTTO,PREZZO_ACQUISTO,PREZZO_VENDITA) values ('49','11','Olio d''oliva','4,09','5,52');
Insert into D40_PRODOTTO (ID,tipo_ID,PRODOTTO,PREZZO_ACQUISTO,PREZZO_VENDITA) values ('50','11','Aceto','2,65','3,37');
Insert into D40_PRODOTTO (ID,tipo_ID,PRODOTTO,PREZZO_ACQUISTO,PREZZO_VENDITA) values ('51','11','Aceto balsamico','5,45','7,19');
Insert into D40_PRODOTTO (ID,tipo_ID,PRODOTTO,PREZZO_ACQUISTO,PREZZO_VENDITA) values ('52','11','Sale fine','13,56','17,76');
Insert into D40_PRODOTTO (ID,tipo_ID,PRODOTTO,PREZZO_ACQUISTO,PREZZO_VENDITA) values ('53','11','Sale grosso','7,13','8,13');
Insert into D40_PRODOTTO (ID,tipo_ID,PRODOTTO,PREZZO_ACQUISTO,PREZZO_VENDITA) values ('54','11','Salsa di soia','6,1','6,77');
Insert into D40_PRODOTTO (ID,tipo_ID,PRODOTTO,PREZZO_ACQUISTO,PREZZO_VENDITA) values ('55','11','Tabasco','2,11','2,72');
Insert into D40_PRODOTTO (ID,tipo_ID,PRODOTTO,PREZZO_ACQUISTO,PREZZO_VENDITA) values ('56','13','ketchup','13','16,12');
Insert into D40_PRODOTTO (ID,tipo_ID,PRODOTTO,PREZZO_ACQUISTO,PREZZO_VENDITA) values ('57','13','Maionese','13,75','18,29');
Insert into D40_PRODOTTO (ID,tipo_ID,PRODOTTO,PREZZO_ACQUISTO,PREZZO_VENDITA) values ('58','13','Salsa barbecue','8,2','10,5');
Insert into D40_PRODOTTO (ID,tipo_ID,PRODOTTO,PREZZO_ACQUISTO,PREZZO_VENDITA) values ('59','5','Latte','3,38','4,29');
Insert into D40_PRODOTTO (ID,tipo_ID,PRODOTTO,PREZZO_ACQUISTO,PREZZO_VENDITA) values ('60','5','Panna','8,49','10,36');
Insert into D40_PRODOTTO (ID,tipo_ID,PRODOTTO,PREZZO_ACQUISTO,PREZZO_VENDITA) values ('61','5','Burro','6,01','7,27');
Insert into D40_PRODOTTO (ID,tipo_ID,PRODOTTO,PREZZO_ACQUISTO,PREZZO_VENDITA) values ('62','5','Yogurt','3,69','4,28');
Insert into D40_PRODOTTO (ID,tipo_ID,PRODOTTO,PREZZO_ACQUISTO,PREZZO_VENDITA) values ('63','5','Parmigiano','8,04','10,85');
Insert into D40_PRODOTTO (ID,tipo_ID,PRODOTTO,PREZZO_ACQUISTO,PREZZO_VENDITA) values ('64','5','Mozzarella','11,61','14,16');
Insert into D40_PRODOTTO (ID,tipo_ID,PRODOTTO,PREZZO_ACQUISTO,PREZZO_VENDITA) values ('65','5','Emmenthal','12,45','15,19');
Insert into D40_PRODOTTO (ID,tipo_ID,PRODOTTO,PREZZO_ACQUISTO,PREZZO_VENDITA) values ('66','5','Philadelphia','14,74','18,87');
Insert into D40_PRODOTTO (ID,tipo_ID,PRODOTTO,PREZZO_ACQUISTO,PREZZO_VENDITA) values ('67','5','Ricotta','2,39','3,13');
Insert into D40_PRODOTTO (ID,tipo_ID,PRODOTTO,PREZZO_ACQUISTO,PREZZO_VENDITA) values ('68','1','Prosciutto cotto','14,46','17,21');
Insert into D40_PRODOTTO (ID,tipo_ID,PRODOTTO,PREZZO_ACQUISTO,PREZZO_VENDITA) values ('69','1','Prosciutto crudo','4,8','5,71');
Insert into D40_PRODOTTO (ID,tipo_ID,PRODOTTO,PREZZO_ACQUISTO,PREZZO_VENDITA) values ('70','1','Bresaola','5,34','5,98');
Insert into D40_PRODOTTO (ID,tipo_ID,PRODOTTO,PREZZO_ACQUISTO,PREZZO_VENDITA) values ('71','1','Salame','5,18','6,94');
Insert into D40_PRODOTTO (ID,tipo_ID,PRODOTTO,PREZZO_ACQUISTO,PREZZO_VENDITA) values ('72','1','Mortadella','1,18','1,58');
Insert into D40_PRODOTTO (ID,tipo_ID,PRODOTTO,PREZZO_ACQUISTO,PREZZO_VENDITA) values ('73','1','Speck','5,89','7,36');
Insert into D40_PRODOTTO (ID,tipo_ID,PRODOTTO,PREZZO_ACQUISTO,PREZZO_VENDITA) values ('74','1','wurstel','13,33','16,4');
Insert into D40_PRODOTTO (ID,tipo_ID,PRODOTTO,PREZZO_ACQUISTO,PREZZO_VENDITA) values ('75','1','Pancetta','11,34','14,74');
Insert into D40_PRODOTTO (ID,tipo_ID,PRODOTTO,PREZZO_ACQUISTO,PREZZO_VENDITA) values ('76','3','Pasta fresca','21,62','27,46');
Insert into D40_PRODOTTO (ID,tipo_ID,PRODOTTO,PREZZO_ACQUISTO,PREZZO_VENDITA) values ('77','3','Pasta sfoglia','9,88','12,35');
Insert into D40_PRODOTTO (ID,tipo_ID,PRODOTTO,PREZZO_ACQUISTO,PREZZO_VENDITA) values ('78','3','Uova','13,46','16,42');
Insert into D40_PRODOTTO (ID,tipo_ID,PRODOTTO,PREZZO_ACQUISTO,PREZZO_VENDITA) values ('79','3','Seitan','15,66','19,26');
Insert into D40_PRODOTTO (ID,tipo_ID,PRODOTTO,PREZZO_ACQUISTO,PREZZO_VENDITA) values ('80','3','Tofu','21,5','27,52');
Insert into D40_PRODOTTO (ID,tipo_ID,PRODOTTO,PREZZO_ACQUISTO,PREZZO_VENDITA) values ('81','7','Gelato','3,19','4,15');
Insert into D40_PRODOTTO (ID,tipo_ID,PRODOTTO,PREZZO_ACQUISTO,PREZZO_VENDITA) values ('82','7','Minestrone','4,05','4,86');
Insert into D40_PRODOTTO (ID,tipo_ID,PRODOTTO,PREZZO_ACQUISTO,PREZZO_VENDITA) values ('83','7','Funghi','7,74','10,14');
Insert into D40_PRODOTTO (ID,tipo_ID,PRODOTTO,PREZZO_ACQUISTO,PREZZO_VENDITA) values ('84','7','Filetti di pesce','13,37','16,85');
Insert into D40_PRODOTTO (ID,tipo_ID,PRODOTTO,PREZZO_ACQUISTO,PREZZO_VENDITA) values ('85','7','Gamberetti','1,3','1,63');
Insert into D40_PRODOTTO (ID,tipo_ID,PRODOTTO,PREZZO_ACQUISTO,PREZZO_VENDITA) values ('86','2','Bistecca','21,12','26,4');
Insert into D40_PRODOTTO (ID,tipo_ID,PRODOTTO,PREZZO_ACQUISTO,PREZZO_VENDITA) values ('87','2','Arrosto','17,35','21,69');
Insert into D40_PRODOTTO (ID,tipo_ID,PRODOTTO,PREZZO_ACQUISTO,PREZZO_VENDITA) values ('88','2','Hamburger','5,15','6,28');
Insert into D40_PRODOTTO (ID,tipo_ID,PRODOTTO,PREZZO_ACQUISTO,PREZZO_VENDITA) values ('89','2','Pollo','11,19','15,11');
Insert into D40_PRODOTTO (ID,tipo_ID,PRODOTTO,PREZZO_ACQUISTO,PREZZO_VENDITA) values ('90','6','Filetti di Merluzzo','19,14','24,5');
Insert into D40_PRODOTTO (ID,tipo_ID,PRODOTTO,PREZZO_ACQUISTO,PREZZO_VENDITA) values ('91','6','Gamberi','1,93','2,59');
Insert into D40_PRODOTTO (ID,tipo_ID,PRODOTTO,PREZZO_ACQUISTO,PREZZO_VENDITA) values ('92','6','Polipo','19,5','26,33');
Insert into D40_PRODOTTO (ID,tipo_ID,PRODOTTO,PREZZO_ACQUISTO,PREZZO_VENDITA) values ('93','6','Orata','17,59','23,22');
Insert into D40_PRODOTTO (ID,tipo_ID,PRODOTTO,PREZZO_ACQUISTO,PREZZO_VENDITA) values ('94','8','Insalata','3,53','4,77');
Insert into D40_PRODOTTO (ID,tipo_ID,PRODOTTO,PREZZO_ACQUISTO,PREZZO_VENDITA) values ('95','8','Pomodori','19,05','24,19');
Insert into D40_PRODOTTO (ID,tipo_ID,PRODOTTO,PREZZO_ACQUISTO,PREZZO_VENDITA) values ('96','8','Carote','10,9','13,63');
Insert into D40_PRODOTTO (ID,tipo_ID,PRODOTTO,PREZZO_ACQUISTO,PREZZO_VENDITA) values ('97','8','Zucchine','11,83','15,02');
Insert into D40_PRODOTTO (ID,tipo_ID,PRODOTTO,PREZZO_ACQUISTO,PREZZO_VENDITA) values ('98','8','Peperoni','20,17','27,23');
Insert into D40_PRODOTTO (ID,tipo_ID,PRODOTTO,PREZZO_ACQUISTO,PREZZO_VENDITA) values ('99','8','Melanzane','15,28','18,79');
Insert into D40_PRODOTTO (ID,tipo_ID,PRODOTTO,PREZZO_ACQUISTO,PREZZO_VENDITA) values ('100','8','Patate','22,2','28,19');
Insert into D40_PRODOTTO (ID,tipo_ID,PRODOTTO,PREZZO_ACQUISTO,PREZZO_VENDITA) values ('101','8','Cipolle','7,98','10,53');
Insert into D40_PRODOTTO (ID,tipo_ID,PRODOTTO,PREZZO_ACQUISTO,PREZZO_VENDITA) values ('102','4','Mele','4,85','6,16');
Insert into D40_PRODOTTO (ID,tipo_ID,PRODOTTO,PREZZO_ACQUISTO,PREZZO_VENDITA) values ('103','4','Pere','16,61','20,93');
Insert into D40_PRODOTTO (ID,tipo_ID,PRODOTTO,PREZZO_ACQUISTO,PREZZO_VENDITA) values ('104','4','Arance','23,09','31,17');
Insert into D40_PRODOTTO (ID,tipo_ID,PRODOTTO,PREZZO_ACQUISTO,PREZZO_VENDITA) values ('105','4','Limoni','17,2','22,7');
Insert into D40_PRODOTTO (ID,tipo_ID,PRODOTTO,PREZZO_ACQUISTO,PREZZO_VENDITA) values ('106','4','Mandarini','11,89','14,74');
Insert into D40_PRODOTTO (ID,tipo_ID,PRODOTTO,PREZZO_ACQUISTO,PREZZO_VENDITA) values ('107','16','Dentifricio','10,33','13,33');
Insert into D40_PRODOTTO (ID,tipo_ID,PRODOTTO,PREZZO_ACQUISTO,PREZZO_VENDITA) values ('108','16','Spazzolino','22,06','26,91');
Insert into D40_PRODOTTO (ID,tipo_ID,PRODOTTO,PREZZO_ACQUISTO,PREZZO_VENDITA) values ('109','16','Filo interdentale','21,27','28,5');
Insert into D40_PRODOTTO (ID,tipo_ID,PRODOTTO,PREZZO_ACQUISTO,PREZZO_VENDITA) values ('110','16','Colluttorio','6,78','8,95');
Insert into D40_PRODOTTO (ID,tipo_ID,PRODOTTO,PREZZO_ACQUISTO,PREZZO_VENDITA) values ('111','16','Doccia schiuma','4,45','5,47');
Insert into D40_PRODOTTO (ID,tipo_ID,PRODOTTO,PREZZO_ACQUISTO,PREZZO_VENDITA) values ('112','16','Shampoo','13,78','16,81');
Insert into D40_PRODOTTO (ID,tipo_ID,PRODOTTO,PREZZO_ACQUISTO,PREZZO_VENDITA) values ('113','16','Balsamo','24,45','31,05');
Insert into D40_PRODOTTO (ID,tipo_ID,PRODOTTO,PREZZO_ACQUISTO,PREZZO_VENDITA) values ('114','16','Crema corpo','15,22','20,09');
Insert into D40_PRODOTTO (ID,tipo_ID,PRODOTTO,PREZZO_ACQUISTO,PREZZO_VENDITA) values ('115','16','Gel / Schiuma per capelli','18,32','22,72');
Insert into D40_PRODOTTO (ID,tipo_ID,PRODOTTO,PREZZO_ACQUISTO,PREZZO_VENDITA) values ('116','16','Detergente intimo','5,07','6,49');
Insert into D40_PRODOTTO (ID,tipo_ID,PRODOTTO,PREZZO_ACQUISTO,PREZZO_VENDITA) values ('117','16','Sapone mani','7,24','9,77');
Insert into D40_PRODOTTO (ID,tipo_ID,PRODOTTO,PREZZO_ACQUISTO,PREZZO_VENDITA) values ('118','16','Crema mani','1,05','1,39');
Insert into D40_PRODOTTO (ID,tipo_ID,PRODOTTO,PREZZO_ACQUISTO,PREZZO_VENDITA) values ('119','16','Struccante viso','12,53','15,66');
Insert into D40_PRODOTTO (ID,tipo_ID,PRODOTTO,PREZZO_ACQUISTO,PREZZO_VENDITA) values ('120','16','Sapone','15,67','20,37');
Insert into D40_PRODOTTO (ID,tipo_ID,PRODOTTO,PREZZO_ACQUISTO,PREZZO_VENDITA) values ('121','16','Crema viso','19,47','23,36');
Insert into D40_PRODOTTO (ID,tipo_ID,PRODOTTO,PREZZO_ACQUISTO,PREZZO_VENDITA) values ('122','16','Contorno occhi','15,12','19,5');
Insert into D40_PRODOTTO (ID,tipo_ID,PRODOTTO,PREZZO_ACQUISTO,PREZZO_VENDITA) values ('123','16','Rasoio','1,71','2,29');
Insert into D40_PRODOTTO (ID,tipo_ID,PRODOTTO,PREZZO_ACQUISTO,PREZZO_VENDITA) values ('124','16','Schiuma da barba','15,85','20,29');
Insert into D40_PRODOTTO (ID,tipo_ID,PRODOTTO,PREZZO_ACQUISTO,PREZZO_VENDITA) values ('125','16','Crema dopo barba','4,44','5,37');
Insert into D40_PRODOTTO (ID,tipo_ID,PRODOTTO,PREZZO_ACQUISTO,PREZZO_VENDITA) values ('126','18','Sgrassatore multiuso','17,96','21,91');
Insert into D40_PRODOTTO (ID,tipo_ID,PRODOTTO,PREZZO_ACQUISTO,PREZZO_VENDITA) values ('127','18','Igienizzante bagno','18,75','23,06');
Insert into D40_PRODOTTO (ID,tipo_ID,PRODOTTO,PREZZO_ACQUISTO,PREZZO_VENDITA) values ('128','18','Prodotto per acciaio','11,42','14,85');
Insert into D40_PRODOTTO (ID,tipo_ID,PRODOTTO,PREZZO_ACQUISTO,PREZZO_VENDITA) values ('129','18','Pulizia Forno','2,39','3,06');
Insert into D40_PRODOTTO (ID,tipo_ID,PRODOTTO,PREZZO_ACQUISTO,PREZZO_VENDITA) values ('130','18','Panno per il pavimento','22,24','28,69');
Insert into D40_PRODOTTO (ID,tipo_ID,PRODOTTO,PREZZO_ACQUISTO,PREZZO_VENDITA) values ('131','18','Panno da cucina','24,71','32,62');
Insert into D40_PRODOTTO (ID,tipo_ID,PRODOTTO,PREZZO_ACQUISTO,PREZZO_VENDITA) values ('132','18','Spugnetta per piatti','18,85','24,51');
Insert into D40_PRODOTTO (ID,tipo_ID,PRODOTTO,PREZZO_ACQUISTO,PREZZO_VENDITA) values ('133','18','Panno per il bagno','3,82','4,58');
Insert into D40_PRODOTTO (ID,tipo_ID,PRODOTTO,PREZZO_ACQUISTO,PREZZO_VENDITA) values ('134','18','Panno multiuso','24,3','32,08');
Insert into D40_PRODOTTO (ID,tipo_ID,PRODOTTO,PREZZO_ACQUISTO,PREZZO_VENDITA) values ('135','18','Detersivo lavatrice','18,48','22,36');
Insert into D40_PRODOTTO (ID,tipo_ID,PRODOTTO,PREZZO_ACQUISTO,PREZZO_VENDITA) values ('136','18','Detersivo lavastoviglie','10,66','13,86');
Insert into D40_PRODOTTO (ID,tipo_ID,PRODOTTO,PREZZO_ACQUISTO,PREZZO_VENDITA) values ('137','18','Ammorbidente','1,14','1,39');
Insert into D40_PRODOTTO (ID,tipo_ID,PRODOTTO,PREZZO_ACQUISTO,PREZZO_VENDITA) values ('138','18','Prodotto per pavimenti','24,04','28,85');
Insert into D40_PRODOTTO (ID,tipo_ID,PRODOTTO,PREZZO_ACQUISTO,PREZZO_VENDITA) values ('139','18','Prodotto per parquet','18,28','23,22');
Insert into D40_PRODOTTO (ID,tipo_ID,PRODOTTO,PREZZO_ACQUISTO,PREZZO_VENDITA) values ('140','18','Diffusore per ambienti','4,23','5,29');
Insert into D40_PRODOTTO (ID,tipo_ID,PRODOTTO,PREZZO_ACQUISTO,PREZZO_VENDITA) values ('141','18','Antitarme','22,53','29,51');
Insert into D40_PRODOTTO (ID,tipo_ID,PRODOTTO,PREZZO_ACQUISTO,PREZZO_VENDITA) values ('142','17','Rotolo di carta da cucina','16,22','19,79');
Insert into D40_PRODOTTO (ID,tipo_ID,PRODOTTO,PREZZO_ACQUISTO,PREZZO_VENDITA) values ('143','17','Tovaglioli di carta','5,82','7,1');
Insert into D40_PRODOTTO (ID,tipo_ID,PRODOTTO,PREZZO_ACQUISTO,PREZZO_VENDITA) values ('144','17','Piatti di plastica','23,68','31,49');
Insert into D40_PRODOTTO (ID,tipo_ID,PRODOTTO,PREZZO_ACQUISTO,PREZZO_VENDITA) values ('145','17','Bicchieri di plastica','10,91','14,51');
Insert into D40_PRODOTTO (ID,tipo_ID,PRODOTTO,PREZZO_ACQUISTO,PREZZO_VENDITA) values ('146','17','Carta forno','13,96','18,15');
Insert into D40_PRODOTTO (ID,tipo_ID,PRODOTTO,PREZZO_ACQUISTO,PREZZO_VENDITA) values ('147','17','Alluminio','5,2','6,34');
Insert into D40_PRODOTTO (ID,tipo_ID,PRODOTTO,PREZZO_ACQUISTO,PREZZO_VENDITA) values ('148','17','Pellicola per alimenti','23,38','31,33');
Insert into D40_PRODOTTO (ID,tipo_ID,PRODOTTO,PREZZO_ACQUISTO,PREZZO_VENDITA) values ('149','17','Sacchetti freezer','22,29','29,42');
--REM INSERTING into D40_CLIENTE
--SET DEFINE OFF;
Insert into D40_CLIENTE (ID,CLIENTE,ZONA) values ('1','Rossi Macaria','NORD');
Insert into D40_CLIENTE (ID,CLIENTE,ZONA) values ('2','Ferrari Mafalda','CENTRO');
Insert into D40_CLIENTE (ID,CLIENTE,ZONA) values ('3','Russo Maida','SUD');
Insert into D40_CLIENTE (ID,CLIENTE,ZONA) values ('4','Bianchi Mara','NORD');
Insert into D40_CLIENTE (ID,CLIENTE,ZONA) values ('5','Romano Marcella','CENTRO');
Insert into D40_CLIENTE (ID,CLIENTE,ZONA) values ('6','Gallo Margherita','SUD');
Insert into D40_CLIENTE (ID,CLIENTE,ZONA) values ('7','Costa Marianna','NORD');
Insert into D40_CLIENTE (ID,CLIENTE,ZONA) values ('8','Fontana Mariella','CENTRO');
Insert into D40_CLIENTE (ID,CLIENTE,ZONA) values ('9','Conti Marina','SUD');
Insert into D40_CLIENTE (ID,CLIENTE,ZONA) values ('10','Esposito Marinetta','NORD');
Insert into D40_CLIENTE (ID,CLIENTE,ZONA) values ('11','Ricci Marita','CENTRO');
Insert into D40_CLIENTE (ID,CLIENTE,ZONA) values ('12','Bruno Martina','SUD');
Insert into D40_CLIENTE (ID,CLIENTE,ZONA) values ('13','De Luca Menardo','NORD');
Insert into D40_CLIENTE (ID,CLIENTE,ZONA) values ('14','Moretti Meneo','CENTRO');
Insert into D40_CLIENTE (ID,CLIENTE,ZONA) values ('15','Marino Mercurio','SUD');
Insert into D40_CLIENTE (ID,CLIENTE,ZONA) values ('16','Greco Metrofane','NORD');
Insert into D40_CLIENTE (ID,CLIENTE,ZONA) values ('17','Barbieri Michele','CENTRO');
Insert into D40_CLIENTE (ID,CLIENTE,ZONA) values ('18','Lombardi Minervino','SUD');
Insert into D40_CLIENTE (ID,CLIENTE,ZONA) values ('19','Giordano Mario','NORD');
Insert into D40_CLIENTE (ID,CLIENTE,ZONA) values ('20','Cassano Martino','CENTRO');
Insert into D40_CLIENTE (ID,CLIENTE,ZONA) values ('21','Colombo Massimiliano','SUD');
Insert into D40_CLIENTE (ID,CLIENTE,ZONA) values ('22','Mancini Matroniano','NORD');
Insert into D40_CLIENTE (ID,CLIENTE,ZONA) values ('23','Longo Mattia','CENTRO');
Insert into D40_CLIENTE (ID,CLIENTE,ZONA) values ('24','Leone Maurizio','SUD');
Insert into D40_CLIENTE (ID,CLIENTE,ZONA) values ('25','Martinelli Medardo','NORD');
--REM INSERTING into D40_FORNITORE
--SET DEFINE OFF;
Insert into D40_FORNITORE (ID,FORNITORE,ZONA) values ('26','Bernardi Moira','CENTRO');
Insert into D40_FORNITORE (ID,FORNITORE,ZONA) values ('27','Bianco Marinella','SUD');
Insert into D40_FORNITORE (ID,FORNITORE,ZONA) values ('28','Caruso Maura','CENTRO');
Insert into D40_FORNITORE (ID,FORNITORE,ZONA) values ('29','Conte Marisa','NORD');
Insert into D40_FORNITORE (ID,FORNITORE,ZONA) values ('30','D''Angelo Miriam','NORD');
Insert into D40_FORNITORE (ID,FORNITORE,ZONA) values ('31','Farina Maruta','SUD');
Insert into D40_FORNITORE (ID,FORNITORE,ZONA) values ('32','Ferrara Maria','SUD');
Insert into D40_FORNITORE (ID,FORNITORE,ZONA) values ('33','Ferraro Michela','SUD');
Insert into D40_FORNITORE (ID,FORNITORE,ZONA) values ('34','Ferri Menodora','NORD');
Insert into D40_FORNITORE (ID,FORNITORE,ZONA) values ('35','Galli Manuela','SUD');
Insert into D40_FORNITORE (ID,FORNITORE,ZONA) values ('36','Gatti Marana','NORD');
Insert into D40_FORNITORE (ID,FORNITORE,ZONA) values ('37','Gentile Massima','NORD');
Insert into D40_FORNITORE (ID,FORNITORE,ZONA) values ('38','Grassi Minerva','CENTRO');
Insert into D40_FORNITORE (ID,FORNITORE,ZONA) values ('39','Marchetti Maddalena','NORD');
Insert into D40_FORNITORE (ID,FORNITORE,ZONA) values ('40','Mariani Mareta','CENTRO');
Insert into D40_FORNITORE (ID,FORNITORE,ZONA) values ('41','Marini Marilena','CENTRO');
Insert into D40_FORNITORE (ID,FORNITORE,ZONA) values ('42','Martini Magda','CENTRO');
Insert into D40_FORNITORE (ID,FORNITORE,ZONA) values ('43','Mazza Morena','SUD');
Insert into D40_FORNITORE (ID,FORNITORE,ZONA) values ('44','Morelli Melissa','SUD');
Insert into D40_FORNITORE (ID,FORNITORE,ZONA) values ('45','Pellegrini Mimma','NORD');
Insert into D40_FORNITORE (ID,FORNITORE,ZONA) values ('46','Rizzi Melanio','SUD');
Insert into D40_FORNITORE (ID,FORNITORE,ZONA) values ('47','Rossetti Miranda','SUD');
Insert into D40_FORNITORE (ID,FORNITORE,ZONA) values ('48','Santoro Marica','NORD');
Insert into D40_FORNITORE (ID,FORNITORE,ZONA) values ('49','Serra Marta','CENTRO');
Insert into D40_FORNITORE (ID,FORNITORE,ZONA) values ('50','Testa Messalina','CENTRO');
--REM INSERTING into D40_ACQUISTO
--SET DEFINE OFF;
Insert into D40_ACQUISTO (ID,FORNITORE_ID,PRODOTTO_ID,DATA,QUANTITA) values ('8255','32','107',to_date('18/08/2020','DD/MM/YYYY'),'22');
Insert into D40_ACQUISTO (ID,FORNITORE_ID,PRODOTTO_ID,DATA,QUANTITA) values ('8256','32','59',to_date('11/11/2020','DD/MM/YYYY'),'19');
Insert into D40_ACQUISTO (ID,FORNITORE_ID,PRODOTTO_ID,DATA,QUANTITA) values ('8257','32','3',to_date('23/12/2020','DD/MM/YYYY'),'28');
Insert into D40_ACQUISTO (ID,FORNITORE_ID,PRODOTTO_ID,DATA,QUANTITA) values ('8258','32','87',to_date('16/10/2020','DD/MM/YYYY'),'15');
Insert into D40_ACQUISTO (ID,FORNITORE_ID,PRODOTTO_ID,DATA,QUANTITA) values ('8259','32','38',to_date('10/06/2021','DD/MM/YYYY'),'11');
Insert into D40_ACQUISTO (ID,FORNITORE_ID,PRODOTTO_ID,DATA,QUANTITA) values ('8260','32','95',to_date('25/02/2021','DD/MM/YYYY'),'21');
Insert into D40_ACQUISTO (ID,FORNITORE_ID,PRODOTTO_ID,DATA,QUANTITA) values ('8261','32','27',to_date('24/08/2020','DD/MM/YYYY'),'22');
Insert into D40_ACQUISTO (ID,FORNITORE_ID,PRODOTTO_ID,DATA,QUANTITA) values ('8262','32','68',to_date('15/11/2020','DD/MM/YYYY'),'14');
Insert into D40_ACQUISTO (ID,FORNITORE_ID,PRODOTTO_ID,DATA,QUANTITA) values ('8263','32','88',to_date('09/03/2021','DD/MM/YYYY'),'22');
Insert into D40_ACQUISTO (ID,FORNITORE_ID,PRODOTTO_ID,DATA,QUANTITA) values ('8264','32','102',to_date('19/12/2020','DD/MM/YYYY'),'27');
Insert into D40_ACQUISTO (ID,FORNITORE_ID,PRODOTTO_ID,DATA,QUANTITA) values ('8265','32','138',to_date('01/02/2021','DD/MM/YYYY'),'16');
Insert into D40_ACQUISTO (ID,FORNITORE_ID,PRODOTTO_ID,DATA,QUANTITA) values ('8266','32','104',to_date('17/12/2020','DD/MM/YYYY'),'15');
Insert into D40_ACQUISTO (ID,FORNITORE_ID,PRODOTTO_ID,DATA,QUANTITA) values ('8267','32','142',to_date('16/12/2020','DD/MM/YYYY'),'27');
Insert into D40_ACQUISTO (ID,FORNITORE_ID,PRODOTTO_ID,DATA,QUANTITA) values ('8268','32','143',to_date('12/10/2020','DD/MM/YYYY'),'22');
Insert into D40_ACQUISTO (ID,FORNITORE_ID,PRODOTTO_ID,DATA,QUANTITA) values ('8269','32','7',to_date('05/06/2021','DD/MM/YYYY'),'29');
Insert into D40_ACQUISTO (ID,FORNITORE_ID,PRODOTTO_ID,DATA,QUANTITA) values ('8270','32','37',to_date('07/03/2021','DD/MM/YYYY'),'24');
Insert into D40_ACQUISTO (ID,FORNITORE_ID,PRODOTTO_ID,DATA,QUANTITA) values ('8271','32','52',to_date('23/07/2020','DD/MM/YYYY'),'30');
Insert into D40_ACQUISTO (ID,FORNITORE_ID,PRODOTTO_ID,DATA,QUANTITA) values ('8272','32','133',to_date('10/06/2021','DD/MM/YYYY'),'17');
Insert into D40_ACQUISTO (ID,FORNITORE_ID,PRODOTTO_ID,DATA,QUANTITA) values ('8273','32','31',to_date('09/03/2021','DD/MM/YYYY'),'19');
Insert into D40_ACQUISTO (ID,FORNITORE_ID,PRODOTTO_ID,DATA,QUANTITA) values ('8274','32','141',to_date('06/07/2021','DD/MM/YYYY'),'12');
Insert into D40_ACQUISTO (ID,FORNITORE_ID,PRODOTTO_ID,DATA,QUANTITA) values ('8275','32','118',to_date('12/02/2021','DD/MM/YYYY'),'15');
Insert into D40_ACQUISTO (ID,FORNITORE_ID,PRODOTTO_ID,DATA,QUANTITA) values ('8276','32','102',to_date('18/08/2020','DD/MM/YYYY'),'14');
Insert into D40_ACQUISTO (ID,FORNITORE_ID,PRODOTTO_ID,DATA,QUANTITA) values ('8277','32','110',to_date('10/12/2020','DD/MM/YYYY'),'16');
Insert into D40_ACQUISTO (ID,FORNITORE_ID,PRODOTTO_ID,DATA,QUANTITA) values ('8278','32','55',to_date('01/08/2020','DD/MM/YYYY'),'23');
Insert into D40_ACQUISTO (ID,FORNITORE_ID,PRODOTTO_ID,DATA,QUANTITA) values ('8279','32','2',to_date('09/06/2021','DD/MM/YYYY'),'28');
Insert into D40_ACQUISTO (ID,FORNITORE_ID,PRODOTTO_ID,DATA,QUANTITA) values ('8280','32','74',to_date('20/04/2021','DD/MM/YYYY'),'14');
Insert into D40_ACQUISTO (ID,FORNITORE_ID,PRODOTTO_ID,DATA,QUANTITA) values ('8281','32','82',to_date('11/09/2020','DD/MM/YYYY'),'11');
Insert into D40_ACQUISTO (ID,FORNITORE_ID,PRODOTTO_ID,DATA,QUANTITA) values ('8282','32','111',to_date('12/08/2020','DD/MM/YYYY'),'14');
Insert into D40_ACQUISTO (ID,FORNITORE_ID,PRODOTTO_ID,DATA,QUANTITA) values ('8283','32','13',to_date('06/04/2021','DD/MM/YYYY'),'10');
Insert into D40_ACQUISTO (ID,FORNITORE_ID,PRODOTTO_ID,DATA,QUANTITA) values ('8284','32','119',to_date('25/03/2021','DD/MM/YYYY'),'11');
Insert into D40_ACQUISTO (ID,FORNITORE_ID,PRODOTTO_ID,DATA,QUANTITA) values ('8285','33','60',to_date('25/12/2020','DD/MM/YYYY'),'10');
Insert into D40_ACQUISTO (ID,FORNITORE_ID,PRODOTTO_ID,DATA,QUANTITA) values ('8286','33','104',to_date('30/01/2021','DD/MM/YYYY'),'17');
Insert into D40_ACQUISTO (ID,FORNITORE_ID,PRODOTTO_ID,DATA,QUANTITA) values ('8287','33','66',to_date('07/04/2021','DD/MM/YYYY'),'14');
Insert into D40_ACQUISTO (ID,FORNITORE_ID,PRODOTTO_ID,DATA,QUANTITA) values ('8288','33','120',to_date('12/02/2021','DD/MM/YYYY'),'28');
Insert into D40_ACQUISTO (ID,FORNITORE_ID,PRODOTTO_ID,DATA,QUANTITA) values ('8289','33','20',to_date('15/01/2021','DD/MM/YYYY'),'22');
Insert into D40_ACQUISTO (ID,FORNITORE_ID,PRODOTTO_ID,DATA,QUANTITA) values ('8290','33','35',to_date('14/09/2020','DD/MM/YYYY'),'13');
Insert into D40_ACQUISTO (ID,FORNITORE_ID,PRODOTTO_ID,DATA,QUANTITA) values ('8291','33','14',to_date('27/09/2020','DD/MM/YYYY'),'15');
Insert into D40_ACQUISTO (ID,FORNITORE_ID,PRODOTTO_ID,DATA,QUANTITA) values ('8292','33','96',to_date('05/08/2020','DD/MM/YYYY'),'24');
Insert into D40_ACQUISTO (ID,FORNITORE_ID,PRODOTTO_ID,DATA,QUANTITA) values ('8293','33','109',to_date('16/07/2020','DD/MM/YYYY'),'30');
Insert into D40_ACQUISTO (ID,FORNITORE_ID,PRODOTTO_ID,DATA,QUANTITA) values ('8294','33','85',to_date('25/03/2021','DD/MM/YYYY'),'26');
Insert into D40_ACQUISTO (ID,FORNITORE_ID,PRODOTTO_ID,DATA,QUANTITA) values ('8295','33','95',to_date('24/10/2020','DD/MM/YYYY'),'12');
Insert into D40_ACQUISTO (ID,FORNITORE_ID,PRODOTTO_ID,DATA,QUANTITA) values ('8296','33','65',to_date('03/11/2020','DD/MM/YYYY'),'21');
Insert into D40_ACQUISTO (ID,FORNITORE_ID,PRODOTTO_ID,DATA,QUANTITA) values ('8297','33','86',to_date('13/03/2021','DD/MM/YYYY'),'26');
Insert into D40_ACQUISTO (ID,FORNITORE_ID,PRODOTTO_ID,DATA,QUANTITA) values ('8298','33','34',to_date('12/02/2021','DD/MM/YYYY'),'28');
Insert into D40_ACQUISTO (ID,FORNITORE_ID,PRODOTTO_ID,DATA,QUANTITA) values ('8299','33','50',to_date('24/10/2020','DD/MM/YYYY'),'18');
Insert into D40_ACQUISTO (ID,FORNITORE_ID,PRODOTTO_ID,DATA,QUANTITA) values ('8300','33','14',to_date('04/02/2021','DD/MM/YYYY'),'19');
Insert into D40_ACQUISTO (ID,FORNITORE_ID,PRODOTTO_ID,DATA,QUANTITA) values ('8301','33','75',to_date('18/09/2020','DD/MM/YYYY'),'11');
Insert into D40_ACQUISTO (ID,FORNITORE_ID,PRODOTTO_ID,DATA,QUANTITA) values ('8302','33','69',to_date('22/07/2020','DD/MM/YYYY'),'13');
Insert into D40_ACQUISTO (ID,FORNITORE_ID,PRODOTTO_ID,DATA,QUANTITA) values ('8303','33','106',to_date('25/04/2021','DD/MM/YYYY'),'30');
Insert into D40_ACQUISTO (ID,FORNITORE_ID,PRODOTTO_ID,DATA,QUANTITA) values ('8304','33','80',to_date('10/03/2021','DD/MM/YYYY'),'28');
Insert into D40_ACQUISTO (ID,FORNITORE_ID,PRODOTTO_ID,DATA,QUANTITA) values ('8305','33','103',to_date('06/01/2021','DD/MM/YYYY'),'19');
Insert into D40_ACQUISTO (ID,FORNITORE_ID,PRODOTTO_ID,DATA,QUANTITA) values ('8306','33','135',to_date('29/12/2020','DD/MM/YYYY'),'19');
Insert into D40_ACQUISTO (ID,FORNITORE_ID,PRODOTTO_ID,DATA,QUANTITA) values ('8307','33','58',to_date('01/12/2020','DD/MM/YYYY'),'13');
Insert into D40_ACQUISTO (ID,FORNITORE_ID,PRODOTTO_ID,DATA,QUANTITA) values ('8308','33','124',to_date('08/04/2021','DD/MM/YYYY'),'25');
Insert into D40_ACQUISTO (ID,FORNITORE_ID,PRODOTTO_ID,DATA,QUANTITA) values ('8309','33','8',to_date('07/07/2021','DD/MM/YYYY'),'15');
Insert into D40_ACQUISTO (ID,FORNITORE_ID,PRODOTTO_ID,DATA,QUANTITA) values ('8310','33','5',to_date('01/09/2020','DD/MM/YYYY'),'23');
Insert into D40_ACQUISTO (ID,FORNITORE_ID,PRODOTTO_ID,DATA,QUANTITA) values ('8311','34','93',to_date('22/11/2020','DD/MM/YYYY'),'10');
Insert into D40_ACQUISTO (ID,FORNITORE_ID,PRODOTTO_ID,DATA,QUANTITA) values ('8312','34','76',to_date('09/12/2020','DD/MM/YYYY'),'16');
Insert into D40_ACQUISTO (ID,FORNITORE_ID,PRODOTTO_ID,DATA,QUANTITA) values ('8313','34','12',to_date('16/08/2020','DD/MM/YYYY'),'24');
Insert into D40_ACQUISTO (ID,FORNITORE_ID,PRODOTTO_ID,DATA,QUANTITA) values ('8314','34','67',to_date('04/05/2021','DD/MM/YYYY'),'23');
Insert into D40_ACQUISTO (ID,FORNITORE_ID,PRODOTTO_ID,DATA,QUANTITA) values ('8315','34','18',to_date('13/11/2020','DD/MM/YYYY'),'27');
Insert into D40_ACQUISTO (ID,FORNITORE_ID,PRODOTTO_ID,DATA,QUANTITA) values ('8316','34','120',to_date('22/05/2021','DD/MM/YYYY'),'26');
Insert into D40_ACQUISTO (ID,FORNITORE_ID,PRODOTTO_ID,DATA,QUANTITA) values ('8317','34','91',to_date('13/10/2020','DD/MM/YYYY'),'21');
Insert into D40_ACQUISTO (ID,FORNITORE_ID,PRODOTTO_ID,DATA,QUANTITA) values ('8318','34','132',to_date('03/04/2021','DD/MM/YYYY'),'26');
Insert into D40_ACQUISTO (ID,FORNITORE_ID,PRODOTTO_ID,DATA,QUANTITA) values ('8319','34','141',to_date('31/10/2020','DD/MM/YYYY'),'13');
Insert into D40_ACQUISTO (ID,FORNITORE_ID,PRODOTTO_ID,DATA,QUANTITA) values ('8320','34','8',to_date('21/12/2020','DD/MM/YYYY'),'30');
Insert into D40_ACQUISTO (ID,FORNITORE_ID,PRODOTTO_ID,DATA,QUANTITA) values ('8321','34','146',to_date('24/01/2021','DD/MM/YYYY'),'18');
Insert into D40_ACQUISTO (ID,FORNITORE_ID,PRODOTTO_ID,DATA,QUANTITA) values ('8322','34','117',to_date('03/04/2021','DD/MM/YYYY'),'27');
Insert into D40_ACQUISTO (ID,FORNITORE_ID,PRODOTTO_ID,DATA,QUANTITA) values ('8323','34','128',to_date('07/05/2021','DD/MM/YYYY'),'12');
Insert into D40_ACQUISTO (ID,FORNITORE_ID,PRODOTTO_ID,DATA,QUANTITA) values ('8324','34','22',to_date('15/02/2021','DD/MM/YYYY'),'22');
Insert into D40_ACQUISTO (ID,FORNITORE_ID,PRODOTTO_ID,DATA,QUANTITA) values ('8325','34','35',to_date('16/11/2020','DD/MM/YYYY'),'17');
Insert into D40_ACQUISTO (ID,FORNITORE_ID,PRODOTTO_ID,DATA,QUANTITA) values ('8326','34','87',to_date('20/07/2020','DD/MM/YYYY'),'30');
Insert into D40_ACQUISTO (ID,FORNITORE_ID,PRODOTTO_ID,DATA,QUANTITA) values ('8327','34','50',to_date('22/06/2021','DD/MM/YYYY'),'23');
Insert into D40_ACQUISTO (ID,FORNITORE_ID,PRODOTTO_ID,DATA,QUANTITA) values ('8328','34','34',to_date('12/12/2020','DD/MM/YYYY'),'26');
Insert into D40_ACQUISTO (ID,FORNITORE_ID,PRODOTTO_ID,DATA,QUANTITA) values ('8329','34','40',to_date('07/06/2021','DD/MM/YYYY'),'27');
Insert into D40_ACQUISTO (ID,FORNITORE_ID,PRODOTTO_ID,DATA,QUANTITA) values ('8330','34','65',to_date('12/07/2020','DD/MM/YYYY'),'14');
Insert into D40_ACQUISTO (ID,FORNITORE_ID,PRODOTTO_ID,DATA,QUANTITA) values ('8331','34','84',to_date('17/08/2020','DD/MM/YYYY'),'21');
Insert into D40_ACQUISTO (ID,FORNITORE_ID,PRODOTTO_ID,DATA,QUANTITA) values ('8332','34','25',to_date('11/07/2020','DD/MM/YYYY'),'16');
Insert into D40_ACQUISTO (ID,FORNITORE_ID,PRODOTTO_ID,DATA,QUANTITA) values ('8333','34','112',to_date('10/10/2020','DD/MM/YYYY'),'18');
Insert into D40_ACQUISTO (ID,FORNITORE_ID,PRODOTTO_ID,DATA,QUANTITA) values ('8334','34','132',to_date('21/01/2021','DD/MM/YYYY'),'10');
Insert into D40_ACQUISTO (ID,FORNITORE_ID,PRODOTTO_ID,DATA,QUANTITA) values ('8335','34','136',to_date('05/10/2020','DD/MM/YYYY'),'10');
Insert into D40_ACQUISTO (ID,FORNITORE_ID,PRODOTTO_ID,DATA,QUANTITA) values ('8336','34','132',to_date('13/02/2021','DD/MM/YYYY'),'24');
Insert into D40_ACQUISTO (ID,FORNITORE_ID,PRODOTTO_ID,DATA,QUANTITA) values ('8337','34','15',to_date('25/08/2020','DD/MM/YYYY'),'21');
Insert into D40_ACQUISTO (ID,FORNITORE_ID,PRODOTTO_ID,DATA,QUANTITA) values ('8338','34','130',to_date('08/01/2021','DD/MM/YYYY'),'26');
Insert into D40_ACQUISTO (ID,FORNITORE_ID,PRODOTTO_ID,DATA,QUANTITA) values ('8339','34','82',to_date('20/06/2021','DD/MM/YYYY'),'17');
Insert into D40_ACQUISTO (ID,FORNITORE_ID,PRODOTTO_ID,DATA,QUANTITA) values ('8340','34','98',to_date('04/12/2020','DD/MM/YYYY'),'25');
Insert into D40_ACQUISTO (ID,FORNITORE_ID,PRODOTTO_ID,DATA,QUANTITA) values ('8341','34','64',to_date('05/12/2020','DD/MM/YYYY'),'19');
Insert into D40_ACQUISTO (ID,FORNITORE_ID,PRODOTTO_ID,DATA,QUANTITA) values ('8342','34','87',to_date('29/03/2021','DD/MM/YYYY'),'30');
Insert into D40_ACQUISTO (ID,FORNITORE_ID,PRODOTTO_ID,DATA,QUANTITA) values ('8343','34','88',to_date('06/08/2020','DD/MM/YYYY'),'22');
Insert into D40_ACQUISTO (ID,FORNITORE_ID,PRODOTTO_ID,DATA,QUANTITA) values ('8344','34','23',to_date('17/12/2020','DD/MM/YYYY'),'25');
Insert into D40_ACQUISTO (ID,FORNITORE_ID,PRODOTTO_ID,DATA,QUANTITA) values ('8345','34','56',to_date('29/06/2021','DD/MM/YYYY'),'19');
Insert into D40_ACQUISTO (ID,FORNITORE_ID,PRODOTTO_ID,DATA,QUANTITA) values ('8346','34','139',to_date('19/02/2021','DD/MM/YYYY'),'18');
Insert into D40_ACQUISTO (ID,FORNITORE_ID,PRODOTTO_ID,DATA,QUANTITA) values ('8347','34','122',to_date('26/03/2021','DD/MM/YYYY'),'26');
Insert into D40_ACQUISTO (ID,FORNITORE_ID,PRODOTTO_ID,DATA,QUANTITA) values ('8348','34','61',to_date('02/04/2021','DD/MM/YYYY'),'24');
Insert into D40_ACQUISTO (ID,FORNITORE_ID,PRODOTTO_ID,DATA,QUANTITA) values ('8349','34','69',to_date('10/01/2021','DD/MM/YYYY'),'15');
Insert into D40_ACQUISTO (ID,FORNITORE_ID,PRODOTTO_ID,DATA,QUANTITA) values ('8350','34','72',to_date('12/09/2020','DD/MM/YYYY'),'19');
Insert into D40_ACQUISTO (ID,FORNITORE_ID,PRODOTTO_ID,DATA,QUANTITA) values ('8351','34','45',to_date('25/11/2020','DD/MM/YYYY'),'24');
Insert into D40_ACQUISTO (ID,FORNITORE_ID,PRODOTTO_ID,DATA,QUANTITA) values ('8352','34','129',to_date('03/09/2020','DD/MM/YYYY'),'27');
Insert into D40_ACQUISTO (ID,FORNITORE_ID,PRODOTTO_ID,DATA,QUANTITA) values ('8353','34','29',to_date('10/10/2020','DD/MM/YYYY'),'28');
Insert into D40_ACQUISTO (ID,FORNITORE_ID,PRODOTTO_ID,DATA,QUANTITA) values ('8354','34','64',to_date('06/09/2020','DD/MM/YYYY'),'14');
Insert into D40_ACQUISTO (ID,FORNITORE_ID,PRODOTTO_ID,DATA,QUANTITA) values ('8355','34','40',to_date('28/07/2020','DD/MM/YYYY'),'24');
Insert into D40_ACQUISTO (ID,FORNITORE_ID,PRODOTTO_ID,DATA,QUANTITA) values ('8356','34','47',to_date('29/11/2020','DD/MM/YYYY'),'25');
Insert into D40_ACQUISTO (ID,FORNITORE_ID,PRODOTTO_ID,DATA,QUANTITA) values ('8357','35','143',to_date('06/07/2021','DD/MM/YYYY'),'23');
Insert into D40_ACQUISTO (ID,FORNITORE_ID,PRODOTTO_ID,DATA,QUANTITA) values ('8358','35','69',to_date('02/09/2020','DD/MM/YYYY'),'27');
Insert into D40_ACQUISTO (ID,FORNITORE_ID,PRODOTTO_ID,DATA,QUANTITA) values ('8359','35','31',to_date('23/12/2020','DD/MM/YYYY'),'29');
Insert into D40_ACQUISTO (ID,FORNITORE_ID,PRODOTTO_ID,DATA,QUANTITA) values ('8360','35','61',to_date('14/07/2020','DD/MM/YYYY'),'26');
Insert into D40_ACQUISTO (ID,FORNITORE_ID,PRODOTTO_ID,DATA,QUANTITA) values ('8361','35','120',to_date('10/12/2020','DD/MM/YYYY'),'30');
Insert into D40_ACQUISTO (ID,FORNITORE_ID,PRODOTTO_ID,DATA,QUANTITA) values ('8362','35','103',to_date('19/06/2021','DD/MM/YYYY'),'17');
Insert into D40_ACQUISTO (ID,FORNITORE_ID,PRODOTTO_ID,DATA,QUANTITA) values ('8363','35','12',to_date('30/08/2020','DD/MM/YYYY'),'21');
Insert into D40_ACQUISTO (ID,FORNITORE_ID,PRODOTTO_ID,DATA,QUANTITA) values ('8364','35','122',to_date('18/04/2021','DD/MM/YYYY'),'11');
Insert into D40_ACQUISTO (ID,FORNITORE_ID,PRODOTTO_ID,DATA,QUANTITA) values ('8365','35','39',to_date('16/06/2021','DD/MM/YYYY'),'23');
Insert into D40_ACQUISTO (ID,FORNITORE_ID,PRODOTTO_ID,DATA,QUANTITA) values ('8366','35','42',to_date('08/06/2021','DD/MM/YYYY'),'22');
Insert into D40_ACQUISTO (ID,FORNITORE_ID,PRODOTTO_ID,DATA,QUANTITA) values ('8367','35','95',to_date('09/03/2021','DD/MM/YYYY'),'15');
Insert into D40_ACQUISTO (ID,FORNITORE_ID,PRODOTTO_ID,DATA,QUANTITA) values ('8368','35','138',to_date('29/09/2020','DD/MM/YYYY'),'10');
Insert into D40_ACQUISTO (ID,FORNITORE_ID,PRODOTTO_ID,DATA,QUANTITA) values ('8369','35','19',to_date('02/04/2021','DD/MM/YYYY'),'27');
Insert into D40_ACQUISTO (ID,FORNITORE_ID,PRODOTTO_ID,DATA,QUANTITA) values ('8370','35','102',to_date('26/04/2021','DD/MM/YYYY'),'29');
Insert into D40_ACQUISTO (ID,FORNITORE_ID,PRODOTTO_ID,DATA,QUANTITA) values ('8371','35','40',to_date('09/12/2020','DD/MM/YYYY'),'30');
Insert into D40_ACQUISTO (ID,FORNITORE_ID,PRODOTTO_ID,DATA,QUANTITA) values ('8372','35','20',to_date('11/03/2021','DD/MM/YYYY'),'18');
Insert into D40_ACQUISTO (ID,FORNITORE_ID,PRODOTTO_ID,DATA,QUANTITA) values ('8373','35','21',to_date('28/07/2020','DD/MM/YYYY'),'12');
Insert into D40_ACQUISTO (ID,FORNITORE_ID,PRODOTTO_ID,DATA,QUANTITA) values ('8374','35','130',to_date('18/08/2020','DD/MM/YYYY'),'14');
Insert into D40_ACQUISTO (ID,FORNITORE_ID,PRODOTTO_ID,DATA,QUANTITA) values ('8375','35','10',to_date('05/05/2021','DD/MM/YYYY'),'23');
Insert into D40_ACQUISTO (ID,FORNITORE_ID,PRODOTTO_ID,DATA,QUANTITA) values ('8376','35','51',to_date('08/09/2020','DD/MM/YYYY'),'28');
Insert into D40_ACQUISTO (ID,FORNITORE_ID,PRODOTTO_ID,DATA,QUANTITA) values ('8377','35','39',to_date('07/10/2020','DD/MM/YYYY'),'27');
Insert into D40_ACQUISTO (ID,FORNITORE_ID,PRODOTTO_ID,DATA,QUANTITA) values ('8378','35','110',to_date('18/07/2020','DD/MM/YYYY'),'28');
Insert into D40_ACQUISTO (ID,FORNITORE_ID,PRODOTTO_ID,DATA,QUANTITA) values ('8379','35','108',to_date('17/01/2021','DD/MM/YYYY'),'26');
Insert into D40_ACQUISTO (ID,FORNITORE_ID,PRODOTTO_ID,DATA,QUANTITA) values ('8380','35','119',to_date('18/05/2021','DD/MM/YYYY'),'27');
Insert into D40_ACQUISTO (ID,FORNITORE_ID,PRODOTTO_ID,DATA,QUANTITA) values ('8381','35','72',to_date('01/03/2021','DD/MM/YYYY'),'25');
Insert into D40_ACQUISTO (ID,FORNITORE_ID,PRODOTTO_ID,DATA,QUANTITA) values ('8382','35','101',to_date('27/01/2021','DD/MM/YYYY'),'27');
Insert into D40_ACQUISTO (ID,FORNITORE_ID,PRODOTTO_ID,DATA,QUANTITA) values ('8383','35','146',to_date('07/07/2021','DD/MM/YYYY'),'10');
Insert into D40_ACQUISTO (ID,FORNITORE_ID,PRODOTTO_ID,DATA,QUANTITA) values ('8384','35','42',to_date('05/06/2021','DD/MM/YYYY'),'29');
Insert into D40_ACQUISTO (ID,FORNITORE_ID,PRODOTTO_ID,DATA,QUANTITA) values ('8385','35','10',to_date('06/05/2021','DD/MM/YYYY'),'24');
Insert into D40_ACQUISTO (ID,FORNITORE_ID,PRODOTTO_ID,DATA,QUANTITA) values ('8386','35','15',to_date('01/10/2020','DD/MM/YYYY'),'22');
Insert into D40_ACQUISTO (ID,FORNITORE_ID,PRODOTTO_ID,DATA,QUANTITA) values ('8387','35','84',to_date('02/10/2020','DD/MM/YYYY'),'28');
Insert into D40_ACQUISTO (ID,FORNITORE_ID,PRODOTTO_ID,DATA,QUANTITA) values ('8388','35','85',to_date('27/03/2021','DD/MM/YYYY'),'25');
Insert into D40_ACQUISTO (ID,FORNITORE_ID,PRODOTTO_ID,DATA,QUANTITA) values ('8389','35','123',to_date('09/10/2020','DD/MM/YYYY'),'10');
Insert into D40_ACQUISTO (ID,FORNITORE_ID,PRODOTTO_ID,DATA,QUANTITA) values ('8390','35','102',to_date('02/12/2020','DD/MM/YYYY'),'27');
Insert into D40_ACQUISTO (ID,FORNITORE_ID,PRODOTTO_ID,DATA,QUANTITA) values ('8391','35','146',to_date('08/03/2021','DD/MM/YYYY'),'30');
Insert into D40_ACQUISTO (ID,FORNITORE_ID,PRODOTTO_ID,DATA,QUANTITA) values ('8392','35','78',to_date('10/08/2020','DD/MM/YYYY'),'18');
Insert into D40_ACQUISTO (ID,FORNITORE_ID,PRODOTTO_ID,DATA,QUANTITA) values ('8393','35','84',to_date('17/01/2021','DD/MM/YYYY'),'30');
Insert into D40_ACQUISTO (ID,FORNITORE_ID,PRODOTTO_ID,DATA,QUANTITA) values ('8394','35','106',to_date('26/04/2021','DD/MM/YYYY'),'14');
Insert into D40_ACQUISTO (ID,FORNITORE_ID,PRODOTTO_ID,DATA,QUANTITA) values ('8395','35','108',to_date('14/04/2021','DD/MM/YYYY'),'17');
Insert into D40_ACQUISTO (ID,FORNITORE_ID,PRODOTTO_ID,DATA,QUANTITA) values ('8396','36','44',to_date('29/11/2020','DD/MM/YYYY'),'13');
Insert into D40_ACQUISTO (ID,FORNITORE_ID,PRODOTTO_ID,DATA,QUANTITA) values ('8397','36','118',to_date('01/07/2021','DD/MM/YYYY'),'12');
Insert into D40_ACQUISTO (ID,FORNITORE_ID,PRODOTTO_ID,DATA,QUANTITA) values ('8398','36','137',to_date('12/04/2021','DD/MM/YYYY'),'16');
Insert into D40_ACQUISTO (ID,FORNITORE_ID,PRODOTTO_ID,DATA,QUANTITA) values ('8399','36','132',to_date('19/01/2021','DD/MM/YYYY'),'30');
Insert into D40_ACQUISTO (ID,FORNITORE_ID,PRODOTTO_ID,DATA,QUANTITA) values ('8400','36','148',to_date('28/07/2020','DD/MM/YYYY'),'16');
Insert into D40_ACQUISTO (ID,FORNITORE_ID,PRODOTTO_ID,DATA,QUANTITA) values ('8401','36','142',to_date('06/06/2021','DD/MM/YYYY'),'30');
Insert into D40_ACQUISTO (ID,FORNITORE_ID,PRODOTTO_ID,DATA,QUANTITA) values ('8402','36','79',to_date('19/04/2021','DD/MM/YYYY'),'16');
Insert into D40_ACQUISTO (ID,FORNITORE_ID,PRODOTTO_ID,DATA,QUANTITA) values ('8403','36','83',to_date('11/05/2021','DD/MM/YYYY'),'25');
Insert into D40_ACQUISTO (ID,FORNITORE_ID,PRODOTTO_ID,DATA,QUANTITA) values ('8404','36','4',to_date('09/05/2021','DD/MM/YYYY'),'23');
Insert into D40_ACQUISTO (ID,FORNITORE_ID,PRODOTTO_ID,DATA,QUANTITA) values ('8405','36','108',to_date('14/07/2020','DD/MM/YYYY'),'13');
Insert into D40_ACQUISTO (ID,FORNITORE_ID,PRODOTTO_ID,DATA,QUANTITA) values ('8406','36','93',to_date('11/08/2020','DD/MM/YYYY'),'25');
Insert into D40_ACQUISTO (ID,FORNITORE_ID,PRODOTTO_ID,DATA,QUANTITA) values ('8407','36','142',to_date('18/05/2021','DD/MM/YYYY'),'24');
Insert into D40_ACQUISTO (ID,FORNITORE_ID,PRODOTTO_ID,DATA,QUANTITA) values ('8408','36','101',to_date('22/10/2020','DD/MM/YYYY'),'18');
Insert into D40_ACQUISTO (ID,FORNITORE_ID,PRODOTTO_ID,DATA,QUANTITA) values ('8409','36','52',to_date('28/01/2021','DD/MM/YYYY'),'17');
Insert into D40_ACQUISTO (ID,FORNITORE_ID,PRODOTTO_ID,DATA,QUANTITA) values ('8410','36','21',to_date('08/03/2021','DD/MM/YYYY'),'19');
Insert into D40_ACQUISTO (ID,FORNITORE_ID,PRODOTTO_ID,DATA,QUANTITA) values ('8411','36','25',to_date('19/01/2021','DD/MM/YYYY'),'18');
Insert into D40_ACQUISTO (ID,FORNITORE_ID,PRODOTTO_ID,DATA,QUANTITA) values ('8412','36','64',to_date('27/11/2020','DD/MM/YYYY'),'25');
Insert into D40_ACQUISTO (ID,FORNITORE_ID,PRODOTTO_ID,DATA,QUANTITA) values ('8413','36','121',to_date('14/09/2020','DD/MM/YYYY'),'24');
Insert into D40_ACQUISTO (ID,FORNITORE_ID,PRODOTTO_ID,DATA,QUANTITA) values ('8414','36','56',to_date('28/02/2021','DD/MM/YYYY'),'23');
Insert into D40_ACQUISTO (ID,FORNITORE_ID,PRODOTTO_ID,DATA,QUANTITA) values ('8415','36','55',to_date('06/05/2021','DD/MM/YYYY'),'19');
Insert into D40_ACQUISTO (ID,FORNITORE_ID,PRODOTTO_ID,DATA,QUANTITA) values ('8416','36','140',to_date('23/12/2020','DD/MM/YYYY'),'20');
Insert into D40_ACQUISTO (ID,FORNITORE_ID,PRODOTTO_ID,DATA,QUANTITA) values ('8417','36','142',to_date('12/12/2020','DD/MM/YYYY'),'18');
Insert into D40_ACQUISTO (ID,FORNITORE_ID,PRODOTTO_ID,DATA,QUANTITA) values ('8418','36','131',to_date('28/01/2021','DD/MM/YYYY'),'25');
Insert into D40_ACQUISTO (ID,FORNITORE_ID,PRODOTTO_ID,DATA,QUANTITA) values ('8419','36','111',to_date('11/10/2020','DD/MM/YYYY'),'27');
Insert into D40_ACQUISTO (ID,FORNITORE_ID,PRODOTTO_ID,DATA,QUANTITA) values ('8420','36','56',to_date('21/11/2020','DD/MM/YYYY'),'13');
Insert into D40_ACQUISTO (ID,FORNITORE_ID,PRODOTTO_ID,DATA,QUANTITA) values ('8421','36','35',to_date('21/05/2021','DD/MM/YYYY'),'12');
Insert into D40_ACQUISTO (ID,FORNITORE_ID,PRODOTTO_ID,DATA,QUANTITA) values ('8422','36','70',to_date('21/07/2020','DD/MM/YYYY'),'11');
Insert into D40_ACQUISTO (ID,FORNITORE_ID,PRODOTTO_ID,DATA,QUANTITA) values ('8423','36','21',to_date('24/10/2020','DD/MM/YYYY'),'28');
Insert into D40_ACQUISTO (ID,FORNITORE_ID,PRODOTTO_ID,DATA,QUANTITA) values ('8424','36','61',to_date('15/12/2020','DD/MM/YYYY'),'20');
Insert into D40_ACQUISTO (ID,FORNITORE_ID,PRODOTTO_ID,DATA,QUANTITA) values ('8425','36','6',to_date('12/02/2021','DD/MM/YYYY'),'22');
Insert into D40_ACQUISTO (ID,FORNITORE_ID,PRODOTTO_ID,DATA,QUANTITA) values ('8426','36','141',to_date('20/07/2020','DD/MM/YYYY'),'27');
Insert into D40_ACQUISTO (ID,FORNITORE_ID,PRODOTTO_ID,DATA,QUANTITA) values ('8427','36','127',to_date('15/04/2021','DD/MM/YYYY'),'18');
Insert into D40_ACQUISTO (ID,FORNITORE_ID,PRODOTTO_ID,DATA,QUANTITA) values ('8428','36','62',to_date('16/02/2021','DD/MM/YYYY'),'18');
Insert into D40_ACQUISTO (ID,FORNITORE_ID,PRODOTTO_ID,DATA,QUANTITA) values ('8429','36','21',to_date('19/09/2020','DD/MM/YYYY'),'13');
Insert into D40_ACQUISTO (ID,FORNITORE_ID,PRODOTTO_ID,DATA,QUANTITA) values ('8430','36','9',to_date('24/11/2020','DD/MM/YYYY'),'13');
Insert into D40_ACQUISTO (ID,FORNITORE_ID,PRODOTTO_ID,DATA,QUANTITA) values ('8431','36','137',to_date('08/05/2021','DD/MM/YYYY'),'16');
Insert into D40_ACQUISTO (ID,FORNITORE_ID,PRODOTTO_ID,DATA,QUANTITA) values ('8432','36','126',to_date('20/03/2021','DD/MM/YYYY'),'22');
Insert into D40_ACQUISTO (ID,FORNITORE_ID,PRODOTTO_ID,DATA,QUANTITA) values ('8433','36','44',to_date('16/11/2020','DD/MM/YYYY'),'28');
Insert into D40_ACQUISTO (ID,FORNITORE_ID,PRODOTTO_ID,DATA,QUANTITA) values ('8434','36','40',to_date('31/08/2020','DD/MM/YYYY'),'25');
Insert into D40_ACQUISTO (ID,FORNITORE_ID,PRODOTTO_ID,DATA,QUANTITA) values ('8435','36','30',to_date('19/08/2020','DD/MM/YYYY'),'12');
Insert into D40_ACQUISTO (ID,FORNITORE_ID,PRODOTTO_ID,DATA,QUANTITA) values ('8436','36','140',to_date('18/09/2020','DD/MM/YYYY'),'12');
Insert into D40_ACQUISTO (ID,FORNITORE_ID,PRODOTTO_ID,DATA,QUANTITA) values ('8437','36','67',to_date('23/01/2021','DD/MM/YYYY'),'12');
Insert into D40_ACQUISTO (ID,FORNITORE_ID,PRODOTTO_ID,DATA,QUANTITA) values ('8438','36','38',to_date('13/09/2020','DD/MM/YYYY'),'27');
Insert into D40_ACQUISTO (ID,FORNITORE_ID,PRODOTTO_ID,DATA,QUANTITA) values ('8439','37','103',to_date('16/12/2020','DD/MM/YYYY'),'22');
Insert into D40_ACQUISTO (ID,FORNITORE_ID,PRODOTTO_ID,DATA,QUANTITA) values ('8440','37','142',to_date('17/10/2020','DD/MM/YYYY'),'29');
Insert into D40_ACQUISTO (ID,FORNITORE_ID,PRODOTTO_ID,DATA,QUANTITA) values ('8441','37','36',to_date('02/07/2021','DD/MM/YYYY'),'24');
Insert into D40_ACQUISTO (ID,FORNITORE_ID,PRODOTTO_ID,DATA,QUANTITA) values ('8442','37','66',to_date('01/04/2021','DD/MM/YYYY'),'12');
Insert into D40_ACQUISTO (ID,FORNITORE_ID,PRODOTTO_ID,DATA,QUANTITA) values ('8443','37','105',to_date('13/03/2021','DD/MM/YYYY'),'25');
Insert into D40_ACQUISTO (ID,FORNITORE_ID,PRODOTTO_ID,DATA,QUANTITA) values ('8444','37','132',to_date('22/05/2021','DD/MM/YYYY'),'25');
Insert into D40_ACQUISTO (ID,FORNITORE_ID,PRODOTTO_ID,DATA,QUANTITA) values ('8445','37','146',to_date('07/01/2021','DD/MM/YYYY'),'20');
Insert into D40_ACQUISTO (ID,FORNITORE_ID,PRODOTTO_ID,DATA,QUANTITA) values ('8446','37','81',to_date('18/01/2021','DD/MM/YYYY'),'17');
Insert into D40_ACQUISTO (ID,FORNITORE_ID,PRODOTTO_ID,DATA,QUANTITA) values ('8447','37','132',to_date('14/04/2021','DD/MM/YYYY'),'24');
Insert into D40_ACQUISTO (ID,FORNITORE_ID,PRODOTTO_ID,DATA,QUANTITA) values ('8448','37','75',to_date('01/12/2020','DD/MM/YYYY'),'26');
Insert into D40_ACQUISTO (ID,FORNITORE_ID,PRODOTTO_ID,DATA,QUANTITA) values ('8449','37','22',to_date('04/09/2020','DD/MM/YYYY'),'11');
Insert into D40_ACQUISTO (ID,FORNITORE_ID,PRODOTTO_ID,DATA,QUANTITA) values ('8450','37','43',to_date('05/11/2020','DD/MM/YYYY'),'21');
Insert into D40_ACQUISTO (ID,FORNITORE_ID,PRODOTTO_ID,DATA,QUANTITA) values ('8451','37','68',to_date('11/08/2020','DD/MM/YYYY'),'24');
Insert into D40_ACQUISTO (ID,FORNITORE_ID,PRODOTTO_ID,DATA,QUANTITA) values ('8452','37','113',to_date('04/07/2021','DD/MM/YYYY'),'24');
Insert into D40_ACQUISTO (ID,FORNITORE_ID,PRODOTTO_ID,DATA,QUANTITA) values ('8453','37','83',to_date('06/10/2020','DD/MM/YYYY'),'27');
Insert into D40_ACQUISTO (ID,FORNITORE_ID,PRODOTTO_ID,DATA,QUANTITA) values ('8454','37','33',to_date('09/08/2020','DD/MM/YYYY'),'14');
Insert into D40_ACQUISTO (ID,FORNITORE_ID,PRODOTTO_ID,DATA,QUANTITA) values ('8455','37','114',to_date('26/02/2021','DD/MM/YYYY'),'13');
Insert into D40_ACQUISTO (ID,FORNITORE_ID,PRODOTTO_ID,DATA,QUANTITA) values ('8456','37','134',to_date('07/03/2021','DD/MM/YYYY'),'14');
Insert into D40_ACQUISTO (ID,FORNITORE_ID,PRODOTTO_ID,DATA,QUANTITA) values ('8457','37','28',to_date('28/09/2020','DD/MM/YYYY'),'20');
Insert into D40_ACQUISTO (ID,FORNITORE_ID,PRODOTTO_ID,DATA,QUANTITA) values ('8458','37','49',to_date('06/09/2020','DD/MM/YYYY'),'25');
Insert into D40_ACQUISTO (ID,FORNITORE_ID,PRODOTTO_ID,DATA,QUANTITA) values ('8459','37','92',to_date('19/09/2020','DD/MM/YYYY'),'13');
Insert into D40_ACQUISTO (ID,FORNITORE_ID,PRODOTTO_ID,DATA,QUANTITA) values ('8460','37','89',to_date('20/01/2021','DD/MM/YYYY'),'17');
Insert into D40_ACQUISTO (ID,FORNITORE_ID,PRODOTTO_ID,DATA,QUANTITA) values ('8461','37','34',to_date('20/07/2020','DD/MM/YYYY'),'21');
Insert into D40_ACQUISTO (ID,FORNITORE_ID,PRODOTTO_ID,DATA,QUANTITA) values ('8462','37','29',to_date('18/11/2020','DD/MM/YYYY'),'17');
Insert into D40_ACQUISTO (ID,FORNITORE_ID,PRODOTTO_ID,DATA,QUANTITA) values ('8463','37','55',to_date('14/10/2020','DD/MM/YYYY'),'29');
Insert into D40_ACQUISTO (ID,FORNITORE_ID,PRODOTTO_ID,DATA,QUANTITA) values ('8464','37','21',to_date('20/02/2021','DD/MM/YYYY'),'16');
Insert into D40_ACQUISTO (ID,FORNITORE_ID,PRODOTTO_ID,DATA,QUANTITA) values ('8465','37','54',to_date('08/03/2021','DD/MM/YYYY'),'27');
Insert into D40_ACQUISTO (ID,FORNITORE_ID,PRODOTTO_ID,DATA,QUANTITA) values ('8466','37','40',to_date('12/01/2021','DD/MM/YYYY'),'19');
Insert into D40_ACQUISTO (ID,FORNITORE_ID,PRODOTTO_ID,DATA,QUANTITA) values ('8467','37','62',to_date('15/06/2021','DD/MM/YYYY'),'25');
Insert into D40_ACQUISTO (ID,FORNITORE_ID,PRODOTTO_ID,DATA,QUANTITA) values ('8468','37','79',to_date('13/12/2020','DD/MM/YYYY'),'21');
Insert into D40_ACQUISTO (ID,FORNITORE_ID,PRODOTTO_ID,DATA,QUANTITA) values ('8469','38','54',to_date('06/08/2020','DD/MM/YYYY'),'18');
Insert into D40_ACQUISTO (ID,FORNITORE_ID,PRODOTTO_ID,DATA,QUANTITA) values ('8470','38','148',to_date('29/06/2021','DD/MM/YYYY'),'26');
Insert into D40_ACQUISTO (ID,FORNITORE_ID,PRODOTTO_ID,DATA,QUANTITA) values ('8471','38','96',to_date('12/09/2020','DD/MM/YYYY'),'12');
Insert into D40_ACQUISTO (ID,FORNITORE_ID,PRODOTTO_ID,DATA,QUANTITA) values ('8472','38','101',to_date('05/06/2021','DD/MM/YYYY'),'24');
Insert into D40_ACQUISTO (ID,FORNITORE_ID,PRODOTTO_ID,DATA,QUANTITA) values ('8473','38','94',to_date('14/07/2020','DD/MM/YYYY'),'15');
Insert into D40_ACQUISTO (ID,FORNITORE_ID,PRODOTTO_ID,DATA,QUANTITA) values ('8474','38','7',to_date('27/12/2020','DD/MM/YYYY'),'14');
Insert into D40_ACQUISTO (ID,FORNITORE_ID,PRODOTTO_ID,DATA,QUANTITA) values ('8475','38','122',to_date('12/12/2020','DD/MM/YYYY'),'10');
Insert into D40_ACQUISTO (ID,FORNITORE_ID,PRODOTTO_ID,DATA,QUANTITA) values ('8476','38','56',to_date('21/04/2021','DD/MM/YYYY'),'23');
Insert into D40_ACQUISTO (ID,FORNITORE_ID,PRODOTTO_ID,DATA,QUANTITA) values ('8477','38','40',to_date('21/12/2020','DD/MM/YYYY'),'18');
Insert into D40_ACQUISTO (ID,FORNITORE_ID,PRODOTTO_ID,DATA,QUANTITA) values ('8478','38','21',to_date('22/01/2021','DD/MM/YYYY'),'25');
Insert into D40_ACQUISTO (ID,FORNITORE_ID,PRODOTTO_ID,DATA,QUANTITA) values ('8479','38','104',to_date('29/04/2021','DD/MM/YYYY'),'21');
Insert into D40_ACQUISTO (ID,FORNITORE_ID,PRODOTTO_ID,DATA,QUANTITA) values ('8480','38','117',to_date('06/05/2021','DD/MM/YYYY'),'14');
Insert into D40_ACQUISTO (ID,FORNITORE_ID,PRODOTTO_ID,DATA,QUANTITA) values ('8481','38','64',to_date('08/02/2021','DD/MM/YYYY'),'20');
Insert into D40_ACQUISTO (ID,FORNITORE_ID,PRODOTTO_ID,DATA,QUANTITA) values ('8482','38','12',to_date('27/01/2021','DD/MM/YYYY'),'25');
Insert into D40_ACQUISTO (ID,FORNITORE_ID,PRODOTTO_ID,DATA,QUANTITA) values ('8483','38','59',to_date('14/03/2021','DD/MM/YYYY'),'30');
Insert into D40_ACQUISTO (ID,FORNITORE_ID,PRODOTTO_ID,DATA,QUANTITA) values ('8484','38','112',to_date('23/01/2021','DD/MM/YYYY'),'28');
Insert into D40_ACQUISTO (ID,FORNITORE_ID,PRODOTTO_ID,DATA,QUANTITA) values ('8485','38','19',to_date('08/07/2021','DD/MM/YYYY'),'27');
Insert into D40_ACQUISTO (ID,FORNITORE_ID,PRODOTTO_ID,DATA,QUANTITA) values ('8486','38','130',to_date('22/05/2021','DD/MM/YYYY'),'12');
Insert into D40_ACQUISTO (ID,FORNITORE_ID,PRODOTTO_ID,DATA,QUANTITA) values ('8487','38','77',to_date('23/04/2021','DD/MM/YYYY'),'22');
Insert into D40_ACQUISTO (ID,FORNITORE_ID,PRODOTTO_ID,DATA,QUANTITA) values ('8488','38','7',to_date('15/03/2021','DD/MM/YYYY'),'11');
Insert into D40_ACQUISTO (ID,FORNITORE_ID,PRODOTTO_ID,DATA,QUANTITA) values ('8489','38','85',to_date('29/10/2020','DD/MM/YYYY'),'30');
Insert into D40_ACQUISTO (ID,FORNITORE_ID,PRODOTTO_ID,DATA,QUANTITA) values ('8490','38','116',to_date('27/05/2021','DD/MM/YYYY'),'16');
Insert into D40_ACQUISTO (ID,FORNITORE_ID,PRODOTTO_ID,DATA,QUANTITA) values ('8491','38','128',to_date('01/02/2021','DD/MM/YYYY'),'24');
Insert into D40_ACQUISTO (ID,FORNITORE_ID,PRODOTTO_ID,DATA,QUANTITA) values ('8492','38','47',to_date('23/09/2020','DD/MM/YYYY'),'20');
Insert into D40_ACQUISTO (ID,FORNITORE_ID,PRODOTTO_ID,DATA,QUANTITA) values ('8493','38','12',to_date('11/05/2021','DD/MM/YYYY'),'16');
Insert into D40_ACQUISTO (ID,FORNITORE_ID,PRODOTTO_ID,DATA,QUANTITA) values ('8494','38','145',to_date('02/11/2020','DD/MM/YYYY'),'25');
Insert into D40_ACQUISTO (ID,FORNITORE_ID,PRODOTTO_ID,DATA,QUANTITA) values ('8495','38','39',to_date('18/05/2021','DD/MM/YYYY'),'12');
Insert into D40_ACQUISTO (ID,FORNITORE_ID,PRODOTTO_ID,DATA,QUANTITA) values ('8496','38','134',to_date('19/07/2020','DD/MM/YYYY'),'27');
Insert into D40_ACQUISTO (ID,FORNITORE_ID,PRODOTTO_ID,DATA,QUANTITA) values ('8497','38','148',to_date('10/10/2020','DD/MM/YYYY'),'30');
Insert into D40_ACQUISTO (ID,FORNITORE_ID,PRODOTTO_ID,DATA,QUANTITA) values ('8498','38','98',to_date('03/10/2020','DD/MM/YYYY'),'28');
Insert into D40_ACQUISTO (ID,FORNITORE_ID,PRODOTTO_ID,DATA,QUANTITA) values ('8499','38','22',to_date('04/09/2020','DD/MM/YYYY'),'16');
Insert into D40_ACQUISTO (ID,FORNITORE_ID,PRODOTTO_ID,DATA,QUANTITA) values ('8500','38','86',to_date('03/06/2021','DD/MM/YYYY'),'15');
Insert into D40_ACQUISTO (ID,FORNITORE_ID,PRODOTTO_ID,DATA,QUANTITA) values ('8501','38','96',to_date('02/01/2021','DD/MM/YYYY'),'24');
Insert into D40_ACQUISTO (ID,FORNITORE_ID,PRODOTTO_ID,DATA,QUANTITA) values ('8502','38','25',to_date('10/07/2020','DD/MM/YYYY'),'29');
Insert into D40_ACQUISTO (ID,FORNITORE_ID,PRODOTTO_ID,DATA,QUANTITA) values ('8503','38','39',to_date('31/01/2021','DD/MM/YYYY'),'30');
Insert into D40_ACQUISTO (ID,FORNITORE_ID,PRODOTTO_ID,DATA,QUANTITA) values ('8504','39','107',to_date('27/02/2021','DD/MM/YYYY'),'13');
Insert into D40_ACQUISTO (ID,FORNITORE_ID,PRODOTTO_ID,DATA,QUANTITA) values ('8505','39','134',to_date('08/07/2021','DD/MM/YYYY'),'11');
Insert into D40_ACQUISTO (ID,FORNITORE_ID,PRODOTTO_ID,DATA,QUANTITA) values ('8506','39','81',to_date('27/04/2021','DD/MM/YYYY'),'25');
Insert into D40_ACQUISTO (ID,FORNITORE_ID,PRODOTTO_ID,DATA,QUANTITA) values ('8507','39','29',to_date('28/05/2021','DD/MM/YYYY'),'11');
Insert into D40_ACQUISTO (ID,FORNITORE_ID,PRODOTTO_ID,DATA,QUANTITA) values ('8508','39','101',to_date('27/01/2021','DD/MM/YYYY'),'23');
Insert into D40_ACQUISTO (ID,FORNITORE_ID,PRODOTTO_ID,DATA,QUANTITA) values ('8509','39','81',to_date('14/11/2020','DD/MM/YYYY'),'16');
Insert into D40_ACQUISTO (ID,FORNITORE_ID,PRODOTTO_ID,DATA,QUANTITA) values ('8510','39','107',to_date('14/03/2021','DD/MM/YYYY'),'10');
Insert into D40_ACQUISTO (ID,FORNITORE_ID,PRODOTTO_ID,DATA,QUANTITA) values ('8511','39','88',to_date('13/10/2020','DD/MM/YYYY'),'26');
Insert into D40_ACQUISTO (ID,FORNITORE_ID,PRODOTTO_ID,DATA,QUANTITA) values ('8512','39','103',to_date('17/06/2021','DD/MM/YYYY'),'21');
Insert into D40_ACQUISTO (ID,FORNITORE_ID,PRODOTTO_ID,DATA,QUANTITA) values ('8513','39','12',to_date('14/09/2020','DD/MM/YYYY'),'24');
Insert into D40_ACQUISTO (ID,FORNITORE_ID,PRODOTTO_ID,DATA,QUANTITA) values ('8514','39','31',to_date('29/10/2020','DD/MM/YYYY'),'21');
Insert into D40_ACQUISTO (ID,FORNITORE_ID,PRODOTTO_ID,DATA,QUANTITA) values ('8515','39','70',to_date('11/04/2021','DD/MM/YYYY'),'28');
Insert into D40_ACQUISTO (ID,FORNITORE_ID,PRODOTTO_ID,DATA,QUANTITA) values ('8516','39','125',to_date('19/04/2021','DD/MM/YYYY'),'11');
Insert into D40_ACQUISTO (ID,FORNITORE_ID,PRODOTTO_ID,DATA,QUANTITA) values ('8517','39','67',to_date('18/03/2021','DD/MM/YYYY'),'12');
Insert into D40_ACQUISTO (ID,FORNITORE_ID,PRODOTTO_ID,DATA,QUANTITA) values ('8518','39','85',to_date('04/11/2020','DD/MM/YYYY'),'28');
Insert into D40_ACQUISTO (ID,FORNITORE_ID,PRODOTTO_ID,DATA,QUANTITA) values ('8519','39','29',to_date('17/01/2021','DD/MM/YYYY'),'14');
Insert into D40_ACQUISTO (ID,FORNITORE_ID,PRODOTTO_ID,DATA,QUANTITA) values ('8520','39','35',to_date('25/09/2020','DD/MM/YYYY'),'18');
Insert into D40_ACQUISTO (ID,FORNITORE_ID,PRODOTTO_ID,DATA,QUANTITA) values ('8521','39','81',to_date('13/06/2021','DD/MM/YYYY'),'27');
Insert into D40_ACQUISTO (ID,FORNITORE_ID,PRODOTTO_ID,DATA,QUANTITA) values ('8522','39','52',to_date('22/01/2021','DD/MM/YYYY'),'27');
Insert into D40_ACQUISTO (ID,FORNITORE_ID,PRODOTTO_ID,DATA,QUANTITA) values ('8523','39','114',to_date('11/08/2020','DD/MM/YYYY'),'10');
Insert into D40_ACQUISTO (ID,FORNITORE_ID,PRODOTTO_ID,DATA,QUANTITA) values ('8524','39','83',to_date('28/08/2020','DD/MM/YYYY'),'22');
Insert into D40_ACQUISTO (ID,FORNITORE_ID,PRODOTTO_ID,DATA,QUANTITA) values ('8525','39','104',to_date('05/07/2021','DD/MM/YYYY'),'28');
Insert into D40_ACQUISTO (ID,FORNITORE_ID,PRODOTTO_ID,DATA,QUANTITA) values ('8526','39','15',to_date('23/08/2020','DD/MM/YYYY'),'11');
Insert into D40_ACQUISTO (ID,FORNITORE_ID,PRODOTTO_ID,DATA,QUANTITA) values ('8527','39','114',to_date('26/06/2021','DD/MM/YYYY'),'11');
Insert into D40_ACQUISTO (ID,FORNITORE_ID,PRODOTTO_ID,DATA,QUANTITA) values ('8528','39','120',to_date('30/10/2020','DD/MM/YYYY'),'22');
Insert into D40_ACQUISTO (ID,FORNITORE_ID,PRODOTTO_ID,DATA,QUANTITA) values ('8529','39','20',to_date('09/02/2021','DD/MM/YYYY'),'19');
Insert into D40_ACQUISTO (ID,FORNITORE_ID,PRODOTTO_ID,DATA,QUANTITA) values ('8530','39','129',to_date('28/12/2020','DD/MM/YYYY'),'25');
Insert into D40_ACQUISTO (ID,FORNITORE_ID,PRODOTTO_ID,DATA,QUANTITA) values ('8531','39','141',to_date('17/03/2021','DD/MM/YYYY'),'27');
Insert into D40_ACQUISTO (ID,FORNITORE_ID,PRODOTTO_ID,DATA,QUANTITA) values ('8532','39','28',to_date('27/12/2020','DD/MM/YYYY'),'16');
Insert into D40_ACQUISTO (ID,FORNITORE_ID,PRODOTTO_ID,DATA,QUANTITA) values ('8533','39','31',to_date('28/06/2021','DD/MM/YYYY'),'13');
Insert into D40_ACQUISTO (ID,FORNITORE_ID,PRODOTTO_ID,DATA,QUANTITA) values ('8534','39','34',to_date('30/11/2020','DD/MM/YYYY'),'27');
Insert into D40_ACQUISTO (ID,FORNITORE_ID,PRODOTTO_ID,DATA,QUANTITA) values ('8535','39','16',to_date('11/03/2021','DD/MM/YYYY'),'25');
Insert into D40_ACQUISTO (ID,FORNITORE_ID,PRODOTTO_ID,DATA,QUANTITA) values ('8536','39','149',to_date('13/02/2021','DD/MM/YYYY'),'29');
Insert into D40_ACQUISTO (ID,FORNITORE_ID,PRODOTTO_ID,DATA,QUANTITA) values ('8537','39','18',to_date('18/07/2020','DD/MM/YYYY'),'22');
Insert into D40_ACQUISTO (ID,FORNITORE_ID,PRODOTTO_ID,DATA,QUANTITA) values ('8538','39','16',to_date('03/08/2020','DD/MM/YYYY'),'17');
Insert into D40_ACQUISTO (ID,FORNITORE_ID,PRODOTTO_ID,DATA,QUANTITA) values ('8539','39','5',to_date('30/09/2020','DD/MM/YYYY'),'15');
Insert into D40_ACQUISTO (ID,FORNITORE_ID,PRODOTTO_ID,DATA,QUANTITA) values ('8540','39','46',to_date('07/07/2021','DD/MM/YYYY'),'23');
Insert into D40_ACQUISTO (ID,FORNITORE_ID,PRODOTTO_ID,DATA,QUANTITA) values ('8541','40','18',to_date('30/11/2020','DD/MM/YYYY'),'15');
Insert into D40_ACQUISTO (ID,FORNITORE_ID,PRODOTTO_ID,DATA,QUANTITA) values ('8542','40','18',to_date('03/04/2021','DD/MM/YYYY'),'13');
Insert into D40_ACQUISTO (ID,FORNITORE_ID,PRODOTTO_ID,DATA,QUANTITA) values ('8543','40','140',to_date('14/02/2021','DD/MM/YYYY'),'19');
Insert into D40_ACQUISTO (ID,FORNITORE_ID,PRODOTTO_ID,DATA,QUANTITA) values ('8544','40','143',to_date('16/05/2021','DD/MM/YYYY'),'19');
Insert into D40_ACQUISTO (ID,FORNITORE_ID,PRODOTTO_ID,DATA,QUANTITA) values ('8545','40','20',to_date('18/03/2021','DD/MM/YYYY'),'21');
Insert into D40_ACQUISTO (ID,FORNITORE_ID,PRODOTTO_ID,DATA,QUANTITA) values ('8546','40','147',to_date('29/11/2020','DD/MM/YYYY'),'26');
Insert into D40_ACQUISTO (ID,FORNITORE_ID,PRODOTTO_ID,DATA,QUANTITA) values ('8547','40','22',to_date('17/10/2020','DD/MM/YYYY'),'23');
Insert into D40_ACQUISTO (ID,FORNITORE_ID,PRODOTTO_ID,DATA,QUANTITA) values ('8548','40','88',to_date('30/01/2021','DD/MM/YYYY'),'29');
Insert into D40_ACQUISTO (ID,FORNITORE_ID,PRODOTTO_ID,DATA,QUANTITA) values ('8549','40','10',to_date('05/09/2020','DD/MM/YYYY'),'25');
Insert into D40_ACQUISTO (ID,FORNITORE_ID,PRODOTTO_ID,DATA,QUANTITA) values ('8550','40','30',to_date('22/04/2021','DD/MM/YYYY'),'26');
Insert into D40_ACQUISTO (ID,FORNITORE_ID,PRODOTTO_ID,DATA,QUANTITA) values ('8551','40','107',to_date('31/05/2021','DD/MM/YYYY'),'13');
Insert into D40_ACQUISTO (ID,FORNITORE_ID,PRODOTTO_ID,DATA,QUANTITA) values ('8552','40','66',to_date('11/05/2021','DD/MM/YYYY'),'26');
Insert into D40_ACQUISTO (ID,FORNITORE_ID,PRODOTTO_ID,DATA,QUANTITA) values ('8553','40','7',to_date('30/12/2020','DD/MM/YYYY'),'13');
Insert into D40_ACQUISTO (ID,FORNITORE_ID,PRODOTTO_ID,DATA,QUANTITA) values ('8554','40','62',to_date('10/06/2021','DD/MM/YYYY'),'29');
Insert into D40_ACQUISTO (ID,FORNITORE_ID,PRODOTTO_ID,DATA,QUANTITA) values ('8555','40','52',to_date('03/06/2021','DD/MM/YYYY'),'22');
Insert into D40_ACQUISTO (ID,FORNITORE_ID,PRODOTTO_ID,DATA,QUANTITA) values ('8556','40','78',to_date('23/06/2021','DD/MM/YYYY'),'22');
Insert into D40_ACQUISTO (ID,FORNITORE_ID,PRODOTTO_ID,DATA,QUANTITA) values ('8557','40','49',to_date('13/06/2021','DD/MM/YYYY'),'28');
Insert into D40_ACQUISTO (ID,FORNITORE_ID,PRODOTTO_ID,DATA,QUANTITA) values ('8558','40','50',to_date('24/10/2020','DD/MM/YYYY'),'19');
Insert into D40_ACQUISTO (ID,FORNITORE_ID,PRODOTTO_ID,DATA,QUANTITA) values ('8559','40','104',to_date('02/05/2021','DD/MM/YYYY'),'29');
Insert into D40_ACQUISTO (ID,FORNITORE_ID,PRODOTTO_ID,DATA,QUANTITA) values ('8560','40','2',to_date('15/09/2020','DD/MM/YYYY'),'12');
Insert into D40_ACQUISTO (ID,FORNITORE_ID,PRODOTTO_ID,DATA,QUANTITA) values ('8561','40','141',to_date('19/04/2021','DD/MM/YYYY'),'17');
Insert into D40_ACQUISTO (ID,FORNITORE_ID,PRODOTTO_ID,DATA,QUANTITA) values ('8562','40','85',to_date('13/02/2021','DD/MM/YYYY'),'22');
Insert into D40_ACQUISTO (ID,FORNITORE_ID,PRODOTTO_ID,DATA,QUANTITA) values ('8563','40','2',to_date('08/12/2020','DD/MM/YYYY'),'22');
Insert into D40_ACQUISTO (ID,FORNITORE_ID,PRODOTTO_ID,DATA,QUANTITA) values ('8564','40','143',to_date('17/08/2020','DD/MM/YYYY'),'25');
Insert into D40_ACQUISTO (ID,FORNITORE_ID,PRODOTTO_ID,DATA,QUANTITA) values ('8565','40','106',to_date('22/12/2020','DD/MM/YYYY'),'14');
Insert into D40_ACQUISTO (ID,FORNITORE_ID,PRODOTTO_ID,DATA,QUANTITA) values ('8566','40','80',to_date('24/07/2020','DD/MM/YYYY'),'14');
Insert into D40_ACQUISTO (ID,FORNITORE_ID,PRODOTTO_ID,DATA,QUANTITA) values ('8567','40','27',to_date('03/10/2020','DD/MM/YYYY'),'16');
Insert into D40_ACQUISTO (ID,FORNITORE_ID,PRODOTTO_ID,DATA,QUANTITA) values ('8568','40','124',to_date('23/04/2021','DD/MM/YYYY'),'17');
Insert into D40_ACQUISTO (ID,FORNITORE_ID,PRODOTTO_ID,DATA,QUANTITA) values ('8569','40','69',to_date('05/12/2020','DD/MM/YYYY'),'22');
Insert into D40_ACQUISTO (ID,FORNITORE_ID,PRODOTTO_ID,DATA,QUANTITA) values ('8570','40','104',to_date('13/11/2020','DD/MM/YYYY'),'15');
Insert into D40_ACQUISTO (ID,FORNITORE_ID,PRODOTTO_ID,DATA,QUANTITA) values ('8571','40','90',to_date('08/10/2020','DD/MM/YYYY'),'29');
Insert into D40_ACQUISTO (ID,FORNITORE_ID,PRODOTTO_ID,DATA,QUANTITA) values ('8572','40','91',to_date('18/11/2020','DD/MM/YYYY'),'12');
Insert into D40_ACQUISTO (ID,FORNITORE_ID,PRODOTTO_ID,DATA,QUANTITA) values ('8573','40','25',to_date('03/02/2021','DD/MM/YYYY'),'28');
Insert into D40_ACQUISTO (ID,FORNITORE_ID,PRODOTTO_ID,DATA,QUANTITA) values ('8574','40','3',to_date('06/12/2020','DD/MM/YYYY'),'28');
Insert into D40_ACQUISTO (ID,FORNITORE_ID,PRODOTTO_ID,DATA,QUANTITA) values ('8575','40','101',to_date('24/12/2020','DD/MM/YYYY'),'29');
Insert into D40_ACQUISTO (ID,FORNITORE_ID,PRODOTTO_ID,DATA,QUANTITA) values ('8576','40','14',to_date('23/04/2021','DD/MM/YYYY'),'20');
Insert into D40_ACQUISTO (ID,FORNITORE_ID,PRODOTTO_ID,DATA,QUANTITA) values ('8577','40','76',to_date('26/11/2020','DD/MM/YYYY'),'29');
Insert into D40_ACQUISTO (ID,FORNITORE_ID,PRODOTTO_ID,DATA,QUANTITA) values ('8578','40','105',to_date('11/12/2020','DD/MM/YYYY'),'19');
Insert into D40_ACQUISTO (ID,FORNITORE_ID,PRODOTTO_ID,DATA,QUANTITA) values ('8579','41','69',to_date('13/01/2021','DD/MM/YYYY'),'25');
Insert into D40_ACQUISTO (ID,FORNITORE_ID,PRODOTTO_ID,DATA,QUANTITA) values ('8580','41','77',to_date('01/07/2021','DD/MM/YYYY'),'15');
Insert into D40_ACQUISTO (ID,FORNITORE_ID,PRODOTTO_ID,DATA,QUANTITA) values ('8581','41','7',to_date('29/04/2021','DD/MM/YYYY'),'27');
Insert into D40_ACQUISTO (ID,FORNITORE_ID,PRODOTTO_ID,DATA,QUANTITA) values ('8582','41','129',to_date('21/08/2020','DD/MM/YYYY'),'18');
Insert into D40_ACQUISTO (ID,FORNITORE_ID,PRODOTTO_ID,DATA,QUANTITA) values ('8583','41','19',to_date('18/02/2021','DD/MM/YYYY'),'19');
Insert into D40_ACQUISTO (ID,FORNITORE_ID,PRODOTTO_ID,DATA,QUANTITA) values ('8584','41','115',to_date('17/11/2020','DD/MM/YYYY'),'13');
Insert into D40_ACQUISTO (ID,FORNITORE_ID,PRODOTTO_ID,DATA,QUANTITA) values ('8585','41','95',to_date('02/09/2020','DD/MM/YYYY'),'10');
Insert into D40_ACQUISTO (ID,FORNITORE_ID,PRODOTTO_ID,DATA,QUANTITA) values ('8586','41','33',to_date('18/09/2020','DD/MM/YYYY'),'16');
Insert into D40_ACQUISTO (ID,FORNITORE_ID,PRODOTTO_ID,DATA,QUANTITA) values ('8587','41','73',to_date('11/08/2020','DD/MM/YYYY'),'13');
Insert into D40_ACQUISTO (ID,FORNITORE_ID,PRODOTTO_ID,DATA,QUANTITA) values ('8588','41','122',to_date('04/04/2021','DD/MM/YYYY'),'28');
Insert into D40_ACQUISTO (ID,FORNITORE_ID,PRODOTTO_ID,DATA,QUANTITA) values ('8589','41','50',to_date('07/03/2021','DD/MM/YYYY'),'10');
Insert into D40_ACQUISTO (ID,FORNITORE_ID,PRODOTTO_ID,DATA,QUANTITA) values ('8590','41','117',to_date('09/05/2021','DD/MM/YYYY'),'10');
Insert into D40_ACQUISTO (ID,FORNITORE_ID,PRODOTTO_ID,DATA,QUANTITA) values ('8591','41','99',to_date('31/01/2021','DD/MM/YYYY'),'12');
Insert into D40_ACQUISTO (ID,FORNITORE_ID,PRODOTTO_ID,DATA,QUANTITA) values ('8592','41','115',to_date('27/02/2021','DD/MM/YYYY'),'19');
Insert into D40_ACQUISTO (ID,FORNITORE_ID,PRODOTTO_ID,DATA,QUANTITA) values ('8593','41','123',to_date('14/04/2021','DD/MM/YYYY'),'18');
Insert into D40_ACQUISTO (ID,FORNITORE_ID,PRODOTTO_ID,DATA,QUANTITA) values ('8594','41','108',to_date('18/03/2021','DD/MM/YYYY'),'20');
Insert into D40_ACQUISTO (ID,FORNITORE_ID,PRODOTTO_ID,DATA,QUANTITA) values ('8595','41','83',to_date('15/07/2020','DD/MM/YYYY'),'26');
Insert into D40_ACQUISTO (ID,FORNITORE_ID,PRODOTTO_ID,DATA,QUANTITA) values ('8596','41','59',to_date('02/06/2021','DD/MM/YYYY'),'10');
Insert into D40_ACQUISTO (ID,FORNITORE_ID,PRODOTTO_ID,DATA,QUANTITA) values ('8597','41','69',to_date('19/02/2021','DD/MM/YYYY'),'14');
Insert into D40_ACQUISTO (ID,FORNITORE_ID,PRODOTTO_ID,DATA,QUANTITA) values ('8598','41','122',to_date('22/07/2020','DD/MM/YYYY'),'12');
Insert into D40_ACQUISTO (ID,FORNITORE_ID,PRODOTTO_ID,DATA,QUANTITA) values ('8599','41','62',to_date('28/05/2021','DD/MM/YYYY'),'23');
Insert into D40_ACQUISTO (ID,FORNITORE_ID,PRODOTTO_ID,DATA,QUANTITA) values ('8600','41','45',to_date('27/08/2020','DD/MM/YYYY'),'15');
Insert into D40_ACQUISTO (ID,FORNITORE_ID,PRODOTTO_ID,DATA,QUANTITA) values ('8601','41','65',to_date('18/01/2021','DD/MM/YYYY'),'21');
Insert into D40_ACQUISTO (ID,FORNITORE_ID,PRODOTTO_ID,DATA,QUANTITA) values ('8602','41','51',to_date('02/05/2021','DD/MM/YYYY'),'12');
Insert into D40_ACQUISTO (ID,FORNITORE_ID,PRODOTTO_ID,DATA,QUANTITA) values ('8603','41','101',to_date('26/10/2020','DD/MM/YYYY'),'30');
Insert into D40_ACQUISTO (ID,FORNITORE_ID,PRODOTTO_ID,DATA,QUANTITA) values ('8604','41','79',to_date('24/04/2021','DD/MM/YYYY'),'24');
Insert into D40_ACQUISTO (ID,FORNITORE_ID,PRODOTTO_ID,DATA,QUANTITA) values ('8605','41','148',to_date('18/12/2020','DD/MM/YYYY'),'24');
Insert into D40_ACQUISTO (ID,FORNITORE_ID,PRODOTTO_ID,DATA,QUANTITA) values ('8606','41','72',to_date('18/12/2020','DD/MM/YYYY'),'26');
Insert into D40_ACQUISTO (ID,FORNITORE_ID,PRODOTTO_ID,DATA,QUANTITA) values ('8607','41','108',to_date('16/03/2021','DD/MM/YYYY'),'27');
Insert into D40_ACQUISTO (ID,FORNITORE_ID,PRODOTTO_ID,DATA,QUANTITA) values ('8608','41','56',to_date('16/05/2021','DD/MM/YYYY'),'18');
Insert into D40_ACQUISTO (ID,FORNITORE_ID,PRODOTTO_ID,DATA,QUANTITA) values ('8609','41','68',to_date('29/05/2021','DD/MM/YYYY'),'29');
Insert into D40_ACQUISTO (ID,FORNITORE_ID,PRODOTTO_ID,DATA,QUANTITA) values ('8610','41','25',to_date('01/10/2020','DD/MM/YYYY'),'27');
Insert into D40_ACQUISTO (ID,FORNITORE_ID,PRODOTTO_ID,DATA,QUANTITA) values ('8611','41','115',to_date('10/06/2021','DD/MM/YYYY'),'27');
Insert into D40_ACQUISTO (ID,FORNITORE_ID,PRODOTTO_ID,DATA,QUANTITA) values ('8612','41','95',to_date('27/10/2020','DD/MM/YYYY'),'11');
Insert into D40_ACQUISTO (ID,FORNITORE_ID,PRODOTTO_ID,DATA,QUANTITA) values ('8613','42','10',to_date('05/03/2021','DD/MM/YYYY'),'24');
Insert into D40_ACQUISTO (ID,FORNITORE_ID,PRODOTTO_ID,DATA,QUANTITA) values ('8614','42','72',to_date('01/02/2021','DD/MM/YYYY'),'28');
Insert into D40_ACQUISTO (ID,FORNITORE_ID,PRODOTTO_ID,DATA,QUANTITA) values ('8615','42','32',to_date('22/02/2021','DD/MM/YYYY'),'16');
Insert into D40_ACQUISTO (ID,FORNITORE_ID,PRODOTTO_ID,DATA,QUANTITA) values ('8616','42','50',to_date('06/07/2021','DD/MM/YYYY'),'15');
Insert into D40_ACQUISTO (ID,FORNITORE_ID,PRODOTTO_ID,DATA,QUANTITA) values ('8617','42','72',to_date('26/11/2020','DD/MM/YYYY'),'12');
Insert into D40_ACQUISTO (ID,FORNITORE_ID,PRODOTTO_ID,DATA,QUANTITA) values ('8618','42','80',to_date('15/12/2020','DD/MM/YYYY'),'30');
Insert into D40_ACQUISTO (ID,FORNITORE_ID,PRODOTTO_ID,DATA,QUANTITA) values ('8619','42','76',to_date('10/03/2021','DD/MM/YYYY'),'13');
Insert into D40_ACQUISTO (ID,FORNITORE_ID,PRODOTTO_ID,DATA,QUANTITA) values ('8620','42','142',to_date('13/05/2021','DD/MM/YYYY'),'29');
Insert into D40_ACQUISTO (ID,FORNITORE_ID,PRODOTTO_ID,DATA,QUANTITA) values ('8621','42','23',to_date('13/11/2020','DD/MM/YYYY'),'16');
Insert into D40_ACQUISTO (ID,FORNITORE_ID,PRODOTTO_ID,DATA,QUANTITA) values ('8622','42','95',to_date('24/08/2020','DD/MM/YYYY'),'23');
Insert into D40_ACQUISTO (ID,FORNITORE_ID,PRODOTTO_ID,DATA,QUANTITA) values ('8623','42','17',to_date('22/02/2021','DD/MM/YYYY'),'22');
Insert into D40_ACQUISTO (ID,FORNITORE_ID,PRODOTTO_ID,DATA,QUANTITA) values ('8624','42','29',to_date('27/03/2021','DD/MM/YYYY'),'25');
Insert into D40_ACQUISTO (ID,FORNITORE_ID,PRODOTTO_ID,DATA,QUANTITA) values ('8625','42','43',to_date('06/09/2020','DD/MM/YYYY'),'27');
Insert into D40_ACQUISTO (ID,FORNITORE_ID,PRODOTTO_ID,DATA,QUANTITA) values ('8626','42','146',to_date('31/10/2020','DD/MM/YYYY'),'15');
Insert into D40_ACQUISTO (ID,FORNITORE_ID,PRODOTTO_ID,DATA,QUANTITA) values ('8627','42','23',to_date('16/01/2021','DD/MM/YYYY'),'20');
Insert into D40_ACQUISTO (ID,FORNITORE_ID,PRODOTTO_ID,DATA,QUANTITA) values ('8628','42','5',to_date('26/06/2021','DD/MM/YYYY'),'17');
Insert into D40_ACQUISTO (ID,FORNITORE_ID,PRODOTTO_ID,DATA,QUANTITA) values ('8629','42','44',to_date('09/01/2021','DD/MM/YYYY'),'17');
Insert into D40_ACQUISTO (ID,FORNITORE_ID,PRODOTTO_ID,DATA,QUANTITA) values ('8630','42','38',to_date('21/06/2021','DD/MM/YYYY'),'10');
Insert into D40_ACQUISTO (ID,FORNITORE_ID,PRODOTTO_ID,DATA,QUANTITA) values ('8631','42','109',to_date('06/10/2020','DD/MM/YYYY'),'11');
Insert into D40_ACQUISTO (ID,FORNITORE_ID,PRODOTTO_ID,DATA,QUANTITA) values ('8632','42','96',to_date('15/10/2020','DD/MM/YYYY'),'21');
Insert into D40_ACQUISTO (ID,FORNITORE_ID,PRODOTTO_ID,DATA,QUANTITA) values ('8633','42','34',to_date('23/01/2021','DD/MM/YYYY'),'18');
Insert into D40_ACQUISTO (ID,FORNITORE_ID,PRODOTTO_ID,DATA,QUANTITA) values ('8634','42','75',to_date('06/07/2021','DD/MM/YYYY'),'24');
Insert into D40_ACQUISTO (ID,FORNITORE_ID,PRODOTTO_ID,DATA,QUANTITA) values ('8635','42','134',to_date('03/11/2020','DD/MM/YYYY'),'19');
Insert into D40_ACQUISTO (ID,FORNITORE_ID,PRODOTTO_ID,DATA,QUANTITA) values ('8636','42','89',to_date('07/01/2021','DD/MM/YYYY'),'19');
Insert into D40_ACQUISTO (ID,FORNITORE_ID,PRODOTTO_ID,DATA,QUANTITA) values ('8637','42','135',to_date('02/12/2020','DD/MM/YYYY'),'14');
Insert into D40_ACQUISTO (ID,FORNITORE_ID,PRODOTTO_ID,DATA,QUANTITA) values ('8638','42','124',to_date('12/06/2021','DD/MM/YYYY'),'27');
Insert into D40_ACQUISTO (ID,FORNITORE_ID,PRODOTTO_ID,DATA,QUANTITA) values ('8639','42','93',to_date('05/05/2021','DD/MM/YYYY'),'30');
Insert into D40_ACQUISTO (ID,FORNITORE_ID,PRODOTTO_ID,DATA,QUANTITA) values ('8640','42','90',to_date('13/12/2020','DD/MM/YYYY'),'20');
Insert into D40_ACQUISTO (ID,FORNITORE_ID,PRODOTTO_ID,DATA,QUANTITA) values ('8641','42','31',to_date('18/02/2021','DD/MM/YYYY'),'17');
Insert into D40_ACQUISTO (ID,FORNITORE_ID,PRODOTTO_ID,DATA,QUANTITA) values ('8642','42','45',to_date('15/05/2021','DD/MM/YYYY'),'25');
Insert into D40_ACQUISTO (ID,FORNITORE_ID,PRODOTTO_ID,DATA,QUANTITA) values ('8643','42','115',to_date('15/08/2020','DD/MM/YYYY'),'23');
Insert into D40_ACQUISTO (ID,FORNITORE_ID,PRODOTTO_ID,DATA,QUANTITA) values ('8644','42','71',to_date('05/09/2020','DD/MM/YYYY'),'16');
Insert into D40_ACQUISTO (ID,FORNITORE_ID,PRODOTTO_ID,DATA,QUANTITA) values ('8645','42','64',to_date('01/05/2021','DD/MM/YYYY'),'28');
Insert into D40_ACQUISTO (ID,FORNITORE_ID,PRODOTTO_ID,DATA,QUANTITA) values ('8646','42','18',to_date('29/03/2021','DD/MM/YYYY'),'25');
Insert into D40_ACQUISTO (ID,FORNITORE_ID,PRODOTTO_ID,DATA,QUANTITA) values ('8647','42','111',to_date('07/02/2021','DD/MM/YYYY'),'23');
Insert into D40_ACQUISTO (ID,FORNITORE_ID,PRODOTTO_ID,DATA,QUANTITA) values ('8648','42','140',to_date('25/03/2021','DD/MM/YYYY'),'11');
Insert into D40_ACQUISTO (ID,FORNITORE_ID,PRODOTTO_ID,DATA,QUANTITA) values ('8649','42','41',to_date('04/08/2020','DD/MM/YYYY'),'13');
Insert into D40_ACQUISTO (ID,FORNITORE_ID,PRODOTTO_ID,DATA,QUANTITA) values ('8650','42','34',to_date('17/12/2020','DD/MM/YYYY'),'27');
Insert into D40_ACQUISTO (ID,FORNITORE_ID,PRODOTTO_ID,DATA,QUANTITA) values ('8651','42','1',to_date('17/12/2020','DD/MM/YYYY'),'16');
Insert into D40_ACQUISTO (ID,FORNITORE_ID,PRODOTTO_ID,DATA,QUANTITA) values ('8652','42','20',to_date('11/11/2020','DD/MM/YYYY'),'18');
Insert into D40_ACQUISTO (ID,FORNITORE_ID,PRODOTTO_ID,DATA,QUANTITA) values ('8653','42','82',to_date('28/11/2020','DD/MM/YYYY'),'18');
Insert into D40_ACQUISTO (ID,FORNITORE_ID,PRODOTTO_ID,DATA,QUANTITA) values ('8654','42','121',to_date('02/03/2021','DD/MM/YYYY'),'15');
Insert into D40_ACQUISTO (ID,FORNITORE_ID,PRODOTTO_ID,DATA,QUANTITA) values ('8655','42','40',to_date('14/08/2020','DD/MM/YYYY'),'18');
Insert into D40_ACQUISTO (ID,FORNITORE_ID,PRODOTTO_ID,DATA,QUANTITA) values ('8656','42','88',to_date('29/01/2021','DD/MM/YYYY'),'18');
Insert into D40_ACQUISTO (ID,FORNITORE_ID,PRODOTTO_ID,DATA,QUANTITA) values ('8657','42','138',to_date('05/06/2021','DD/MM/YYYY'),'14');
Insert into D40_ACQUISTO (ID,FORNITORE_ID,PRODOTTO_ID,DATA,QUANTITA) values ('8658','42','147',to_date('20/03/2021','DD/MM/YYYY'),'11');
Insert into D40_ACQUISTO (ID,FORNITORE_ID,PRODOTTO_ID,DATA,QUANTITA) values ('8659','42','40',to_date('30/03/2021','DD/MM/YYYY'),'13');
Insert into D40_ACQUISTO (ID,FORNITORE_ID,PRODOTTO_ID,DATA,QUANTITA) values ('8660','42','144',to_date('05/02/2021','DD/MM/YYYY'),'15');
Insert into D40_ACQUISTO (ID,FORNITORE_ID,PRODOTTO_ID,DATA,QUANTITA) values ('8661','43','112',to_date('15/10/2020','DD/MM/YYYY'),'26');
Insert into D40_ACQUISTO (ID,FORNITORE_ID,PRODOTTO_ID,DATA,QUANTITA) values ('8662','43','127',to_date('10/04/2021','DD/MM/YYYY'),'28');
Insert into D40_ACQUISTO (ID,FORNITORE_ID,PRODOTTO_ID,DATA,QUANTITA) values ('8663','43','43',to_date('12/09/2020','DD/MM/YYYY'),'13');
Insert into D40_ACQUISTO (ID,FORNITORE_ID,PRODOTTO_ID,DATA,QUANTITA) values ('8664','43','96',to_date('08/02/2021','DD/MM/YYYY'),'17');
Insert into D40_ACQUISTO (ID,FORNITORE_ID,PRODOTTO_ID,DATA,QUANTITA) values ('8665','43','84',to_date('03/10/2020','DD/MM/YYYY'),'21');
Insert into D40_ACQUISTO (ID,FORNITORE_ID,PRODOTTO_ID,DATA,QUANTITA) values ('8666','43','122',to_date('15/05/2021','DD/MM/YYYY'),'12');
Insert into D40_ACQUISTO (ID,FORNITORE_ID,PRODOTTO_ID,DATA,QUANTITA) values ('8667','43','108',to_date('07/05/2021','DD/MM/YYYY'),'29');
Insert into D40_ACQUISTO (ID,FORNITORE_ID,PRODOTTO_ID,DATA,QUANTITA) values ('8668','43','101',to_date('10/08/2020','DD/MM/YYYY'),'29');
Insert into D40_ACQUISTO (ID,FORNITORE_ID,PRODOTTO_ID,DATA,QUANTITA) values ('8669','43','1',to_date('26/03/2021','DD/MM/YYYY'),'10');
Insert into D40_ACQUISTO (ID,FORNITORE_ID,PRODOTTO_ID,DATA,QUANTITA) values ('8670','43','41',to_date('27/01/2021','DD/MM/YYYY'),'14');
Insert into D40_ACQUISTO (ID,FORNITORE_ID,PRODOTTO_ID,DATA,QUANTITA) values ('8671','43','122',to_date('14/08/2020','DD/MM/YYYY'),'21');
Insert into D40_ACQUISTO (ID,FORNITORE_ID,PRODOTTO_ID,DATA,QUANTITA) values ('8672','43','63',to_date('10/01/2021','DD/MM/YYYY'),'17');
Insert into D40_ACQUISTO (ID,FORNITORE_ID,PRODOTTO_ID,DATA,QUANTITA) values ('8673','43','38',to_date('10/08/2020','DD/MM/YYYY'),'23');
Insert into D40_ACQUISTO (ID,FORNITORE_ID,PRODOTTO_ID,DATA,QUANTITA) values ('8674','43','26',to_date('14/09/2020','DD/MM/YYYY'),'18');
Insert into D40_ACQUISTO (ID,FORNITORE_ID,PRODOTTO_ID,DATA,QUANTITA) values ('8675','43','80',to_date('16/08/2020','DD/MM/YYYY'),'29');
Insert into D40_ACQUISTO (ID,FORNITORE_ID,PRODOTTO_ID,DATA,QUANTITA) values ('8676','43','76',to_date('23/09/2020','DD/MM/YYYY'),'22');
Insert into D40_ACQUISTO (ID,FORNITORE_ID,PRODOTTO_ID,DATA,QUANTITA) values ('8677','43','62',to_date('12/03/2021','DD/MM/YYYY'),'12');
Insert into D40_ACQUISTO (ID,FORNITORE_ID,PRODOTTO_ID,DATA,QUANTITA) values ('8678','43','98',to_date('09/07/2021','DD/MM/YYYY'),'27');
Insert into D40_ACQUISTO (ID,FORNITORE_ID,PRODOTTO_ID,DATA,QUANTITA) values ('8679','43','50',to_date('21/12/2020','DD/MM/YYYY'),'24');
Insert into D40_ACQUISTO (ID,FORNITORE_ID,PRODOTTO_ID,DATA,QUANTITA) values ('8680','43','143',to_date('05/07/2021','DD/MM/YYYY'),'17');
Insert into D40_ACQUISTO (ID,FORNITORE_ID,PRODOTTO_ID,DATA,QUANTITA) values ('8681','43','128',to_date('29/07/2020','DD/MM/YYYY'),'29');
Insert into D40_ACQUISTO (ID,FORNITORE_ID,PRODOTTO_ID,DATA,QUANTITA) values ('8682','43','16',to_date('16/10/2020','DD/MM/YYYY'),'23');
Insert into D40_ACQUISTO (ID,FORNITORE_ID,PRODOTTO_ID,DATA,QUANTITA) values ('8683','43','66',to_date('26/08/2020','DD/MM/YYYY'),'25');
Insert into D40_ACQUISTO (ID,FORNITORE_ID,PRODOTTO_ID,DATA,QUANTITA) values ('8684','43','138',to_date('15/04/2021','DD/MM/YYYY'),'19');
Insert into D40_ACQUISTO (ID,FORNITORE_ID,PRODOTTO_ID,DATA,QUANTITA) values ('8685','43','102',to_date('10/10/2020','DD/MM/YYYY'),'27');
Insert into D40_ACQUISTO (ID,FORNITORE_ID,PRODOTTO_ID,DATA,QUANTITA) values ('8686','43','67',to_date('10/12/2020','DD/MM/YYYY'),'24');
Insert into D40_ACQUISTO (ID,FORNITORE_ID,PRODOTTO_ID,DATA,QUANTITA) values ('8687','43','62',to_date('27/11/2020','DD/MM/YYYY'),'21');
Insert into D40_ACQUISTO (ID,FORNITORE_ID,PRODOTTO_ID,DATA,QUANTITA) values ('8688','43','38',to_date('14/03/2021','DD/MM/YYYY'),'29');
Insert into D40_ACQUISTO (ID,FORNITORE_ID,PRODOTTO_ID,DATA,QUANTITA) values ('8689','43','50',to_date('13/12/2020','DD/MM/YYYY'),'10');
Insert into D40_ACQUISTO (ID,FORNITORE_ID,PRODOTTO_ID,DATA,QUANTITA) values ('8690','43','90',to_date('22/06/2021','DD/MM/YYYY'),'26');
Insert into D40_ACQUISTO (ID,FORNITORE_ID,PRODOTTO_ID,DATA,QUANTITA) values ('8691','43','39',to_date('04/12/2020','DD/MM/YYYY'),'15');
Insert into D40_ACQUISTO (ID,FORNITORE_ID,PRODOTTO_ID,DATA,QUANTITA) values ('8692','43','106',to_date('22/01/2021','DD/MM/YYYY'),'19');
Insert into D40_ACQUISTO (ID,FORNITORE_ID,PRODOTTO_ID,DATA,QUANTITA) values ('8693','43','80',to_date('08/01/2021','DD/MM/YYYY'),'19');
Insert into D40_ACQUISTO (ID,FORNITORE_ID,PRODOTTO_ID,DATA,QUANTITA) values ('8694','43','96',to_date('03/11/2020','DD/MM/YYYY'),'16');
Insert into D40_ACQUISTO (ID,FORNITORE_ID,PRODOTTO_ID,DATA,QUANTITA) values ('8695','44','60',to_date('21/11/2020','DD/MM/YYYY'),'14');
Insert into D40_ACQUISTO (ID,FORNITORE_ID,PRODOTTO_ID,DATA,QUANTITA) values ('8696','44','140',to_date('21/09/2020','DD/MM/YYYY'),'27');
Insert into D40_ACQUISTO (ID,FORNITORE_ID,PRODOTTO_ID,DATA,QUANTITA) values ('8697','44','122',to_date('22/09/2020','DD/MM/YYYY'),'13');
Insert into D40_ACQUISTO (ID,FORNITORE_ID,PRODOTTO_ID,DATA,QUANTITA) values ('8698','44','47',to_date('09/02/2021','DD/MM/YYYY'),'22');
Insert into D40_ACQUISTO (ID,FORNITORE_ID,PRODOTTO_ID,DATA,QUANTITA) values ('8699','44','46',to_date('11/03/2021','DD/MM/YYYY'),'25');
Insert into D40_ACQUISTO (ID,FORNITORE_ID,PRODOTTO_ID,DATA,QUANTITA) values ('8700','44','71',to_date('01/12/2020','DD/MM/YYYY'),'30');
Insert into D40_ACQUISTO (ID,FORNITORE_ID,PRODOTTO_ID,DATA,QUANTITA) values ('8701','44','94',to_date('01/09/2020','DD/MM/YYYY'),'13');
Insert into D40_ACQUISTO (ID,FORNITORE_ID,PRODOTTO_ID,DATA,QUANTITA) values ('8702','44','28',to_date('11/05/2021','DD/MM/YYYY'),'11');
Insert into D40_ACQUISTO (ID,FORNITORE_ID,PRODOTTO_ID,DATA,QUANTITA) values ('8703','44','7',to_date('10/02/2021','DD/MM/YYYY'),'14');
Insert into D40_ACQUISTO (ID,FORNITORE_ID,PRODOTTO_ID,DATA,QUANTITA) values ('8704','44','135',to_date('26/01/2021','DD/MM/YYYY'),'23');
Insert into D40_ACQUISTO (ID,FORNITORE_ID,PRODOTTO_ID,DATA,QUANTITA) values ('8705','44','31',to_date('30/12/2020','DD/MM/YYYY'),'27');
Insert into D40_ACQUISTO (ID,FORNITORE_ID,PRODOTTO_ID,DATA,QUANTITA) values ('8706','44','59',to_date('20/08/2020','DD/MM/YYYY'),'17');
Insert into D40_ACQUISTO (ID,FORNITORE_ID,PRODOTTO_ID,DATA,QUANTITA) values ('8707','44','18',to_date('11/11/2020','DD/MM/YYYY'),'26');
Insert into D40_ACQUISTO (ID,FORNITORE_ID,PRODOTTO_ID,DATA,QUANTITA) values ('8708','44','129',to_date('26/07/2020','DD/MM/YYYY'),'17');
Insert into D40_ACQUISTO (ID,FORNITORE_ID,PRODOTTO_ID,DATA,QUANTITA) values ('8709','44','109',to_date('29/08/2020','DD/MM/YYYY'),'27');
Insert into D40_ACQUISTO (ID,FORNITORE_ID,PRODOTTO_ID,DATA,QUANTITA) values ('8710','44','49',to_date('20/05/2021','DD/MM/YYYY'),'12');
Insert into D40_ACQUISTO (ID,FORNITORE_ID,PRODOTTO_ID,DATA,QUANTITA) values ('8711','44','60',to_date('26/03/2021','DD/MM/YYYY'),'13');
Insert into D40_ACQUISTO (ID,FORNITORE_ID,PRODOTTO_ID,DATA,QUANTITA) values ('8712','44','116',to_date('23/12/2020','DD/MM/YYYY'),'20');
Insert into D40_ACQUISTO (ID,FORNITORE_ID,PRODOTTO_ID,DATA,QUANTITA) values ('8713','44','63',to_date('23/06/2021','DD/MM/YYYY'),'23');
Insert into D40_ACQUISTO (ID,FORNITORE_ID,PRODOTTO_ID,DATA,QUANTITA) values ('8714','44','71',to_date('01/12/2020','DD/MM/YYYY'),'28');
Insert into D40_ACQUISTO (ID,FORNITORE_ID,PRODOTTO_ID,DATA,QUANTITA) values ('8715','44','79',to_date('05/10/2020','DD/MM/YYYY'),'19');
Insert into D40_ACQUISTO (ID,FORNITORE_ID,PRODOTTO_ID,DATA,QUANTITA) values ('8716','44','53',to_date('15/02/2021','DD/MM/YYYY'),'16');
Insert into D40_ACQUISTO (ID,FORNITORE_ID,PRODOTTO_ID,DATA,QUANTITA) values ('8717','44','53',to_date('17/06/2021','DD/MM/YYYY'),'19');
Insert into D40_ACQUISTO (ID,FORNITORE_ID,PRODOTTO_ID,DATA,QUANTITA) values ('8718','44','54',to_date('07/12/2020','DD/MM/YYYY'),'21');
Insert into D40_ACQUISTO (ID,FORNITORE_ID,PRODOTTO_ID,DATA,QUANTITA) values ('8719','44','35',to_date('01/10/2020','DD/MM/YYYY'),'15');
Insert into D40_ACQUISTO (ID,FORNITORE_ID,PRODOTTO_ID,DATA,QUANTITA) values ('8720','44','146',to_date('20/10/2020','DD/MM/YYYY'),'23');
Insert into D40_ACQUISTO (ID,FORNITORE_ID,PRODOTTO_ID,DATA,QUANTITA) values ('8721','44','144',to_date('31/07/2020','DD/MM/YYYY'),'21');
Insert into D40_ACQUISTO (ID,FORNITORE_ID,PRODOTTO_ID,DATA,QUANTITA) values ('8722','44','109',to_date('27/05/2021','DD/MM/YYYY'),'16');
Insert into D40_ACQUISTO (ID,FORNITORE_ID,PRODOTTO_ID,DATA,QUANTITA) values ('8723','44','148',to_date('02/09/2020','DD/MM/YYYY'),'21');
Insert into D40_ACQUISTO (ID,FORNITORE_ID,PRODOTTO_ID,DATA,QUANTITA) values ('8724','44','84',to_date('06/10/2020','DD/MM/YYYY'),'23');
Insert into D40_ACQUISTO (ID,FORNITORE_ID,PRODOTTO_ID,DATA,QUANTITA) values ('8725','44','55',to_date('02/08/2020','DD/MM/YYYY'),'16');
Insert into D40_ACQUISTO (ID,FORNITORE_ID,PRODOTTO_ID,DATA,QUANTITA) values ('8726','44','101',to_date('18/07/2020','DD/MM/YYYY'),'25');
Insert into D40_ACQUISTO (ID,FORNITORE_ID,PRODOTTO_ID,DATA,QUANTITA) values ('8727','44','107',to_date('16/01/2021','DD/MM/YYYY'),'30');
Insert into D40_ACQUISTO (ID,FORNITORE_ID,PRODOTTO_ID,DATA,QUANTITA) values ('8728','44','145',to_date('08/09/2020','DD/MM/YYYY'),'20');
Insert into D40_ACQUISTO (ID,FORNITORE_ID,PRODOTTO_ID,DATA,QUANTITA) values ('8729','44','55',to_date('29/05/2021','DD/MM/YYYY'),'15');
Insert into D40_ACQUISTO (ID,FORNITORE_ID,PRODOTTO_ID,DATA,QUANTITA) values ('8730','44','49',to_date('28/01/2021','DD/MM/YYYY'),'26');
Insert into D40_ACQUISTO (ID,FORNITORE_ID,PRODOTTO_ID,DATA,QUANTITA) values ('8731','44','93',to_date('26/01/2021','DD/MM/YYYY'),'28');
Insert into D40_ACQUISTO (ID,FORNITORE_ID,PRODOTTO_ID,DATA,QUANTITA) values ('8732','44','45',to_date('17/09/2020','DD/MM/YYYY'),'25');
Insert into D40_ACQUISTO (ID,FORNITORE_ID,PRODOTTO_ID,DATA,QUANTITA) values ('8733','44','130',to_date('31/12/2020','DD/MM/YYYY'),'14');
Insert into D40_ACQUISTO (ID,FORNITORE_ID,PRODOTTO_ID,DATA,QUANTITA) values ('8734','44','40',to_date('25/08/2020','DD/MM/YYYY'),'27');
Insert into D40_ACQUISTO (ID,FORNITORE_ID,PRODOTTO_ID,DATA,QUANTITA) values ('8735','44','113',to_date('27/08/2020','DD/MM/YYYY'),'22');
Insert into D40_ACQUISTO (ID,FORNITORE_ID,PRODOTTO_ID,DATA,QUANTITA) values ('8736','44','139',to_date('23/12/2020','DD/MM/YYYY'),'30');
Insert into D40_ACQUISTO (ID,FORNITORE_ID,PRODOTTO_ID,DATA,QUANTITA) values ('8737','44','83',to_date('05/11/2020','DD/MM/YYYY'),'15');
Insert into D40_ACQUISTO (ID,FORNITORE_ID,PRODOTTO_ID,DATA,QUANTITA) values ('8738','44','37',to_date('27/03/2021','DD/MM/YYYY'),'17');
Insert into D40_ACQUISTO (ID,FORNITORE_ID,PRODOTTO_ID,DATA,QUANTITA) values ('8739','44','1',to_date('16/04/2021','DD/MM/YYYY'),'16');
Insert into D40_ACQUISTO (ID,FORNITORE_ID,PRODOTTO_ID,DATA,QUANTITA) values ('8740','44','28',to_date('17/02/2021','DD/MM/YYYY'),'19');
Insert into D40_ACQUISTO (ID,FORNITORE_ID,PRODOTTO_ID,DATA,QUANTITA) values ('8741','44','121',to_date('06/04/2021','DD/MM/YYYY'),'15');
Insert into D40_ACQUISTO (ID,FORNITORE_ID,PRODOTTO_ID,DATA,QUANTITA) values ('8742','44','50',to_date('11/03/2021','DD/MM/YYYY'),'26');
Insert into D40_ACQUISTO (ID,FORNITORE_ID,PRODOTTO_ID,DATA,QUANTITA) values ('8743','45','87',to_date('25/12/2020','DD/MM/YYYY'),'14');
Insert into D40_ACQUISTO (ID,FORNITORE_ID,PRODOTTO_ID,DATA,QUANTITA) values ('8744','45','96',to_date('01/02/2021','DD/MM/YYYY'),'29');
Insert into D40_ACQUISTO (ID,FORNITORE_ID,PRODOTTO_ID,DATA,QUANTITA) values ('8745','45','18',to_date('16/08/2020','DD/MM/YYYY'),'10');
Insert into D40_ACQUISTO (ID,FORNITORE_ID,PRODOTTO_ID,DATA,QUANTITA) values ('8746','45','140',to_date('13/01/2021','DD/MM/YYYY'),'19');
Insert into D40_ACQUISTO (ID,FORNITORE_ID,PRODOTTO_ID,DATA,QUANTITA) values ('8747','45','5',to_date('24/08/2020','DD/MM/YYYY'),'16');
Insert into D40_ACQUISTO (ID,FORNITORE_ID,PRODOTTO_ID,DATA,QUANTITA) values ('8748','45','69',to_date('15/04/2021','DD/MM/YYYY'),'20');
Insert into D40_ACQUISTO (ID,FORNITORE_ID,PRODOTTO_ID,DATA,QUANTITA) values ('8749','45','61',to_date('30/12/2020','DD/MM/YYYY'),'26');
Insert into D40_ACQUISTO (ID,FORNITORE_ID,PRODOTTO_ID,DATA,QUANTITA) values ('8750','45','116',to_date('07/09/2020','DD/MM/YYYY'),'29');
Insert into D40_ACQUISTO (ID,FORNITORE_ID,PRODOTTO_ID,DATA,QUANTITA) values ('8751','45','87',to_date('20/10/2020','DD/MM/YYYY'),'17');
Insert into D40_ACQUISTO (ID,FORNITORE_ID,PRODOTTO_ID,DATA,QUANTITA) values ('8752','45','89',to_date('02/05/2021','DD/MM/YYYY'),'29');
Insert into D40_ACQUISTO (ID,FORNITORE_ID,PRODOTTO_ID,DATA,QUANTITA) values ('8753','45','49',to_date('26/12/2020','DD/MM/YYYY'),'27');
Insert into D40_ACQUISTO (ID,FORNITORE_ID,PRODOTTO_ID,DATA,QUANTITA) values ('8754','45','16',to_date('12/10/2020','DD/MM/YYYY'),'24');
Insert into D40_ACQUISTO (ID,FORNITORE_ID,PRODOTTO_ID,DATA,QUANTITA) values ('8755','45','19',to_date('06/12/2020','DD/MM/YYYY'),'14');
Insert into D40_ACQUISTO (ID,FORNITORE_ID,PRODOTTO_ID,DATA,QUANTITA) values ('8756','45','134',to_date('23/03/2021','DD/MM/YYYY'),'25');
Insert into D40_ACQUISTO (ID,FORNITORE_ID,PRODOTTO_ID,DATA,QUANTITA) values ('8757','45','59',to_date('11/01/2021','DD/MM/YYYY'),'29');
Insert into D40_ACQUISTO (ID,FORNITORE_ID,PRODOTTO_ID,DATA,QUANTITA) values ('8758','45','69',to_date('10/02/2021','DD/MM/YYYY'),'10');
Insert into D40_ACQUISTO (ID,FORNITORE_ID,PRODOTTO_ID,DATA,QUANTITA) values ('8759','45','123',to_date('30/11/2020','DD/MM/YYYY'),'13');
Insert into D40_ACQUISTO (ID,FORNITORE_ID,PRODOTTO_ID,DATA,QUANTITA) values ('8760','45','61',to_date('23/05/2021','DD/MM/YYYY'),'11');
Insert into D40_ACQUISTO (ID,FORNITORE_ID,PRODOTTO_ID,DATA,QUANTITA) values ('8761','45','12',to_date('11/01/2021','DD/MM/YYYY'),'19');
Insert into D40_ACQUISTO (ID,FORNITORE_ID,PRODOTTO_ID,DATA,QUANTITA) values ('8762','45','45',to_date('03/09/2020','DD/MM/YYYY'),'13');
Insert into D40_ACQUISTO (ID,FORNITORE_ID,PRODOTTO_ID,DATA,QUANTITA) values ('8763','45','89',to_date('10/11/2020','DD/MM/YYYY'),'22');
Insert into D40_ACQUISTO (ID,FORNITORE_ID,PRODOTTO_ID,DATA,QUANTITA) values ('8764','45','145',to_date('09/11/2020','DD/MM/YYYY'),'24');
Insert into D40_ACQUISTO (ID,FORNITORE_ID,PRODOTTO_ID,DATA,QUANTITA) values ('8765','45','97',to_date('12/02/2021','DD/MM/YYYY'),'26');
Insert into D40_ACQUISTO (ID,FORNITORE_ID,PRODOTTO_ID,DATA,QUANTITA) values ('8766','45','106',to_date('22/12/2020','DD/MM/YYYY'),'13');
Insert into D40_ACQUISTO (ID,FORNITORE_ID,PRODOTTO_ID,DATA,QUANTITA) values ('8767','45','117',to_date('21/09/2020','DD/MM/YYYY'),'17');
Insert into D40_ACQUISTO (ID,FORNITORE_ID,PRODOTTO_ID,DATA,QUANTITA) values ('8768','45','101',to_date('17/03/2021','DD/MM/YYYY'),'13');
Insert into D40_ACQUISTO (ID,FORNITORE_ID,PRODOTTO_ID,DATA,QUANTITA) values ('8769','45','112',to_date('15/12/2020','DD/MM/YYYY'),'28');
Insert into D40_ACQUISTO (ID,FORNITORE_ID,PRODOTTO_ID,DATA,QUANTITA) values ('8770','45','108',to_date('18/06/2021','DD/MM/YYYY'),'10');
Insert into D40_ACQUISTO (ID,FORNITORE_ID,PRODOTTO_ID,DATA,QUANTITA) values ('8771','45','7',to_date('20/08/2020','DD/MM/YYYY'),'22');
Insert into D40_ACQUISTO (ID,FORNITORE_ID,PRODOTTO_ID,DATA,QUANTITA) values ('8772','45','78',to_date('09/01/2021','DD/MM/YYYY'),'21');
Insert into D40_ACQUISTO (ID,FORNITORE_ID,PRODOTTO_ID,DATA,QUANTITA) values ('8773','45','55',to_date('24/07/2020','DD/MM/YYYY'),'29');
Insert into D40_ACQUISTO (ID,FORNITORE_ID,PRODOTTO_ID,DATA,QUANTITA) values ('8774','45','75',to_date('27/09/2020','DD/MM/YYYY'),'21');
Insert into D40_ACQUISTO (ID,FORNITORE_ID,PRODOTTO_ID,DATA,QUANTITA) values ('8775','45','149',to_date('19/08/2020','DD/MM/YYYY'),'15');
Insert into D40_ACQUISTO (ID,FORNITORE_ID,PRODOTTO_ID,DATA,QUANTITA) values ('8776','45','26',to_date('23/06/2021','DD/MM/YYYY'),'18');
Insert into D40_ACQUISTO (ID,FORNITORE_ID,PRODOTTO_ID,DATA,QUANTITA) values ('8777','45','53',to_date('08/09/2020','DD/MM/YYYY'),'25');
Insert into D40_ACQUISTO (ID,FORNITORE_ID,PRODOTTO_ID,DATA,QUANTITA) values ('8778','45','147',to_date('10/06/2021','DD/MM/YYYY'),'16');
Insert into D40_ACQUISTO (ID,FORNITORE_ID,PRODOTTO_ID,DATA,QUANTITA) values ('8779','45','124',to_date('21/12/2020','DD/MM/YYYY'),'25');
Insert into D40_ACQUISTO (ID,FORNITORE_ID,PRODOTTO_ID,DATA,QUANTITA) values ('8780','45','9',to_date('04/03/2021','DD/MM/YYYY'),'15');
Insert into D40_ACQUISTO (ID,FORNITORE_ID,PRODOTTO_ID,DATA,QUANTITA) values ('8781','45','99',to_date('23/06/2021','DD/MM/YYYY'),'19');
Insert into D40_ACQUISTO (ID,FORNITORE_ID,PRODOTTO_ID,DATA,QUANTITA) values ('8782','45','29',to_date('08/06/2021','DD/MM/YYYY'),'23');
Insert into D40_ACQUISTO (ID,FORNITORE_ID,PRODOTTO_ID,DATA,QUANTITA) values ('8783','45','17',to_date('04/10/2020','DD/MM/YYYY'),'21');
Insert into D40_ACQUISTO (ID,FORNITORE_ID,PRODOTTO_ID,DATA,QUANTITA) values ('8784','45','103',to_date('06/03/2021','DD/MM/YYYY'),'25');
Insert into D40_ACQUISTO (ID,FORNITORE_ID,PRODOTTO_ID,DATA,QUANTITA) values ('8785','45','57',to_date('19/08/2020','DD/MM/YYYY'),'21');
Insert into D40_ACQUISTO (ID,FORNITORE_ID,PRODOTTO_ID,DATA,QUANTITA) values ('8786','45','43',to_date('08/11/2020','DD/MM/YYYY'),'21');
Insert into D40_ACQUISTO (ID,FORNITORE_ID,PRODOTTO_ID,DATA,QUANTITA) values ('8787','45','110',to_date('18/01/2021','DD/MM/YYYY'),'14');
Insert into D40_ACQUISTO (ID,FORNITORE_ID,PRODOTTO_ID,DATA,QUANTITA) values ('8788','45','56',to_date('13/12/2020','DD/MM/YYYY'),'25');
Insert into D40_ACQUISTO (ID,FORNITORE_ID,PRODOTTO_ID,DATA,QUANTITA) values ('8789','45','132',to_date('16/03/2021','DD/MM/YYYY'),'22');
Insert into D40_ACQUISTO (ID,FORNITORE_ID,PRODOTTO_ID,DATA,QUANTITA) values ('8790','45','66',to_date('16/10/2020','DD/MM/YYYY'),'27');
Insert into D40_ACQUISTO (ID,FORNITORE_ID,PRODOTTO_ID,DATA,QUANTITA) values ('8791','46','128',to_date('01/09/2020','DD/MM/YYYY'),'16');
Insert into D40_ACQUISTO (ID,FORNITORE_ID,PRODOTTO_ID,DATA,QUANTITA) values ('8792','46','140',to_date('24/10/2020','DD/MM/YYYY'),'27');
Insert into D40_ACQUISTO (ID,FORNITORE_ID,PRODOTTO_ID,DATA,QUANTITA) values ('8793','46','46',to_date('29/06/2021','DD/MM/YYYY'),'12');
Insert into D40_ACQUISTO (ID,FORNITORE_ID,PRODOTTO_ID,DATA,QUANTITA) values ('8794','46','89',to_date('23/05/2021','DD/MM/YYYY'),'11');
Insert into D40_ACQUISTO (ID,FORNITORE_ID,PRODOTTO_ID,DATA,QUANTITA) values ('8795','46','64',to_date('29/03/2021','DD/MM/YYYY'),'19');
Insert into D40_ACQUISTO (ID,FORNITORE_ID,PRODOTTO_ID,DATA,QUANTITA) values ('8796','46','146',to_date('25/01/2021','DD/MM/YYYY'),'12');
Insert into D40_ACQUISTO (ID,FORNITORE_ID,PRODOTTO_ID,DATA,QUANTITA) values ('8797','46','124',to_date('28/10/2020','DD/MM/YYYY'),'14');
Insert into D40_ACQUISTO (ID,FORNITORE_ID,PRODOTTO_ID,DATA,QUANTITA) values ('8798','46','144',to_date('11/11/2020','DD/MM/YYYY'),'22');
Insert into D40_ACQUISTO (ID,FORNITORE_ID,PRODOTTO_ID,DATA,QUANTITA) values ('8799','46','29',to_date('17/01/2021','DD/MM/YYYY'),'24');
Insert into D40_ACQUISTO (ID,FORNITORE_ID,PRODOTTO_ID,DATA,QUANTITA) values ('8800','46','93',to_date('12/11/2020','DD/MM/YYYY'),'28');
Insert into D40_ACQUISTO (ID,FORNITORE_ID,PRODOTTO_ID,DATA,QUANTITA) values ('8801','46','110',to_date('07/09/2020','DD/MM/YYYY'),'23');
Insert into D40_ACQUISTO (ID,FORNITORE_ID,PRODOTTO_ID,DATA,QUANTITA) values ('8802','46','22',to_date('21/09/2020','DD/MM/YYYY'),'25');
Insert into D40_ACQUISTO (ID,FORNITORE_ID,PRODOTTO_ID,DATA,QUANTITA) values ('8803','46','130',to_date('30/03/2021','DD/MM/YYYY'),'23');
Insert into D40_ACQUISTO (ID,FORNITORE_ID,PRODOTTO_ID,DATA,QUANTITA) values ('8804','46','36',to_date('06/06/2021','DD/MM/YYYY'),'20');
Insert into D40_ACQUISTO (ID,FORNITORE_ID,PRODOTTO_ID,DATA,QUANTITA) values ('8805','46','87',to_date('11/09/2020','DD/MM/YYYY'),'29');
Insert into D40_ACQUISTO (ID,FORNITORE_ID,PRODOTTO_ID,DATA,QUANTITA) values ('8806','46','98',to_date('14/12/2020','DD/MM/YYYY'),'22');
Insert into D40_ACQUISTO (ID,FORNITORE_ID,PRODOTTO_ID,DATA,QUANTITA) values ('8807','46','116',to_date('13/02/2021','DD/MM/YYYY'),'15');
Insert into D40_ACQUISTO (ID,FORNITORE_ID,PRODOTTO_ID,DATA,QUANTITA) values ('8808','46','61',to_date('26/05/2021','DD/MM/YYYY'),'11');
Insert into D40_ACQUISTO (ID,FORNITORE_ID,PRODOTTO_ID,DATA,QUANTITA) values ('8809','46','34',to_date('14/03/2021','DD/MM/YYYY'),'30');
Insert into D40_ACQUISTO (ID,FORNITORE_ID,PRODOTTO_ID,DATA,QUANTITA) values ('8810','46','34',to_date('02/06/2021','DD/MM/YYYY'),'15');
Insert into D40_ACQUISTO (ID,FORNITORE_ID,PRODOTTO_ID,DATA,QUANTITA) values ('8811','46','142',to_date('30/04/2021','DD/MM/YYYY'),'15');
Insert into D40_ACQUISTO (ID,FORNITORE_ID,PRODOTTO_ID,DATA,QUANTITA) values ('8812','46','33',to_date('17/09/2020','DD/MM/YYYY'),'17');
Insert into D40_ACQUISTO (ID,FORNITORE_ID,PRODOTTO_ID,DATA,QUANTITA) values ('8813','46','114',to_date('17/11/2020','DD/MM/YYYY'),'11');
Insert into D40_ACQUISTO (ID,FORNITORE_ID,PRODOTTO_ID,DATA,QUANTITA) values ('8814','46','40',to_date('23/11/2020','DD/MM/YYYY'),'13');
Insert into D40_ACQUISTO (ID,FORNITORE_ID,PRODOTTO_ID,DATA,QUANTITA) values ('8815','46','102',to_date('12/08/2020','DD/MM/YYYY'),'26');
Insert into D40_ACQUISTO (ID,FORNITORE_ID,PRODOTTO_ID,DATA,QUANTITA) values ('8816','46','43',to_date('01/08/2020','DD/MM/YYYY'),'20');
Insert into D40_ACQUISTO (ID,FORNITORE_ID,PRODOTTO_ID,DATA,QUANTITA) values ('8817','46','140',to_date('12/04/2021','DD/MM/YYYY'),'20');
Insert into D40_ACQUISTO (ID,FORNITORE_ID,PRODOTTO_ID,DATA,QUANTITA) values ('8818','46','99',to_date('19/07/2020','DD/MM/YYYY'),'24');
Insert into D40_ACQUISTO (ID,FORNITORE_ID,PRODOTTO_ID,DATA,QUANTITA) values ('8819','46','45',to_date('10/07/2020','DD/MM/YYYY'),'16');
Insert into D40_ACQUISTO (ID,FORNITORE_ID,PRODOTTO_ID,DATA,QUANTITA) values ('8820','46','147',to_date('02/05/2021','DD/MM/YYYY'),'17');
Insert into D40_ACQUISTO (ID,FORNITORE_ID,PRODOTTO_ID,DATA,QUANTITA) values ('8821','46','103',to_date('07/11/2020','DD/MM/YYYY'),'24');
Insert into D40_ACQUISTO (ID,FORNITORE_ID,PRODOTTO_ID,DATA,QUANTITA) values ('8822','46','107',to_date('10/12/2020','DD/MM/YYYY'),'10');
Insert into D40_ACQUISTO (ID,FORNITORE_ID,PRODOTTO_ID,DATA,QUANTITA) values ('8823','46','1',to_date('08/06/2021','DD/MM/YYYY'),'14');
Insert into D40_ACQUISTO (ID,FORNITORE_ID,PRODOTTO_ID,DATA,QUANTITA) values ('8824','46','4',to_date('03/10/2020','DD/MM/YYYY'),'22');
Insert into D40_ACQUISTO (ID,FORNITORE_ID,PRODOTTO_ID,DATA,QUANTITA) values ('8825','46','129',to_date('21/08/2020','DD/MM/YYYY'),'29');
Insert into D40_ACQUISTO (ID,FORNITORE_ID,PRODOTTO_ID,DATA,QUANTITA) values ('8826','47','97',to_date('19/08/2020','DD/MM/YYYY'),'27');
Insert into D40_ACQUISTO (ID,FORNITORE_ID,PRODOTTO_ID,DATA,QUANTITA) values ('8827','47','117',to_date('03/08/2020','DD/MM/YYYY'),'28');
Insert into D40_ACQUISTO (ID,FORNITORE_ID,PRODOTTO_ID,DATA,QUANTITA) values ('8828','47','3',to_date('16/12/2020','DD/MM/YYYY'),'18');
Insert into D40_ACQUISTO (ID,FORNITORE_ID,PRODOTTO_ID,DATA,QUANTITA) values ('8829','47','119',to_date('14/03/2021','DD/MM/YYYY'),'28');
Insert into D40_ACQUISTO (ID,FORNITORE_ID,PRODOTTO_ID,DATA,QUANTITA) values ('8830','47','58',to_date('03/06/2021','DD/MM/YYYY'),'23');
Insert into D40_ACQUISTO (ID,FORNITORE_ID,PRODOTTO_ID,DATA,QUANTITA) values ('8831','47','121',to_date('03/02/2021','DD/MM/YYYY'),'24');
Insert into D40_ACQUISTO (ID,FORNITORE_ID,PRODOTTO_ID,DATA,QUANTITA) values ('8832','47','147',to_date('03/10/2020','DD/MM/YYYY'),'16');
Insert into D40_ACQUISTO (ID,FORNITORE_ID,PRODOTTO_ID,DATA,QUANTITA) values ('8833','47','144',to_date('19/12/2020','DD/MM/YYYY'),'16');
Insert into D40_ACQUISTO (ID,FORNITORE_ID,PRODOTTO_ID,DATA,QUANTITA) values ('8834','47','74',to_date('02/06/2021','DD/MM/YYYY'),'24');
Insert into D40_ACQUISTO (ID,FORNITORE_ID,PRODOTTO_ID,DATA,QUANTITA) values ('8835','47','90',to_date('23/06/2021','DD/MM/YYYY'),'24');
Insert into D40_ACQUISTO (ID,FORNITORE_ID,PRODOTTO_ID,DATA,QUANTITA) values ('8836','47','39',to_date('20/04/2021','DD/MM/YYYY'),'24');
Insert into D40_ACQUISTO (ID,FORNITORE_ID,PRODOTTO_ID,DATA,QUANTITA) values ('8837','47','104',to_date('20/05/2021','DD/MM/YYYY'),'28');
Insert into D40_ACQUISTO (ID,FORNITORE_ID,PRODOTTO_ID,DATA,QUANTITA) values ('8838','47','130',to_date('25/11/2020','DD/MM/YYYY'),'27');
Insert into D40_ACQUISTO (ID,FORNITORE_ID,PRODOTTO_ID,DATA,QUANTITA) values ('8839','47','32',to_date('24/04/2021','DD/MM/YYYY'),'14');
Insert into D40_ACQUISTO (ID,FORNITORE_ID,PRODOTTO_ID,DATA,QUANTITA) values ('8840','47','60',to_date('04/10/2020','DD/MM/YYYY'),'12');
Insert into D40_ACQUISTO (ID,FORNITORE_ID,PRODOTTO_ID,DATA,QUANTITA) values ('8841','47','19',to_date('05/02/2021','DD/MM/YYYY'),'10');
Insert into D40_ACQUISTO (ID,FORNITORE_ID,PRODOTTO_ID,DATA,QUANTITA) values ('8842','47','132',to_date('06/02/2021','DD/MM/YYYY'),'18');
Insert into D40_ACQUISTO (ID,FORNITORE_ID,PRODOTTO_ID,DATA,QUANTITA) values ('8843','47','136',to_date('09/08/2020','DD/MM/YYYY'),'16');
Insert into D40_ACQUISTO (ID,FORNITORE_ID,PRODOTTO_ID,DATA,QUANTITA) values ('8844','47','95',to_date('23/07/2020','DD/MM/YYYY'),'26');
Insert into D40_ACQUISTO (ID,FORNITORE_ID,PRODOTTO_ID,DATA,QUANTITA) values ('8845','47','84',to_date('26/12/2020','DD/MM/YYYY'),'21');
Insert into D40_ACQUISTO (ID,FORNITORE_ID,PRODOTTO_ID,DATA,QUANTITA) values ('8846','47','22',to_date('07/11/2020','DD/MM/YYYY'),'12');
Insert into D40_ACQUISTO (ID,FORNITORE_ID,PRODOTTO_ID,DATA,QUANTITA) values ('8847','47','96',to_date('01/04/2021','DD/MM/YYYY'),'26');
Insert into D40_ACQUISTO (ID,FORNITORE_ID,PRODOTTO_ID,DATA,QUANTITA) values ('8848','47','121',to_date('14/04/2021','DD/MM/YYYY'),'27');
Insert into D40_ACQUISTO (ID,FORNITORE_ID,PRODOTTO_ID,DATA,QUANTITA) values ('8849','47','11',to_date('14/01/2021','DD/MM/YYYY'),'19');
Insert into D40_ACQUISTO (ID,FORNITORE_ID,PRODOTTO_ID,DATA,QUANTITA) values ('8850','47','111',to_date('17/04/2021','DD/MM/YYYY'),'15');
Insert into D40_ACQUISTO (ID,FORNITORE_ID,PRODOTTO_ID,DATA,QUANTITA) values ('8851','47','115',to_date('26/05/2021','DD/MM/YYYY'),'29');
Insert into D40_ACQUISTO (ID,FORNITORE_ID,PRODOTTO_ID,DATA,QUANTITA) values ('8852','47','37',to_date('21/10/2020','DD/MM/YYYY'),'30');
Insert into D40_ACQUISTO (ID,FORNITORE_ID,PRODOTTO_ID,DATA,QUANTITA) values ('8853','47','85',to_date('03/02/2021','DD/MM/YYYY'),'16');
Insert into D40_ACQUISTO (ID,FORNITORE_ID,PRODOTTO_ID,DATA,QUANTITA) values ('8854','47','26',to_date('31/08/2020','DD/MM/YYYY'),'22');
Insert into D40_ACQUISTO (ID,FORNITORE_ID,PRODOTTO_ID,DATA,QUANTITA) values ('8855','47','5',to_date('28/11/2020','DD/MM/YYYY'),'19');
Insert into D40_ACQUISTO (ID,FORNITORE_ID,PRODOTTO_ID,DATA,QUANTITA) values ('8856','47','32',to_date('30/11/2020','DD/MM/YYYY'),'20');
Insert into D40_ACQUISTO (ID,FORNITORE_ID,PRODOTTO_ID,DATA,QUANTITA) values ('8857','47','119',to_date('23/07/2020','DD/MM/YYYY'),'19');
Insert into D40_ACQUISTO (ID,FORNITORE_ID,PRODOTTO_ID,DATA,QUANTITA) values ('8858','47','61',to_date('11/12/2020','DD/MM/YYYY'),'29');
Insert into D40_ACQUISTO (ID,FORNITORE_ID,PRODOTTO_ID,DATA,QUANTITA) values ('8859','47','119',to_date('14/06/2021','DD/MM/YYYY'),'19');
Insert into D40_ACQUISTO (ID,FORNITORE_ID,PRODOTTO_ID,DATA,QUANTITA) values ('8860','47','112',to_date('22/07/2020','DD/MM/YYYY'),'17');
Insert into D40_ACQUISTO (ID,FORNITORE_ID,PRODOTTO_ID,DATA,QUANTITA) values ('8861','47','39',to_date('09/06/2021','DD/MM/YYYY'),'18');
Insert into D40_ACQUISTO (ID,FORNITORE_ID,PRODOTTO_ID,DATA,QUANTITA) values ('8862','47','100',to_date('19/09/2020','DD/MM/YYYY'),'11');
Insert into D40_ACQUISTO (ID,FORNITORE_ID,PRODOTTO_ID,DATA,QUANTITA) values ('8863','47','18',to_date('18/03/2021','DD/MM/YYYY'),'18');
Insert into D40_ACQUISTO (ID,FORNITORE_ID,PRODOTTO_ID,DATA,QUANTITA) values ('8864','47','98',to_date('09/09/2020','DD/MM/YYYY'),'13');
Insert into D40_ACQUISTO (ID,FORNITORE_ID,PRODOTTO_ID,DATA,QUANTITA) values ('8865','47','80',to_date('09/03/2021','DD/MM/YYYY'),'30');
Insert into D40_ACQUISTO (ID,FORNITORE_ID,PRODOTTO_ID,DATA,QUANTITA) values ('8866','47','2',to_date('23/12/2020','DD/MM/YYYY'),'29');
Insert into D40_ACQUISTO (ID,FORNITORE_ID,PRODOTTO_ID,DATA,QUANTITA) values ('8867','47','119',to_date('24/03/2021','DD/MM/YYYY'),'17');
Insert into D40_ACQUISTO (ID,FORNITORE_ID,PRODOTTO_ID,DATA,QUANTITA) values ('8868','47','129',to_date('29/03/2021','DD/MM/YYYY'),'11');
Insert into D40_ACQUISTO (ID,FORNITORE_ID,PRODOTTO_ID,DATA,QUANTITA) values ('8869','47','41',to_date('23/12/2020','DD/MM/YYYY'),'24');
Insert into D40_ACQUISTO (ID,FORNITORE_ID,PRODOTTO_ID,DATA,QUANTITA) values ('8870','47','105',to_date('14/02/2021','DD/MM/YYYY'),'27');
Insert into D40_ACQUISTO (ID,FORNITORE_ID,PRODOTTO_ID,DATA,QUANTITA) values ('8871','47','21',to_date('29/07/2020','DD/MM/YYYY'),'11');
Insert into D40_ACQUISTO (ID,FORNITORE_ID,PRODOTTO_ID,DATA,QUANTITA) values ('8872','47','45',to_date('09/08/2020','DD/MM/YYYY'),'30');
Insert into D40_ACQUISTO (ID,FORNITORE_ID,PRODOTTO_ID,DATA,QUANTITA) values ('8873','47','118',to_date('28/07/2020','DD/MM/YYYY'),'20');
Insert into D40_ACQUISTO (ID,FORNITORE_ID,PRODOTTO_ID,DATA,QUANTITA) values ('8874','47','95',to_date('05/09/2020','DD/MM/YYYY'),'20');
Insert into D40_ACQUISTO (ID,FORNITORE_ID,PRODOTTO_ID,DATA,QUANTITA) values ('8875','47','29',to_date('10/11/2020','DD/MM/YYYY'),'27');
Insert into D40_ACQUISTO (ID,FORNITORE_ID,PRODOTTO_ID,DATA,QUANTITA) values ('8876','47','141',to_date('14/02/2021','DD/MM/YYYY'),'29');
Insert into D40_ACQUISTO (ID,FORNITORE_ID,PRODOTTO_ID,DATA,QUANTITA) values ('8877','47','12',to_date('18/04/2021','DD/MM/YYYY'),'11');
Insert into D40_ACQUISTO (ID,FORNITORE_ID,PRODOTTO_ID,DATA,QUANTITA) values ('8878','47','7',to_date('14/12/2020','DD/MM/YYYY'),'18');
Insert into D40_ACQUISTO (ID,FORNITORE_ID,PRODOTTO_ID,DATA,QUANTITA) values ('8879','47','115',to_date('10/06/2021','DD/MM/YYYY'),'15');
Insert into D40_ACQUISTO (ID,FORNITORE_ID,PRODOTTO_ID,DATA,QUANTITA) values ('8880','48','57',to_date('18/06/2021','DD/MM/YYYY'),'11');
Insert into D40_ACQUISTO (ID,FORNITORE_ID,PRODOTTO_ID,DATA,QUANTITA) values ('8881','48','110',to_date('19/02/2021','DD/MM/YYYY'),'30');
Insert into D40_ACQUISTO (ID,FORNITORE_ID,PRODOTTO_ID,DATA,QUANTITA) values ('8882','48','95',to_date('01/02/2021','DD/MM/YYYY'),'14');
Insert into D40_ACQUISTO (ID,FORNITORE_ID,PRODOTTO_ID,DATA,QUANTITA) values ('8883','48','146',to_date('21/07/2020','DD/MM/YYYY'),'21');
Insert into D40_ACQUISTO (ID,FORNITORE_ID,PRODOTTO_ID,DATA,QUANTITA) values ('8884','48','83',to_date('19/06/2021','DD/MM/YYYY'),'15');
Insert into D40_ACQUISTO (ID,FORNITORE_ID,PRODOTTO_ID,DATA,QUANTITA) values ('8885','48','36',to_date('09/10/2020','DD/MM/YYYY'),'13');
Insert into D40_ACQUISTO (ID,FORNITORE_ID,PRODOTTO_ID,DATA,QUANTITA) values ('8886','48','127',to_date('17/06/2021','DD/MM/YYYY'),'30');
Insert into D40_ACQUISTO (ID,FORNITORE_ID,PRODOTTO_ID,DATA,QUANTITA) values ('8887','48','83',to_date('04/04/2021','DD/MM/YYYY'),'24');
Insert into D40_ACQUISTO (ID,FORNITORE_ID,PRODOTTO_ID,DATA,QUANTITA) values ('8888','48','15',to_date('17/12/2020','DD/MM/YYYY'),'25');
Insert into D40_ACQUISTO (ID,FORNITORE_ID,PRODOTTO_ID,DATA,QUANTITA) values ('8889','48','133',to_date('08/02/2021','DD/MM/YYYY'),'21');
Insert into D40_ACQUISTO (ID,FORNITORE_ID,PRODOTTO_ID,DATA,QUANTITA) values ('8890','48','66',to_date('08/01/2021','DD/MM/YYYY'),'10');
Insert into D40_ACQUISTO (ID,FORNITORE_ID,PRODOTTO_ID,DATA,QUANTITA) values ('8891','48','87',to_date('14/10/2020','DD/MM/YYYY'),'12');
Insert into D40_ACQUISTO (ID,FORNITORE_ID,PRODOTTO_ID,DATA,QUANTITA) values ('8892','48','97',to_date('02/12/2020','DD/MM/YYYY'),'13');
Insert into D40_ACQUISTO (ID,FORNITORE_ID,PRODOTTO_ID,DATA,QUANTITA) values ('8893','48','145',to_date('30/04/2021','DD/MM/YYYY'),'20');
Insert into D40_ACQUISTO (ID,FORNITORE_ID,PRODOTTO_ID,DATA,QUANTITA) values ('8894','48','24',to_date('05/09/2020','DD/MM/YYYY'),'20');
Insert into D40_ACQUISTO (ID,FORNITORE_ID,PRODOTTO_ID,DATA,QUANTITA) values ('8895','48','29',to_date('20/12/2020','DD/MM/YYYY'),'17');
Insert into D40_ACQUISTO (ID,FORNITORE_ID,PRODOTTO_ID,DATA,QUANTITA) values ('8896','48','87',to_date('21/07/2020','DD/MM/YYYY'),'10');
Insert into D40_ACQUISTO (ID,FORNITORE_ID,PRODOTTO_ID,DATA,QUANTITA) values ('8897','48','135',to_date('26/11/2020','DD/MM/YYYY'),'30');
Insert into D40_ACQUISTO (ID,FORNITORE_ID,PRODOTTO_ID,DATA,QUANTITA) values ('8898','48','38',to_date('14/05/2021','DD/MM/YYYY'),'23');
Insert into D40_ACQUISTO (ID,FORNITORE_ID,PRODOTTO_ID,DATA,QUANTITA) values ('8899','48','119',to_date('19/07/2020','DD/MM/YYYY'),'10');
Insert into D40_ACQUISTO (ID,FORNITORE_ID,PRODOTTO_ID,DATA,QUANTITA) values ('8900','48','45',to_date('26/12/2020','DD/MM/YYYY'),'15');
Insert into D40_ACQUISTO (ID,FORNITORE_ID,PRODOTTO_ID,DATA,QUANTITA) values ('8901','48','22',to_date('21/11/2020','DD/MM/YYYY'),'21');
Insert into D40_ACQUISTO (ID,FORNITORE_ID,PRODOTTO_ID,DATA,QUANTITA) values ('8902','48','115',to_date('20/07/2020','DD/MM/YYYY'),'11');
Insert into D40_ACQUISTO (ID,FORNITORE_ID,PRODOTTO_ID,DATA,QUANTITA) values ('8903','48','103',to_date('17/02/2021','DD/MM/YYYY'),'26');
Insert into D40_ACQUISTO (ID,FORNITORE_ID,PRODOTTO_ID,DATA,QUANTITA) values ('8904','48','32',to_date('20/11/2020','DD/MM/YYYY'),'25');
Insert into D40_ACQUISTO (ID,FORNITORE_ID,PRODOTTO_ID,DATA,QUANTITA) values ('8905','48','42',to_date('23/05/2021','DD/MM/YYYY'),'11');
Insert into D40_ACQUISTO (ID,FORNITORE_ID,PRODOTTO_ID,DATA,QUANTITA) values ('8906','48','36',to_date('09/03/2021','DD/MM/YYYY'),'16');
Insert into D40_ACQUISTO (ID,FORNITORE_ID,PRODOTTO_ID,DATA,QUANTITA) values ('8907','48','116',to_date('11/01/2021','DD/MM/YYYY'),'11');
Insert into D40_ACQUISTO (ID,FORNITORE_ID,PRODOTTO_ID,DATA,QUANTITA) values ('8908','48','86',to_date('16/08/2020','DD/MM/YYYY'),'21');
Insert into D40_ACQUISTO (ID,FORNITORE_ID,PRODOTTO_ID,DATA,QUANTITA) values ('8909','48','17',to_date('30/05/2021','DD/MM/YYYY'),'27');
Insert into D40_ACQUISTO (ID,FORNITORE_ID,PRODOTTO_ID,DATA,QUANTITA) values ('8910','49','141',to_date('25/06/2021','DD/MM/YYYY'),'19');
Insert into D40_ACQUISTO (ID,FORNITORE_ID,PRODOTTO_ID,DATA,QUANTITA) values ('8911','49','75',to_date('17/09/2020','DD/MM/YYYY'),'29');
Insert into D40_ACQUISTO (ID,FORNITORE_ID,PRODOTTO_ID,DATA,QUANTITA) values ('8912','49','117',to_date('05/11/2020','DD/MM/YYYY'),'11');
Insert into D40_ACQUISTO (ID,FORNITORE_ID,PRODOTTO_ID,DATA,QUANTITA) values ('8913','49','102',to_date('10/03/2021','DD/MM/YYYY'),'15');
Insert into D40_ACQUISTO (ID,FORNITORE_ID,PRODOTTO_ID,DATA,QUANTITA) values ('8914','49','2',to_date('21/02/2021','DD/MM/YYYY'),'13');
Insert into D40_ACQUISTO (ID,FORNITORE_ID,PRODOTTO_ID,DATA,QUANTITA) values ('8915','49','71',to_date('08/10/2020','DD/MM/YYYY'),'11');
Insert into D40_ACQUISTO (ID,FORNITORE_ID,PRODOTTO_ID,DATA,QUANTITA) values ('8916','49','1',to_date('06/02/2021','DD/MM/YYYY'),'11');
Insert into D40_ACQUISTO (ID,FORNITORE_ID,PRODOTTO_ID,DATA,QUANTITA) values ('8917','49','75',to_date('04/05/2021','DD/MM/YYYY'),'14');
Insert into D40_ACQUISTO (ID,FORNITORE_ID,PRODOTTO_ID,DATA,QUANTITA) values ('8918','49','136',to_date('13/06/2021','DD/MM/YYYY'),'25');
Insert into D40_ACQUISTO (ID,FORNITORE_ID,PRODOTTO_ID,DATA,QUANTITA) values ('8919','49','51',to_date('19/04/2021','DD/MM/YYYY'),'28');
Insert into D40_ACQUISTO (ID,FORNITORE_ID,PRODOTTO_ID,DATA,QUANTITA) values ('8920','49','88',to_date('21/09/2020','DD/MM/YYYY'),'18');
Insert into D40_ACQUISTO (ID,FORNITORE_ID,PRODOTTO_ID,DATA,QUANTITA) values ('8921','49','89',to_date('06/02/2021','DD/MM/YYYY'),'11');
Insert into D40_ACQUISTO (ID,FORNITORE_ID,PRODOTTO_ID,DATA,QUANTITA) values ('8922','49','95',to_date('26/09/2020','DD/MM/YYYY'),'12');
Insert into D40_ACQUISTO (ID,FORNITORE_ID,PRODOTTO_ID,DATA,QUANTITA) values ('8923','49','39',to_date('08/10/2020','DD/MM/YYYY'),'16');
Insert into D40_ACQUISTO (ID,FORNITORE_ID,PRODOTTO_ID,DATA,QUANTITA) values ('8924','49','43',to_date('10/03/2021','DD/MM/YYYY'),'26');
Insert into D40_ACQUISTO (ID,FORNITORE_ID,PRODOTTO_ID,DATA,QUANTITA) values ('8925','49','16',to_date('24/04/2021','DD/MM/YYYY'),'15');
Insert into D40_ACQUISTO (ID,FORNITORE_ID,PRODOTTO_ID,DATA,QUANTITA) values ('8926','49','4',to_date('16/12/2020','DD/MM/YYYY'),'13');
Insert into D40_ACQUISTO (ID,FORNITORE_ID,PRODOTTO_ID,DATA,QUANTITA) values ('8927','49','48',to_date('26/02/2021','DD/MM/YYYY'),'26');
Insert into D40_ACQUISTO (ID,FORNITORE_ID,PRODOTTO_ID,DATA,QUANTITA) values ('8928','49','109',to_date('10/05/2021','DD/MM/YYYY'),'23');
Insert into D40_ACQUISTO (ID,FORNITORE_ID,PRODOTTO_ID,DATA,QUANTITA) values ('8929','49','49',to_date('03/12/2020','DD/MM/YYYY'),'20');
Insert into D40_ACQUISTO (ID,FORNITORE_ID,PRODOTTO_ID,DATA,QUANTITA) values ('8930','49','95',to_date('28/06/2021','DD/MM/YYYY'),'14');
Insert into D40_ACQUISTO (ID,FORNITORE_ID,PRODOTTO_ID,DATA,QUANTITA) values ('8931','49','88',to_date('31/10/2020','DD/MM/YYYY'),'30');
Insert into D40_ACQUISTO (ID,FORNITORE_ID,PRODOTTO_ID,DATA,QUANTITA) values ('8932','49','9',to_date('31/03/2021','DD/MM/YYYY'),'25');
Insert into D40_ACQUISTO (ID,FORNITORE_ID,PRODOTTO_ID,DATA,QUANTITA) values ('8933','49','50',to_date('16/05/2021','DD/MM/YYYY'),'10');
Insert into D40_ACQUISTO (ID,FORNITORE_ID,PRODOTTO_ID,DATA,QUANTITA) values ('8934','49','66',to_date('24/08/2020','DD/MM/YYYY'),'20');
Insert into D40_ACQUISTO (ID,FORNITORE_ID,PRODOTTO_ID,DATA,QUANTITA) values ('8935','49','137',to_date('08/11/2020','DD/MM/YYYY'),'12');
Insert into D40_ACQUISTO (ID,FORNITORE_ID,PRODOTTO_ID,DATA,QUANTITA) values ('8936','49','29',to_date('25/04/2021','DD/MM/YYYY'),'30');
Insert into D40_ACQUISTO (ID,FORNITORE_ID,PRODOTTO_ID,DATA,QUANTITA) values ('8937','49','9',to_date('15/01/2021','DD/MM/YYYY'),'27');
Insert into D40_ACQUISTO (ID,FORNITORE_ID,PRODOTTO_ID,DATA,QUANTITA) values ('8938','49','41',to_date('07/05/2021','DD/MM/YYYY'),'25');
Insert into D40_ACQUISTO (ID,FORNITORE_ID,PRODOTTO_ID,DATA,QUANTITA) values ('8939','49','6',to_date('22/06/2021','DD/MM/YYYY'),'13');
Insert into D40_ACQUISTO (ID,FORNITORE_ID,PRODOTTO_ID,DATA,QUANTITA) values ('8940','49','76',to_date('06/09/2020','DD/MM/YYYY'),'16');
Insert into D40_ACQUISTO (ID,FORNITORE_ID,PRODOTTO_ID,DATA,QUANTITA) values ('8941','49','27',to_date('20/12/2020','DD/MM/YYYY'),'20');
Insert into D40_ACQUISTO (ID,FORNITORE_ID,PRODOTTO_ID,DATA,QUANTITA) values ('8942','49','62',to_date('17/07/2020','DD/MM/YYYY'),'20');
Insert into D40_ACQUISTO (ID,FORNITORE_ID,PRODOTTO_ID,DATA,QUANTITA) values ('8943','50','97',to_date('08/01/2021','DD/MM/YYYY'),'28');
Insert into D40_ACQUISTO (ID,FORNITORE_ID,PRODOTTO_ID,DATA,QUANTITA) values ('8944','50','51',to_date('15/04/2021','DD/MM/YYYY'),'28');
Insert into D40_ACQUISTO (ID,FORNITORE_ID,PRODOTTO_ID,DATA,QUANTITA) values ('8945','50','80',to_date('03/01/2021','DD/MM/YYYY'),'21');
Insert into D40_ACQUISTO (ID,FORNITORE_ID,PRODOTTO_ID,DATA,QUANTITA) values ('8946','50','148',to_date('04/01/2021','DD/MM/YYYY'),'15');
Insert into D40_ACQUISTO (ID,FORNITORE_ID,PRODOTTO_ID,DATA,QUANTITA) values ('8947','50','16',to_date('06/07/2021','DD/MM/YYYY'),'20');
Insert into D40_ACQUISTO (ID,FORNITORE_ID,PRODOTTO_ID,DATA,QUANTITA) values ('8948','50','67',to_date('28/10/2020','DD/MM/YYYY'),'28');
Insert into D40_ACQUISTO (ID,FORNITORE_ID,PRODOTTO_ID,DATA,QUANTITA) values ('8949','50','131',to_date('09/03/2021','DD/MM/YYYY'),'21');
Insert into D40_ACQUISTO (ID,FORNITORE_ID,PRODOTTO_ID,DATA,QUANTITA) values ('8950','50','147',to_date('02/05/2021','DD/MM/YYYY'),'15');
Insert into D40_ACQUISTO (ID,FORNITORE_ID,PRODOTTO_ID,DATA,QUANTITA) values ('8951','50','139',to_date('03/04/2021','DD/MM/YYYY'),'26');
Insert into D40_ACQUISTO (ID,FORNITORE_ID,PRODOTTO_ID,DATA,QUANTITA) values ('8952','50','48',to_date('27/03/2021','DD/MM/YYYY'),'15');
Insert into D40_ACQUISTO (ID,FORNITORE_ID,PRODOTTO_ID,DATA,QUANTITA) values ('8953','50','84',to_date('22/12/2020','DD/MM/YYYY'),'23');
Insert into D40_ACQUISTO (ID,FORNITORE_ID,PRODOTTO_ID,DATA,QUANTITA) values ('8954','50','102',to_date('30/12/2020','DD/MM/YYYY'),'30');
Insert into D40_ACQUISTO (ID,FORNITORE_ID,PRODOTTO_ID,DATA,QUANTITA) values ('8955','50','79',to_date('29/01/2021','DD/MM/YYYY'),'16');
Insert into D40_ACQUISTO (ID,FORNITORE_ID,PRODOTTO_ID,DATA,QUANTITA) values ('8956','50','118',to_date('15/10/2020','DD/MM/YYYY'),'26');
Insert into D40_ACQUISTO (ID,FORNITORE_ID,PRODOTTO_ID,DATA,QUANTITA) values ('8957','50','69',to_date('14/12/2020','DD/MM/YYYY'),'25');
Insert into D40_ACQUISTO (ID,FORNITORE_ID,PRODOTTO_ID,DATA,QUANTITA) values ('8958','50','94',to_date('17/12/2020','DD/MM/YYYY'),'26');
Insert into D40_ACQUISTO (ID,FORNITORE_ID,PRODOTTO_ID,DATA,QUANTITA) values ('8959','50','11',to_date('22/06/2021','DD/MM/YYYY'),'14');
Insert into D40_ACQUISTO (ID,FORNITORE_ID,PRODOTTO_ID,DATA,QUANTITA) values ('8960','50','6',to_date('07/04/2021','DD/MM/YYYY'),'18');
Insert into D40_ACQUISTO (ID,FORNITORE_ID,PRODOTTO_ID,DATA,QUANTITA) values ('8961','50','4',to_date('13/02/2021','DD/MM/YYYY'),'16');
Insert into D40_ACQUISTO (ID,FORNITORE_ID,PRODOTTO_ID,DATA,QUANTITA) values ('8962','50','36',to_date('10/04/2021','DD/MM/YYYY'),'19');
Insert into D40_ACQUISTO (ID,FORNITORE_ID,PRODOTTO_ID,DATA,QUANTITA) values ('8963','50','135',to_date('23/10/2020','DD/MM/YYYY'),'30');
Insert into D40_ACQUISTO (ID,FORNITORE_ID,PRODOTTO_ID,DATA,QUANTITA) values ('8964','50','59',to_date('28/03/2021','DD/MM/YYYY'),'21');
Insert into D40_ACQUISTO (ID,FORNITORE_ID,PRODOTTO_ID,DATA,QUANTITA) values ('8965','50','93',to_date('04/03/2021','DD/MM/YYYY'),'21');
Insert into D40_ACQUISTO (ID,FORNITORE_ID,PRODOTTO_ID,DATA,QUANTITA) values ('8966','50','14',to_date('11/09/2020','DD/MM/YYYY'),'19');
Insert into D40_ACQUISTO (ID,FORNITORE_ID,PRODOTTO_ID,DATA,QUANTITA) values ('8967','50','21',to_date('30/05/2021','DD/MM/YYYY'),'24');
Insert into D40_ACQUISTO (ID,FORNITORE_ID,PRODOTTO_ID,DATA,QUANTITA) values ('8968','50','122',to_date('23/09/2020','DD/MM/YYYY'),'11');
Insert into D40_ACQUISTO (ID,FORNITORE_ID,PRODOTTO_ID,DATA,QUANTITA) values ('8969','50','42',to_date('05/12/2020','DD/MM/YYYY'),'13');
Insert into D40_ACQUISTO (ID,FORNITORE_ID,PRODOTTO_ID,DATA,QUANTITA) values ('8970','50','144',to_date('01/01/2021','DD/MM/YYYY'),'19');
Insert into D40_ACQUISTO (ID,FORNITORE_ID,PRODOTTO_ID,DATA,QUANTITA) values ('8971','50','31',to_date('17/04/2021','DD/MM/YYYY'),'20');
Insert into D40_ACQUISTO (ID,FORNITORE_ID,PRODOTTO_ID,DATA,QUANTITA) values ('8972','50','46',to_date('26/10/2020','DD/MM/YYYY'),'19');
Insert into D40_ACQUISTO (ID,FORNITORE_ID,PRODOTTO_ID,DATA,QUANTITA) values ('8973','50','131',to_date('14/06/2021','DD/MM/YYYY'),'28');
Insert into D40_ACQUISTO (ID,FORNITORE_ID,PRODOTTO_ID,DATA,QUANTITA) values ('8974','50','94',to_date('25/09/2020','DD/MM/YYYY'),'16');
Insert into D40_ACQUISTO (ID,FORNITORE_ID,PRODOTTO_ID,DATA,QUANTITA) values ('8975','50','99',to_date('23/09/2020','DD/MM/YYYY'),'21');
Insert into D40_ACQUISTO (ID,FORNITORE_ID,PRODOTTO_ID,DATA,QUANTITA) values ('8976','50','26',to_date('22/12/2020','DD/MM/YYYY'),'29');
Insert into D40_ACQUISTO (ID,FORNITORE_ID,PRODOTTO_ID,DATA,QUANTITA) values ('8977','50','36',to_date('27/10/2020','DD/MM/YYYY'),'14');
Insert into D40_ACQUISTO (ID,FORNITORE_ID,PRODOTTO_ID,DATA,QUANTITA) values ('8978','50','28',to_date('31/10/2020','DD/MM/YYYY'),'15');
Insert into D40_ACQUISTO (ID,FORNITORE_ID,PRODOTTO_ID,DATA,QUANTITA) values ('8979','50','29',to_date('20/07/2020','DD/MM/YYYY'),'13');
Insert into D40_ACQUISTO (ID,FORNITORE_ID,PRODOTTO_ID,DATA,QUANTITA) values ('8980','50','133',to_date('22/04/2021','DD/MM/YYYY'),'30');
Insert into D40_ACQUISTO (ID,FORNITORE_ID,PRODOTTO_ID,DATA,QUANTITA) values ('8981','50','3',to_date('03/10/2020','DD/MM/YYYY'),'11');
Insert into D40_ACQUISTO (ID,FORNITORE_ID,PRODOTTO_ID,DATA,QUANTITA) values ('8982','50','58',to_date('20/08/2020','DD/MM/YYYY'),'17');
Insert into D40_ACQUISTO (ID,FORNITORE_ID,PRODOTTO_ID,DATA,QUANTITA) values ('8983','50','45',to_date('05/08/2020','DD/MM/YYYY'),'13');
Insert into D40_ACQUISTO (ID,FORNITORE_ID,PRODOTTO_ID,DATA,QUANTITA) values ('8984','50','119',to_date('03/09/2020','DD/MM/YYYY'),'29');
Insert into D40_ACQUISTO (ID,FORNITORE_ID,PRODOTTO_ID,DATA,QUANTITA) values ('7986','26','116',to_date('11/11/2020','DD/MM/YYYY'),'11');
Insert into D40_ACQUISTO (ID,FORNITORE_ID,PRODOTTO_ID,DATA,QUANTITA) values ('7987','26','99',to_date('18/10/2020','DD/MM/YYYY'),'15');
Insert into D40_ACQUISTO (ID,FORNITORE_ID,PRODOTTO_ID,DATA,QUANTITA) values ('7988','26','8',to_date('24/09/2020','DD/MM/YYYY'),'21');
Insert into D40_ACQUISTO (ID,FORNITORE_ID,PRODOTTO_ID,DATA,QUANTITA) values ('7989','26','118',to_date('17/03/2021','DD/MM/YYYY'),'12');
Insert into D40_ACQUISTO (ID,FORNITORE_ID,PRODOTTO_ID,DATA,QUANTITA) values ('7990','26','93',to_date('23/10/2020','DD/MM/YYYY'),'22');
Insert into D40_ACQUISTO (ID,FORNITORE_ID,PRODOTTO_ID,DATA,QUANTITA) values ('7991','26','138',to_date('03/12/2020','DD/MM/YYYY'),'14');
Insert into D40_ACQUISTO (ID,FORNITORE_ID,PRODOTTO_ID,DATA,QUANTITA) values ('7992','26','27',to_date('15/09/2020','DD/MM/YYYY'),'11');
Insert into D40_ACQUISTO (ID,FORNITORE_ID,PRODOTTO_ID,DATA,QUANTITA) values ('7993','26','149',to_date('07/11/2020','DD/MM/YYYY'),'10');
Insert into D40_ACQUISTO (ID,FORNITORE_ID,PRODOTTO_ID,DATA,QUANTITA) values ('7994','26','3',to_date('29/07/2020','DD/MM/YYYY'),'13');
Insert into D40_ACQUISTO (ID,FORNITORE_ID,PRODOTTO_ID,DATA,QUANTITA) values ('7995','26','114',to_date('13/05/2021','DD/MM/YYYY'),'15');
Insert into D40_ACQUISTO (ID,FORNITORE_ID,PRODOTTO_ID,DATA,QUANTITA) values ('7996','26','119',to_date('22/06/2021','DD/MM/YYYY'),'17');
Insert into D40_ACQUISTO (ID,FORNITORE_ID,PRODOTTO_ID,DATA,QUANTITA) values ('7997','26','80',to_date('30/08/2020','DD/MM/YYYY'),'30');
Insert into D40_ACQUISTO (ID,FORNITORE_ID,PRODOTTO_ID,DATA,QUANTITA) values ('7998','26','93',to_date('28/01/2021','DD/MM/YYYY'),'25');
Insert into D40_ACQUISTO (ID,FORNITORE_ID,PRODOTTO_ID,DATA,QUANTITA) values ('7999','26','57',to_date('07/05/2021','DD/MM/YYYY'),'20');
Insert into D40_ACQUISTO (ID,FORNITORE_ID,PRODOTTO_ID,DATA,QUANTITA) values ('8000','26','105',to_date('07/02/2021','DD/MM/YYYY'),'16');
Insert into D40_ACQUISTO (ID,FORNITORE_ID,PRODOTTO_ID,DATA,QUANTITA) values ('8001','26','63',to_date('29/09/2020','DD/MM/YYYY'),'26');
Insert into D40_ACQUISTO (ID,FORNITORE_ID,PRODOTTO_ID,DATA,QUANTITA) values ('8002','26','99',to_date('09/03/2021','DD/MM/YYYY'),'17');
Insert into D40_ACQUISTO (ID,FORNITORE_ID,PRODOTTO_ID,DATA,QUANTITA) values ('8003','26','60',to_date('04/08/2020','DD/MM/YYYY'),'23');
Insert into D40_ACQUISTO (ID,FORNITORE_ID,PRODOTTO_ID,DATA,QUANTITA) values ('8004','26','108',to_date('20/12/2020','DD/MM/YYYY'),'25');
Insert into D40_ACQUISTO (ID,FORNITORE_ID,PRODOTTO_ID,DATA,QUANTITA) values ('8005','26','49',to_date('08/07/2021','DD/MM/YYYY'),'28');
Insert into D40_ACQUISTO (ID,FORNITORE_ID,PRODOTTO_ID,DATA,QUANTITA) values ('8006','26','136',to_date('20/08/2020','DD/MM/YYYY'),'26');
Insert into D40_ACQUISTO (ID,FORNITORE_ID,PRODOTTO_ID,DATA,QUANTITA) values ('8007','26','5',to_date('09/03/2021','DD/MM/YYYY'),'11');
Insert into D40_ACQUISTO (ID,FORNITORE_ID,PRODOTTO_ID,DATA,QUANTITA) values ('8008','26','9',to_date('16/02/2021','DD/MM/YYYY'),'10');
Insert into D40_ACQUISTO (ID,FORNITORE_ID,PRODOTTO_ID,DATA,QUANTITA) values ('8009','26','90',to_date('15/02/2021','DD/MM/YYYY'),'24');
Insert into D40_ACQUISTO (ID,FORNITORE_ID,PRODOTTO_ID,DATA,QUANTITA) values ('8010','26','44',to_date('08/05/2021','DD/MM/YYYY'),'19');
Insert into D40_ACQUISTO (ID,FORNITORE_ID,PRODOTTO_ID,DATA,QUANTITA) values ('8011','26','17',to_date('17/05/2021','DD/MM/YYYY'),'11');
Insert into D40_ACQUISTO (ID,FORNITORE_ID,PRODOTTO_ID,DATA,QUANTITA) values ('8012','26','48',to_date('03/11/2020','DD/MM/YYYY'),'22');
Insert into D40_ACQUISTO (ID,FORNITORE_ID,PRODOTTO_ID,DATA,QUANTITA) values ('8013','26','9',to_date('14/09/2020','DD/MM/YYYY'),'11');
Insert into D40_ACQUISTO (ID,FORNITORE_ID,PRODOTTO_ID,DATA,QUANTITA) values ('8014','26','5',to_date('21/01/2021','DD/MM/YYYY'),'18');
Insert into D40_ACQUISTO (ID,FORNITORE_ID,PRODOTTO_ID,DATA,QUANTITA) values ('8015','26','112',to_date('03/02/2021','DD/MM/YYYY'),'11');
Insert into D40_ACQUISTO (ID,FORNITORE_ID,PRODOTTO_ID,DATA,QUANTITA) values ('8016','26','21',to_date('05/05/2021','DD/MM/YYYY'),'23');
Insert into D40_ACQUISTO (ID,FORNITORE_ID,PRODOTTO_ID,DATA,QUANTITA) values ('8017','26','24',to_date('09/12/2020','DD/MM/YYYY'),'14');
Insert into D40_ACQUISTO (ID,FORNITORE_ID,PRODOTTO_ID,DATA,QUANTITA) values ('8018','26','92',to_date('24/01/2021','DD/MM/YYYY'),'30');
Insert into D40_ACQUISTO (ID,FORNITORE_ID,PRODOTTO_ID,DATA,QUANTITA) values ('8019','26','124',to_date('06/06/2021','DD/MM/YYYY'),'29');
Insert into D40_ACQUISTO (ID,FORNITORE_ID,PRODOTTO_ID,DATA,QUANTITA) values ('8020','26','64',to_date('01/11/2020','DD/MM/YYYY'),'14');
Insert into D40_ACQUISTO (ID,FORNITORE_ID,PRODOTTO_ID,DATA,QUANTITA) values ('8021','26','95',to_date('06/05/2021','DD/MM/YYYY'),'11');
Insert into D40_ACQUISTO (ID,FORNITORE_ID,PRODOTTO_ID,DATA,QUANTITA) values ('8022','26','29',to_date('03/01/2021','DD/MM/YYYY'),'17');
Insert into D40_ACQUISTO (ID,FORNITORE_ID,PRODOTTO_ID,DATA,QUANTITA) values ('8023','26','141',to_date('12/08/2020','DD/MM/YYYY'),'15');
Insert into D40_ACQUISTO (ID,FORNITORE_ID,PRODOTTO_ID,DATA,QUANTITA) values ('8024','27','131',to_date('02/05/2021','DD/MM/YYYY'),'24');
Insert into D40_ACQUISTO (ID,FORNITORE_ID,PRODOTTO_ID,DATA,QUANTITA) values ('8025','27','59',to_date('26/12/2020','DD/MM/YYYY'),'17');
Insert into D40_ACQUISTO (ID,FORNITORE_ID,PRODOTTO_ID,DATA,QUANTITA) values ('8026','27','121',to_date('28/10/2020','DD/MM/YYYY'),'11');
Insert into D40_ACQUISTO (ID,FORNITORE_ID,PRODOTTO_ID,DATA,QUANTITA) values ('8027','27','123',to_date('11/07/2020','DD/MM/YYYY'),'26');
Insert into D40_ACQUISTO (ID,FORNITORE_ID,PRODOTTO_ID,DATA,QUANTITA) values ('8028','27','78',to_date('11/02/2021','DD/MM/YYYY'),'25');
Insert into D40_ACQUISTO (ID,FORNITORE_ID,PRODOTTO_ID,DATA,QUANTITA) values ('8029','27','25',to_date('01/03/2021','DD/MM/YYYY'),'12');
Insert into D40_ACQUISTO (ID,FORNITORE_ID,PRODOTTO_ID,DATA,QUANTITA) values ('8030','27','149',to_date('27/07/2020','DD/MM/YYYY'),'21');
Insert into D40_ACQUISTO (ID,FORNITORE_ID,PRODOTTO_ID,DATA,QUANTITA) values ('8031','27','121',to_date('12/08/2020','DD/MM/YYYY'),'12');
Insert into D40_ACQUISTO (ID,FORNITORE_ID,PRODOTTO_ID,DATA,QUANTITA) values ('8032','27','59',to_date('06/06/2021','DD/MM/YYYY'),'16');
Insert into D40_ACQUISTO (ID,FORNITORE_ID,PRODOTTO_ID,DATA,QUANTITA) values ('8033','27','80',to_date('02/05/2021','DD/MM/YYYY'),'17');
Insert into D40_ACQUISTO (ID,FORNITORE_ID,PRODOTTO_ID,DATA,QUANTITA) values ('8034','27','30',to_date('28/10/2020','DD/MM/YYYY'),'23');
Insert into D40_ACQUISTO (ID,FORNITORE_ID,PRODOTTO_ID,DATA,QUANTITA) values ('8035','27','10',to_date('08/09/2020','DD/MM/YYYY'),'13');
Insert into D40_ACQUISTO (ID,FORNITORE_ID,PRODOTTO_ID,DATA,QUANTITA) values ('8036','27','99',to_date('05/02/2021','DD/MM/YYYY'),'17');
Insert into D40_ACQUISTO (ID,FORNITORE_ID,PRODOTTO_ID,DATA,QUANTITA) values ('8037','27','64',to_date('07/11/2020','DD/MM/YYYY'),'27');
Insert into D40_ACQUISTO (ID,FORNITORE_ID,PRODOTTO_ID,DATA,QUANTITA) values ('8038','27','114',to_date('12/04/2021','DD/MM/YYYY'),'15');
Insert into D40_ACQUISTO (ID,FORNITORE_ID,PRODOTTO_ID,DATA,QUANTITA) values ('8039','27','49',to_date('12/12/2020','DD/MM/YYYY'),'11');
Insert into D40_ACQUISTO (ID,FORNITORE_ID,PRODOTTO_ID,DATA,QUANTITA) values ('8040','27','36',to_date('16/03/2021','DD/MM/YYYY'),'10');
Insert into D40_ACQUISTO (ID,FORNITORE_ID,PRODOTTO_ID,DATA,QUANTITA) values ('8041','27','15',to_date('31/03/2021','DD/MM/YYYY'),'23');
Insert into D40_ACQUISTO (ID,FORNITORE_ID,PRODOTTO_ID,DATA,QUANTITA) values ('8042','27','149',to_date('19/10/2020','DD/MM/YYYY'),'17');
Insert into D40_ACQUISTO (ID,FORNITORE_ID,PRODOTTO_ID,DATA,QUANTITA) values ('8043','27','43',to_date('02/05/2021','DD/MM/YYYY'),'20');
Insert into D40_ACQUISTO (ID,FORNITORE_ID,PRODOTTO_ID,DATA,QUANTITA) values ('8044','27','122',to_date('08/12/2020','DD/MM/YYYY'),'17');
Insert into D40_ACQUISTO (ID,FORNITORE_ID,PRODOTTO_ID,DATA,QUANTITA) values ('8045','27','119',to_date('02/04/2021','DD/MM/YYYY'),'27');
Insert into D40_ACQUISTO (ID,FORNITORE_ID,PRODOTTO_ID,DATA,QUANTITA) values ('8046','27','25',to_date('29/11/2020','DD/MM/YYYY'),'17');
Insert into D40_ACQUISTO (ID,FORNITORE_ID,PRODOTTO_ID,DATA,QUANTITA) values ('8047','27','96',to_date('10/09/2020','DD/MM/YYYY'),'28');
Insert into D40_ACQUISTO (ID,FORNITORE_ID,PRODOTTO_ID,DATA,QUANTITA) values ('8048','27','124',to_date('16/06/2021','DD/MM/YYYY'),'30');
Insert into D40_ACQUISTO (ID,FORNITORE_ID,PRODOTTO_ID,DATA,QUANTITA) values ('8049','27','57',to_date('23/05/2021','DD/MM/YYYY'),'11');
Insert into D40_ACQUISTO (ID,FORNITORE_ID,PRODOTTO_ID,DATA,QUANTITA) values ('8050','27','72',to_date('15/02/2021','DD/MM/YYYY'),'16');
Insert into D40_ACQUISTO (ID,FORNITORE_ID,PRODOTTO_ID,DATA,QUANTITA) values ('8051','27','54',to_date('06/03/2021','DD/MM/YYYY'),'26');
Insert into D40_ACQUISTO (ID,FORNITORE_ID,PRODOTTO_ID,DATA,QUANTITA) values ('8052','27','57',to_date('30/08/2020','DD/MM/YYYY'),'29');
Insert into D40_ACQUISTO (ID,FORNITORE_ID,PRODOTTO_ID,DATA,QUANTITA) values ('8053','27','125',to_date('29/09/2020','DD/MM/YYYY'),'20');
Insert into D40_ACQUISTO (ID,FORNITORE_ID,PRODOTTO_ID,DATA,QUANTITA) values ('8054','27','35',to_date('20/06/2021','DD/MM/YYYY'),'16');
Insert into D40_ACQUISTO (ID,FORNITORE_ID,PRODOTTO_ID,DATA,QUANTITA) values ('8055','27','145',to_date('28/05/2021','DD/MM/YYYY'),'17');
Insert into D40_ACQUISTO (ID,FORNITORE_ID,PRODOTTO_ID,DATA,QUANTITA) values ('8056','27','54',to_date('15/03/2021','DD/MM/YYYY'),'25');
Insert into D40_ACQUISTO (ID,FORNITORE_ID,PRODOTTO_ID,DATA,QUANTITA) values ('8057','27','132',to_date('01/02/2021','DD/MM/YYYY'),'29');
Insert into D40_ACQUISTO (ID,FORNITORE_ID,PRODOTTO_ID,DATA,QUANTITA) values ('8058','27','120',to_date('27/11/2020','DD/MM/YYYY'),'19');
Insert into D40_ACQUISTO (ID,FORNITORE_ID,PRODOTTO_ID,DATA,QUANTITA) values ('8059','27','76',to_date('13/09/2020','DD/MM/YYYY'),'18');
Insert into D40_ACQUISTO (ID,FORNITORE_ID,PRODOTTO_ID,DATA,QUANTITA) values ('8060','27','87',to_date('17/04/2021','DD/MM/YYYY'),'18');
Insert into D40_ACQUISTO (ID,FORNITORE_ID,PRODOTTO_ID,DATA,QUANTITA) values ('8061','27','112',to_date('08/01/2021','DD/MM/YYYY'),'15');
Insert into D40_ACQUISTO (ID,FORNITORE_ID,PRODOTTO_ID,DATA,QUANTITA) values ('8062','27','133',to_date('26/05/2021','DD/MM/YYYY'),'28');
Insert into D40_ACQUISTO (ID,FORNITORE_ID,PRODOTTO_ID,DATA,QUANTITA) values ('8063','27','27',to_date('18/10/2020','DD/MM/YYYY'),'23');
Insert into D40_ACQUISTO (ID,FORNITORE_ID,PRODOTTO_ID,DATA,QUANTITA) values ('8064','27','41',to_date('20/07/2020','DD/MM/YYYY'),'25');
Insert into D40_ACQUISTO (ID,FORNITORE_ID,PRODOTTO_ID,DATA,QUANTITA) values ('8065','28','128',to_date('24/06/2021','DD/MM/YYYY'),'27');
Insert into D40_ACQUISTO (ID,FORNITORE_ID,PRODOTTO_ID,DATA,QUANTITA) values ('8066','28','27',to_date('13/09/2020','DD/MM/YYYY'),'22');
Insert into D40_ACQUISTO (ID,FORNITORE_ID,PRODOTTO_ID,DATA,QUANTITA) values ('8067','28','102',to_date('10/07/2020','DD/MM/YYYY'),'17');
Insert into D40_ACQUISTO (ID,FORNITORE_ID,PRODOTTO_ID,DATA,QUANTITA) values ('8068','28','139',to_date('18/07/2020','DD/MM/YYYY'),'11');
Insert into D40_ACQUISTO (ID,FORNITORE_ID,PRODOTTO_ID,DATA,QUANTITA) values ('8069','28','37',to_date('27/08/2020','DD/MM/YYYY'),'12');
Insert into D40_ACQUISTO (ID,FORNITORE_ID,PRODOTTO_ID,DATA,QUANTITA) values ('8070','28','90',to_date('16/04/2021','DD/MM/YYYY'),'22');
Insert into D40_ACQUISTO (ID,FORNITORE_ID,PRODOTTO_ID,DATA,QUANTITA) values ('8071','28','140',to_date('02/10/2020','DD/MM/YYYY'),'30');
Insert into D40_ACQUISTO (ID,FORNITORE_ID,PRODOTTO_ID,DATA,QUANTITA) values ('8072','28','146',to_date('16/05/2021','DD/MM/YYYY'),'30');
Insert into D40_ACQUISTO (ID,FORNITORE_ID,PRODOTTO_ID,DATA,QUANTITA) values ('8073','28','100',to_date('08/04/2021','DD/MM/YYYY'),'20');
Insert into D40_ACQUISTO (ID,FORNITORE_ID,PRODOTTO_ID,DATA,QUANTITA) values ('8074','28','137',to_date('19/08/2020','DD/MM/YYYY'),'17');
Insert into D40_ACQUISTO (ID,FORNITORE_ID,PRODOTTO_ID,DATA,QUANTITA) values ('8075','28','9',to_date('20/11/2020','DD/MM/YYYY'),'28');
Insert into D40_ACQUISTO (ID,FORNITORE_ID,PRODOTTO_ID,DATA,QUANTITA) values ('8076','28','145',to_date('07/01/2021','DD/MM/YYYY'),'30');
Insert into D40_ACQUISTO (ID,FORNITORE_ID,PRODOTTO_ID,DATA,QUANTITA) values ('8077','28','145',to_date('16/01/2021','DD/MM/YYYY'),'23');
Insert into D40_ACQUISTO (ID,FORNITORE_ID,PRODOTTO_ID,DATA,QUANTITA) values ('8078','28','27',to_date('19/06/2021','DD/MM/YYYY'),'10');
Insert into D40_ACQUISTO (ID,FORNITORE_ID,PRODOTTO_ID,DATA,QUANTITA) values ('8079','28','28',to_date('30/01/2021','DD/MM/YYYY'),'20');
Insert into D40_ACQUISTO (ID,FORNITORE_ID,PRODOTTO_ID,DATA,QUANTITA) values ('8080','28','85',to_date('15/03/2021','DD/MM/YYYY'),'23');
Insert into D40_ACQUISTO (ID,FORNITORE_ID,PRODOTTO_ID,DATA,QUANTITA) values ('8081','28','42',to_date('24/06/2021','DD/MM/YYYY'),'28');
Insert into D40_ACQUISTO (ID,FORNITORE_ID,PRODOTTO_ID,DATA,QUANTITA) values ('8082','28','31',to_date('15/02/2021','DD/MM/YYYY'),'21');
Insert into D40_ACQUISTO (ID,FORNITORE_ID,PRODOTTO_ID,DATA,QUANTITA) values ('8083','28','9',to_date('15/05/2021','DD/MM/YYYY'),'20');
Insert into D40_ACQUISTO (ID,FORNITORE_ID,PRODOTTO_ID,DATA,QUANTITA) values ('8084','28','113',to_date('28/05/2021','DD/MM/YYYY'),'20');
Insert into D40_ACQUISTO (ID,FORNITORE_ID,PRODOTTO_ID,DATA,QUANTITA) values ('8085','28','53',to_date('19/03/2021','DD/MM/YYYY'),'12');
Insert into D40_ACQUISTO (ID,FORNITORE_ID,PRODOTTO_ID,DATA,QUANTITA) values ('8086','28','97',to_date('30/10/2020','DD/MM/YYYY'),'25');
Insert into D40_ACQUISTO (ID,FORNITORE_ID,PRODOTTO_ID,DATA,QUANTITA) values ('8087','28','80',to_date('17/01/2021','DD/MM/YYYY'),'17');
Insert into D40_ACQUISTO (ID,FORNITORE_ID,PRODOTTO_ID,DATA,QUANTITA) values ('8088','28','129',to_date('25/01/2021','DD/MM/YYYY'),'29');
Insert into D40_ACQUISTO (ID,FORNITORE_ID,PRODOTTO_ID,DATA,QUANTITA) values ('8089','28','136',to_date('16/06/2021','DD/MM/YYYY'),'18');
Insert into D40_ACQUISTO (ID,FORNITORE_ID,PRODOTTO_ID,DATA,QUANTITA) values ('8090','28','137',to_date('01/02/2021','DD/MM/YYYY'),'11');
Insert into D40_ACQUISTO (ID,FORNITORE_ID,PRODOTTO_ID,DATA,QUANTITA) values ('8091','28','6',to_date('28/07/2020','DD/MM/YYYY'),'15');
Insert into D40_ACQUISTO (ID,FORNITORE_ID,PRODOTTO_ID,DATA,QUANTITA) values ('8092','28','118',to_date('23/07/2020','DD/MM/YYYY'),'15');
Insert into D40_ACQUISTO (ID,FORNITORE_ID,PRODOTTO_ID,DATA,QUANTITA) values ('8093','28','92',to_date('12/08/2020','DD/MM/YYYY'),'24');
Insert into D40_ACQUISTO (ID,FORNITORE_ID,PRODOTTO_ID,DATA,QUANTITA) values ('8094','28','66',to_date('16/07/2020','DD/MM/YYYY'),'20');
Insert into D40_ACQUISTO (ID,FORNITORE_ID,PRODOTTO_ID,DATA,QUANTITA) values ('8095','28','109',to_date('19/02/2021','DD/MM/YYYY'),'28');
Insert into D40_ACQUISTO (ID,FORNITORE_ID,PRODOTTO_ID,DATA,QUANTITA) values ('8096','28','12',to_date('31/10/2020','DD/MM/YYYY'),'26');
Insert into D40_ACQUISTO (ID,FORNITORE_ID,PRODOTTO_ID,DATA,QUANTITA) values ('8097','28','45',to_date('01/02/2021','DD/MM/YYYY'),'26');
Insert into D40_ACQUISTO (ID,FORNITORE_ID,PRODOTTO_ID,DATA,QUANTITA) values ('8098','28','66',to_date('01/10/2020','DD/MM/YYYY'),'17');
Insert into D40_ACQUISTO (ID,FORNITORE_ID,PRODOTTO_ID,DATA,QUANTITA) values ('8099','28','41',to_date('05/07/2021','DD/MM/YYYY'),'23');
Insert into D40_ACQUISTO (ID,FORNITORE_ID,PRODOTTO_ID,DATA,QUANTITA) values ('8100','28','75',to_date('13/06/2021','DD/MM/YYYY'),'20');
Insert into D40_ACQUISTO (ID,FORNITORE_ID,PRODOTTO_ID,DATA,QUANTITA) values ('8101','28','14',to_date('03/08/2020','DD/MM/YYYY'),'27');
Insert into D40_ACQUISTO (ID,FORNITORE_ID,PRODOTTO_ID,DATA,QUANTITA) values ('8102','28','7',to_date('27/08/2020','DD/MM/YYYY'),'14');
Insert into D40_ACQUISTO (ID,FORNITORE_ID,PRODOTTO_ID,DATA,QUANTITA) values ('8103','28','51',to_date('28/09/2020','DD/MM/YYYY'),'20');
Insert into D40_ACQUISTO (ID,FORNITORE_ID,PRODOTTO_ID,DATA,QUANTITA) values ('8104','28','29',to_date('19/05/2021','DD/MM/YYYY'),'14');
Insert into D40_ACQUISTO (ID,FORNITORE_ID,PRODOTTO_ID,DATA,QUANTITA) values ('8105','28','138',to_date('17/02/2021','DD/MM/YYYY'),'17');
Insert into D40_ACQUISTO (ID,FORNITORE_ID,PRODOTTO_ID,DATA,QUANTITA) values ('8106','28','79',to_date('21/05/2021','DD/MM/YYYY'),'26');
Insert into D40_ACQUISTO (ID,FORNITORE_ID,PRODOTTO_ID,DATA,QUANTITA) values ('8107','29','61',to_date('25/04/2021','DD/MM/YYYY'),'30');
Insert into D40_ACQUISTO (ID,FORNITORE_ID,PRODOTTO_ID,DATA,QUANTITA) values ('8108','29','112',to_date('29/01/2021','DD/MM/YYYY'),'16');
Insert into D40_ACQUISTO (ID,FORNITORE_ID,PRODOTTO_ID,DATA,QUANTITA) values ('8109','29','114',to_date('05/03/2021','DD/MM/YYYY'),'26');
Insert into D40_ACQUISTO (ID,FORNITORE_ID,PRODOTTO_ID,DATA,QUANTITA) values ('8110','29','26',to_date('20/06/2021','DD/MM/YYYY'),'24');
Insert into D40_ACQUISTO (ID,FORNITORE_ID,PRODOTTO_ID,DATA,QUANTITA) values ('8111','29','30',to_date('14/11/2020','DD/MM/YYYY'),'14');
Insert into D40_ACQUISTO (ID,FORNITORE_ID,PRODOTTO_ID,DATA,QUANTITA) values ('8112','29','139',to_date('17/12/2020','DD/MM/YYYY'),'11');
Insert into D40_ACQUISTO (ID,FORNITORE_ID,PRODOTTO_ID,DATA,QUANTITA) values ('8113','29','111',to_date('08/02/2021','DD/MM/YYYY'),'11');
Insert into D40_ACQUISTO (ID,FORNITORE_ID,PRODOTTO_ID,DATA,QUANTITA) values ('8114','29','106',to_date('25/07/2020','DD/MM/YYYY'),'28');
Insert into D40_ACQUISTO (ID,FORNITORE_ID,PRODOTTO_ID,DATA,QUANTITA) values ('8115','29','16',to_date('28/06/2021','DD/MM/YYYY'),'28');
Insert into D40_ACQUISTO (ID,FORNITORE_ID,PRODOTTO_ID,DATA,QUANTITA) values ('8116','29','58',to_date('20/02/2021','DD/MM/YYYY'),'21');
Insert into D40_ACQUISTO (ID,FORNITORE_ID,PRODOTTO_ID,DATA,QUANTITA) values ('8117','29','77',to_date('26/08/2020','DD/MM/YYYY'),'22');
Insert into D40_ACQUISTO (ID,FORNITORE_ID,PRODOTTO_ID,DATA,QUANTITA) values ('8118','29','62',to_date('24/08/2020','DD/MM/YYYY'),'24');
Insert into D40_ACQUISTO (ID,FORNITORE_ID,PRODOTTO_ID,DATA,QUANTITA) values ('8119','29','77',to_date('02/07/2021','DD/MM/YYYY'),'20');
Insert into D40_ACQUISTO (ID,FORNITORE_ID,PRODOTTO_ID,DATA,QUANTITA) values ('8120','29','24',to_date('18/01/2021','DD/MM/YYYY'),'21');
Insert into D40_ACQUISTO (ID,FORNITORE_ID,PRODOTTO_ID,DATA,QUANTITA) values ('8121','29','69',to_date('15/06/2021','DD/MM/YYYY'),'26');
Insert into D40_ACQUISTO (ID,FORNITORE_ID,PRODOTTO_ID,DATA,QUANTITA) values ('8122','29','97',to_date('10/03/2021','DD/MM/YYYY'),'27');
Insert into D40_ACQUISTO (ID,FORNITORE_ID,PRODOTTO_ID,DATA,QUANTITA) values ('8123','29','81',to_date('06/09/2020','DD/MM/YYYY'),'16');
Insert into D40_ACQUISTO (ID,FORNITORE_ID,PRODOTTO_ID,DATA,QUANTITA) values ('8124','29','113',to_date('16/11/2020','DD/MM/YYYY'),'10');
Insert into D40_ACQUISTO (ID,FORNITORE_ID,PRODOTTO_ID,DATA,QUANTITA) values ('8125','29','71',to_date('11/07/2020','DD/MM/YYYY'),'27');
Insert into D40_ACQUISTO (ID,FORNITORE_ID,PRODOTTO_ID,DATA,QUANTITA) values ('8126','29','9',to_date('10/03/2021','DD/MM/YYYY'),'23');
Insert into D40_ACQUISTO (ID,FORNITORE_ID,PRODOTTO_ID,DATA,QUANTITA) values ('8127','29','131',to_date('21/08/2020','DD/MM/YYYY'),'15');
Insert into D40_ACQUISTO (ID,FORNITORE_ID,PRODOTTO_ID,DATA,QUANTITA) values ('8128','29','42',to_date('06/06/2021','DD/MM/YYYY'),'28');
Insert into D40_ACQUISTO (ID,FORNITORE_ID,PRODOTTO_ID,DATA,QUANTITA) values ('8129','29','93',to_date('18/10/2020','DD/MM/YYYY'),'19');
Insert into D40_ACQUISTO (ID,FORNITORE_ID,PRODOTTO_ID,DATA,QUANTITA) values ('8130','29','91',to_date('01/03/2021','DD/MM/YYYY'),'22');
Insert into D40_ACQUISTO (ID,FORNITORE_ID,PRODOTTO_ID,DATA,QUANTITA) values ('8131','29','96',to_date('23/08/2020','DD/MM/YYYY'),'11');
Insert into D40_ACQUISTO (ID,FORNITORE_ID,PRODOTTO_ID,DATA,QUANTITA) values ('8132','29','140',to_date('16/10/2020','DD/MM/YYYY'),'22');
Insert into D40_ACQUISTO (ID,FORNITORE_ID,PRODOTTO_ID,DATA,QUANTITA) values ('8133','29','106',to_date('07/04/2021','DD/MM/YYYY'),'20');
Insert into D40_ACQUISTO (ID,FORNITORE_ID,PRODOTTO_ID,DATA,QUANTITA) values ('8134','29','49',to_date('04/11/2020','DD/MM/YYYY'),'11');
Insert into D40_ACQUISTO (ID,FORNITORE_ID,PRODOTTO_ID,DATA,QUANTITA) values ('8135','29','130',to_date('10/06/2021','DD/MM/YYYY'),'22');
Insert into D40_ACQUISTO (ID,FORNITORE_ID,PRODOTTO_ID,DATA,QUANTITA) values ('8136','29','120',to_date('09/04/2021','DD/MM/YYYY'),'26');
Insert into D40_ACQUISTO (ID,FORNITORE_ID,PRODOTTO_ID,DATA,QUANTITA) values ('8137','29','61',to_date('12/05/2021','DD/MM/YYYY'),'29');
Insert into D40_ACQUISTO (ID,FORNITORE_ID,PRODOTTO_ID,DATA,QUANTITA) values ('8138','29','6',to_date('09/01/2021','DD/MM/YYYY'),'11');
Insert into D40_ACQUISTO (ID,FORNITORE_ID,PRODOTTO_ID,DATA,QUANTITA) values ('8139','29','145',to_date('07/06/2021','DD/MM/YYYY'),'20');
Insert into D40_ACQUISTO (ID,FORNITORE_ID,PRODOTTO_ID,DATA,QUANTITA) values ('8140','29','94',to_date('11/09/2020','DD/MM/YYYY'),'25');
Insert into D40_ACQUISTO (ID,FORNITORE_ID,PRODOTTO_ID,DATA,QUANTITA) values ('8141','29','121',to_date('26/10/2020','DD/MM/YYYY'),'28');
Insert into D40_ACQUISTO (ID,FORNITORE_ID,PRODOTTO_ID,DATA,QUANTITA) values ('8142','29','21',to_date('17/11/2020','DD/MM/YYYY'),'16');
Insert into D40_ACQUISTO (ID,FORNITORE_ID,PRODOTTO_ID,DATA,QUANTITA) values ('8143','29','32',to_date('09/01/2021','DD/MM/YYYY'),'28');
Insert into D40_ACQUISTO (ID,FORNITORE_ID,PRODOTTO_ID,DATA,QUANTITA) values ('8144','29','140',to_date('06/10/2020','DD/MM/YYYY'),'25');
Insert into D40_ACQUISTO (ID,FORNITORE_ID,PRODOTTO_ID,DATA,QUANTITA) values ('8145','29','149',to_date('30/12/2020','DD/MM/YYYY'),'24');
Insert into D40_ACQUISTO (ID,FORNITORE_ID,PRODOTTO_ID,DATA,QUANTITA) values ('8146','29','139',to_date('06/12/2020','DD/MM/YYYY'),'13');
Insert into D40_ACQUISTO (ID,FORNITORE_ID,PRODOTTO_ID,DATA,QUANTITA) values ('8147','29','59',to_date('17/06/2021','DD/MM/YYYY'),'12');
Insert into D40_ACQUISTO (ID,FORNITORE_ID,PRODOTTO_ID,DATA,QUANTITA) values ('8148','30','47',to_date('09/01/2021','DD/MM/YYYY'),'23');
Insert into D40_ACQUISTO (ID,FORNITORE_ID,PRODOTTO_ID,DATA,QUANTITA) values ('8149','30','103',to_date('08/09/2020','DD/MM/YYYY'),'24');
Insert into D40_ACQUISTO (ID,FORNITORE_ID,PRODOTTO_ID,DATA,QUANTITA) values ('8150','30','82',to_date('03/09/2020','DD/MM/YYYY'),'24');
Insert into D40_ACQUISTO (ID,FORNITORE_ID,PRODOTTO_ID,DATA,QUANTITA) values ('8151','30','27',to_date('24/02/2021','DD/MM/YYYY'),'14');
Insert into D40_ACQUISTO (ID,FORNITORE_ID,PRODOTTO_ID,DATA,QUANTITA) values ('8152','30','43',to_date('04/06/2021','DD/MM/YYYY'),'11');
Insert into D40_ACQUISTO (ID,FORNITORE_ID,PRODOTTO_ID,DATA,QUANTITA) values ('8153','30','117',to_date('30/12/2020','DD/MM/YYYY'),'24');
Insert into D40_ACQUISTO (ID,FORNITORE_ID,PRODOTTO_ID,DATA,QUANTITA) values ('8154','30','108',to_date('01/10/2020','DD/MM/YYYY'),'12');
Insert into D40_ACQUISTO (ID,FORNITORE_ID,PRODOTTO_ID,DATA,QUANTITA) values ('8155','30','133',to_date('13/10/2020','DD/MM/YYYY'),'23');
Insert into D40_ACQUISTO (ID,FORNITORE_ID,PRODOTTO_ID,DATA,QUANTITA) values ('8156','30','22',to_date('17/04/2021','DD/MM/YYYY'),'22');
Insert into D40_ACQUISTO (ID,FORNITORE_ID,PRODOTTO_ID,DATA,QUANTITA) values ('8157','30','73',to_date('13/01/2021','DD/MM/YYYY'),'19');
Insert into D40_ACQUISTO (ID,FORNITORE_ID,PRODOTTO_ID,DATA,QUANTITA) values ('8158','30','83',to_date('12/12/2020','DD/MM/YYYY'),'26');
Insert into D40_ACQUISTO (ID,FORNITORE_ID,PRODOTTO_ID,DATA,QUANTITA) values ('8159','30','15',to_date('23/04/2021','DD/MM/YYYY'),'20');
Insert into D40_ACQUISTO (ID,FORNITORE_ID,PRODOTTO_ID,DATA,QUANTITA) values ('8160','30','62',to_date('04/05/2021','DD/MM/YYYY'),'20');
Insert into D40_ACQUISTO (ID,FORNITORE_ID,PRODOTTO_ID,DATA,QUANTITA) values ('8161','30','92',to_date('24/07/2020','DD/MM/YYYY'),'10');
Insert into D40_ACQUISTO (ID,FORNITORE_ID,PRODOTTO_ID,DATA,QUANTITA) values ('8162','30','63',to_date('03/04/2021','DD/MM/YYYY'),'18');
Insert into D40_ACQUISTO (ID,FORNITORE_ID,PRODOTTO_ID,DATA,QUANTITA) values ('8163','30','27',to_date('28/07/2020','DD/MM/YYYY'),'30');
Insert into D40_ACQUISTO (ID,FORNITORE_ID,PRODOTTO_ID,DATA,QUANTITA) values ('8164','30','144',to_date('19/10/2020','DD/MM/YYYY'),'30');
Insert into D40_ACQUISTO (ID,FORNITORE_ID,PRODOTTO_ID,DATA,QUANTITA) values ('8165','30','44',to_date('19/08/2020','DD/MM/YYYY'),'29');
Insert into D40_ACQUISTO (ID,FORNITORE_ID,PRODOTTO_ID,DATA,QUANTITA) values ('8166','30','59',to_date('14/04/2021','DD/MM/YYYY'),'29');
Insert into D40_ACQUISTO (ID,FORNITORE_ID,PRODOTTO_ID,DATA,QUANTITA) values ('8167','30','91',to_date('24/04/2021','DD/MM/YYYY'),'27');
Insert into D40_ACQUISTO (ID,FORNITORE_ID,PRODOTTO_ID,DATA,QUANTITA) values ('8168','30','5',to_date('29/12/2020','DD/MM/YYYY'),'13');
Insert into D40_ACQUISTO (ID,FORNITORE_ID,PRODOTTO_ID,DATA,QUANTITA) values ('8169','30','58',to_date('29/12/2020','DD/MM/YYYY'),'26');
Insert into D40_ACQUISTO (ID,FORNITORE_ID,PRODOTTO_ID,DATA,QUANTITA) values ('8170','30','12',to_date('05/08/2020','DD/MM/YYYY'),'15');
Insert into D40_ACQUISTO (ID,FORNITORE_ID,PRODOTTO_ID,DATA,QUANTITA) values ('8171','30','42',to_date('06/04/2021','DD/MM/YYYY'),'23');
Insert into D40_ACQUISTO (ID,FORNITORE_ID,PRODOTTO_ID,DATA,QUANTITA) values ('8172','30','132',to_date('13/07/2020','DD/MM/YYYY'),'11');
Insert into D40_ACQUISTO (ID,FORNITORE_ID,PRODOTTO_ID,DATA,QUANTITA) values ('8173','30','31',to_date('19/11/2020','DD/MM/YYYY'),'22');
Insert into D40_ACQUISTO (ID,FORNITORE_ID,PRODOTTO_ID,DATA,QUANTITA) values ('8174','30','100',to_date('16/01/2021','DD/MM/YYYY'),'30');
Insert into D40_ACQUISTO (ID,FORNITORE_ID,PRODOTTO_ID,DATA,QUANTITA) values ('8175','30','130',to_date('03/10/2020','DD/MM/YYYY'),'24');
Insert into D40_ACQUISTO (ID,FORNITORE_ID,PRODOTTO_ID,DATA,QUANTITA) values ('8176','30','61',to_date('30/12/2020','DD/MM/YYYY'),'21');
Insert into D40_ACQUISTO (ID,FORNITORE_ID,PRODOTTO_ID,DATA,QUANTITA) values ('8177','30','2',to_date('27/10/2020','DD/MM/YYYY'),'17');
Insert into D40_ACQUISTO (ID,FORNITORE_ID,PRODOTTO_ID,DATA,QUANTITA) values ('8178','30','56',to_date('05/10/2020','DD/MM/YYYY'),'19');
Insert into D40_ACQUISTO (ID,FORNITORE_ID,PRODOTTO_ID,DATA,QUANTITA) values ('8179','30','29',to_date('01/01/2021','DD/MM/YYYY'),'22');
Insert into D40_ACQUISTO (ID,FORNITORE_ID,PRODOTTO_ID,DATA,QUANTITA) values ('8180','30','111',to_date('12/12/2020','DD/MM/YYYY'),'25');
Insert into D40_ACQUISTO (ID,FORNITORE_ID,PRODOTTO_ID,DATA,QUANTITA) values ('8181','30','2',to_date('19/01/2021','DD/MM/YYYY'),'25');
Insert into D40_ACQUISTO (ID,FORNITORE_ID,PRODOTTO_ID,DATA,QUANTITA) values ('8182','30','42',to_date('15/11/2020','DD/MM/YYYY'),'28');
Insert into D40_ACQUISTO (ID,FORNITORE_ID,PRODOTTO_ID,DATA,QUANTITA) values ('8183','30','76',to_date('23/01/2021','DD/MM/YYYY'),'24');
Insert into D40_ACQUISTO (ID,FORNITORE_ID,PRODOTTO_ID,DATA,QUANTITA) values ('8184','30','54',to_date('01/09/2020','DD/MM/YYYY'),'18');
Insert into D40_ACQUISTO (ID,FORNITORE_ID,PRODOTTO_ID,DATA,QUANTITA) values ('8185','30','109',to_date('27/08/2020','DD/MM/YYYY'),'26');
Insert into D40_ACQUISTO (ID,FORNITORE_ID,PRODOTTO_ID,DATA,QUANTITA) values ('8186','30','140',to_date('16/01/2021','DD/MM/YYYY'),'13');
Insert into D40_ACQUISTO (ID,FORNITORE_ID,PRODOTTO_ID,DATA,QUANTITA) values ('8187','30','101',to_date('26/09/2020','DD/MM/YYYY'),'17');
Insert into D40_ACQUISTO (ID,FORNITORE_ID,PRODOTTO_ID,DATA,QUANTITA) values ('8188','30','109',to_date('30/03/2021','DD/MM/YYYY'),'20');
Insert into D40_ACQUISTO (ID,FORNITORE_ID,PRODOTTO_ID,DATA,QUANTITA) values ('8189','30','68',to_date('06/04/2021','DD/MM/YYYY'),'14');
Insert into D40_ACQUISTO (ID,FORNITORE_ID,PRODOTTO_ID,DATA,QUANTITA) values ('8190','30','138',to_date('27/06/2021','DD/MM/YYYY'),'28');
Insert into D40_ACQUISTO (ID,FORNITORE_ID,PRODOTTO_ID,DATA,QUANTITA) values ('8191','30','24',to_date('03/08/2020','DD/MM/YYYY'),'21');
Insert into D40_ACQUISTO (ID,FORNITORE_ID,PRODOTTO_ID,DATA,QUANTITA) values ('8192','31','9',to_date('21/03/2021','DD/MM/YYYY'),'30');
Insert into D40_ACQUISTO (ID,FORNITORE_ID,PRODOTTO_ID,DATA,QUANTITA) values ('8193','31','55',to_date('01/01/2021','DD/MM/YYYY'),'16');
Insert into D40_ACQUISTO (ID,FORNITORE_ID,PRODOTTO_ID,DATA,QUANTITA) values ('8194','31','127',to_date('15/11/2020','DD/MM/YYYY'),'20');
Insert into D40_ACQUISTO (ID,FORNITORE_ID,PRODOTTO_ID,DATA,QUANTITA) values ('8195','31','44',to_date('03/01/2021','DD/MM/YYYY'),'22');
Insert into D40_ACQUISTO (ID,FORNITORE_ID,PRODOTTO_ID,DATA,QUANTITA) values ('8196','31','140',to_date('15/09/2020','DD/MM/YYYY'),'25');
Insert into D40_ACQUISTO (ID,FORNITORE_ID,PRODOTTO_ID,DATA,QUANTITA) values ('8197','31','136',to_date('09/09/2020','DD/MM/YYYY'),'20');
Insert into D40_ACQUISTO (ID,FORNITORE_ID,PRODOTTO_ID,DATA,QUANTITA) values ('8198','31','21',to_date('10/07/2020','DD/MM/YYYY'),'14');
Insert into D40_ACQUISTO (ID,FORNITORE_ID,PRODOTTO_ID,DATA,QUANTITA) values ('8199','31','144',to_date('08/07/2021','DD/MM/YYYY'),'20');
Insert into D40_ACQUISTO (ID,FORNITORE_ID,PRODOTTO_ID,DATA,QUANTITA) values ('8200','31','80',to_date('21/09/2020','DD/MM/YYYY'),'19');
Insert into D40_ACQUISTO (ID,FORNITORE_ID,PRODOTTO_ID,DATA,QUANTITA) values ('8201','31','136',to_date('04/05/2021','DD/MM/YYYY'),'25');
Insert into D40_ACQUISTO (ID,FORNITORE_ID,PRODOTTO_ID,DATA,QUANTITA) values ('8202','31','15',to_date('07/04/2021','DD/MM/YYYY'),'23');
Insert into D40_ACQUISTO (ID,FORNITORE_ID,PRODOTTO_ID,DATA,QUANTITA) values ('8203','31','44',to_date('13/07/2020','DD/MM/YYYY'),'10');
Insert into D40_ACQUISTO (ID,FORNITORE_ID,PRODOTTO_ID,DATA,QUANTITA) values ('8204','31','45',to_date('05/02/2021','DD/MM/YYYY'),'13');
Insert into D40_ACQUISTO (ID,FORNITORE_ID,PRODOTTO_ID,DATA,QUANTITA) values ('8205','31','64',to_date('22/03/2021','DD/MM/YYYY'),'19');
Insert into D40_ACQUISTO (ID,FORNITORE_ID,PRODOTTO_ID,DATA,QUANTITA) values ('8206','31','29',to_date('01/01/2021','DD/MM/YYYY'),'30');
Insert into D40_ACQUISTO (ID,FORNITORE_ID,PRODOTTO_ID,DATA,QUANTITA) values ('8207','31','112',to_date('27/09/2020','DD/MM/YYYY'),'29');
Insert into D40_ACQUISTO (ID,FORNITORE_ID,PRODOTTO_ID,DATA,QUANTITA) values ('8208','31','149',to_date('11/12/2020','DD/MM/YYYY'),'10');
Insert into D40_ACQUISTO (ID,FORNITORE_ID,PRODOTTO_ID,DATA,QUANTITA) values ('8209','31','61',to_date('11/09/2020','DD/MM/YYYY'),'15');
Insert into D40_ACQUISTO (ID,FORNITORE_ID,PRODOTTO_ID,DATA,QUANTITA) values ('8210','31','36',to_date('25/03/2021','DD/MM/YYYY'),'11');
Insert into D40_ACQUISTO (ID,FORNITORE_ID,PRODOTTO_ID,DATA,QUANTITA) values ('8211','31','149',to_date('16/05/2021','DD/MM/YYYY'),'16');
Insert into D40_ACQUISTO (ID,FORNITORE_ID,PRODOTTO_ID,DATA,QUANTITA) values ('8212','31','89',to_date('27/09/2020','DD/MM/YYYY'),'27');
Insert into D40_ACQUISTO (ID,FORNITORE_ID,PRODOTTO_ID,DATA,QUANTITA) values ('8213','31','55',to_date('18/03/2021','DD/MM/YYYY'),'27');
Insert into D40_ACQUISTO (ID,FORNITORE_ID,PRODOTTO_ID,DATA,QUANTITA) values ('8214','31','106',to_date('21/12/2020','DD/MM/YYYY'),'15');
Insert into D40_ACQUISTO (ID,FORNITORE_ID,PRODOTTO_ID,DATA,QUANTITA) values ('8215','31','59',to_date('14/08/2020','DD/MM/YYYY'),'20');
Insert into D40_ACQUISTO (ID,FORNITORE_ID,PRODOTTO_ID,DATA,QUANTITA) values ('8216','31','90',to_date('10/02/2021','DD/MM/YYYY'),'30');
Insert into D40_ACQUISTO (ID,FORNITORE_ID,PRODOTTO_ID,DATA,QUANTITA) values ('8217','31','29',to_date('21/12/2020','DD/MM/YYYY'),'13');
Insert into D40_ACQUISTO (ID,FORNITORE_ID,PRODOTTO_ID,DATA,QUANTITA) values ('8218','31','17',to_date('19/07/2020','DD/MM/YYYY'),'18');
Insert into D40_ACQUISTO (ID,FORNITORE_ID,PRODOTTO_ID,DATA,QUANTITA) values ('8219','31','111',to_date('27/01/2021','DD/MM/YYYY'),'21');
Insert into D40_ACQUISTO (ID,FORNITORE_ID,PRODOTTO_ID,DATA,QUANTITA) values ('8220','31','1',to_date('22/07/2020','DD/MM/YYYY'),'19');
Insert into D40_ACQUISTO (ID,FORNITORE_ID,PRODOTTO_ID,DATA,QUANTITA) values ('8221','31','52',to_date('10/06/2021','DD/MM/YYYY'),'28');
Insert into D40_ACQUISTO (ID,FORNITORE_ID,PRODOTTO_ID,DATA,QUANTITA) values ('8222','31','55',to_date('09/01/2021','DD/MM/YYYY'),'16');
Insert into D40_ACQUISTO (ID,FORNITORE_ID,PRODOTTO_ID,DATA,QUANTITA) values ('8223','31','53',to_date('16/07/2020','DD/MM/YYYY'),'20');
Insert into D40_ACQUISTO (ID,FORNITORE_ID,PRODOTTO_ID,DATA,QUANTITA) values ('8224','31','83',to_date('19/09/2020','DD/MM/YYYY'),'27');
Insert into D40_ACQUISTO (ID,FORNITORE_ID,PRODOTTO_ID,DATA,QUANTITA) values ('8225','31','74',to_date('08/12/2020','DD/MM/YYYY'),'10');
Insert into D40_ACQUISTO (ID,FORNITORE_ID,PRODOTTO_ID,DATA,QUANTITA) values ('8226','31','125',to_date('25/04/2021','DD/MM/YYYY'),'28');
Insert into D40_ACQUISTO (ID,FORNITORE_ID,PRODOTTO_ID,DATA,QUANTITA) values ('8227','31','23',to_date('15/04/2021','DD/MM/YYYY'),'25');
Insert into D40_ACQUISTO (ID,FORNITORE_ID,PRODOTTO_ID,DATA,QUANTITA) values ('8228','31','63',to_date('16/03/2021','DD/MM/YYYY'),'11');
Insert into D40_ACQUISTO (ID,FORNITORE_ID,PRODOTTO_ID,DATA,QUANTITA) values ('8229','31','103',to_date('06/08/2020','DD/MM/YYYY'),'17');
Insert into D40_ACQUISTO (ID,FORNITORE_ID,PRODOTTO_ID,DATA,QUANTITA) values ('8230','31','94',to_date('18/11/2020','DD/MM/YYYY'),'10');
Insert into D40_ACQUISTO (ID,FORNITORE_ID,PRODOTTO_ID,DATA,QUANTITA) values ('8231','31','22',to_date('11/02/2021','DD/MM/YYYY'),'17');
Insert into D40_ACQUISTO (ID,FORNITORE_ID,PRODOTTO_ID,DATA,QUANTITA) values ('8232','31','15',to_date('11/10/2020','DD/MM/YYYY'),'23');
Insert into D40_ACQUISTO (ID,FORNITORE_ID,PRODOTTO_ID,DATA,QUANTITA) values ('8233','31','12',to_date('23/06/2021','DD/MM/YYYY'),'17');
Insert into D40_ACQUISTO (ID,FORNITORE_ID,PRODOTTO_ID,DATA,QUANTITA) values ('8234','31','15',to_date('22/11/2020','DD/MM/YYYY'),'22');
Insert into D40_ACQUISTO (ID,FORNITORE_ID,PRODOTTO_ID,DATA,QUANTITA) values ('8235','31','143',to_date('11/08/2020','DD/MM/YYYY'),'11');
Insert into D40_ACQUISTO (ID,FORNITORE_ID,PRODOTTO_ID,DATA,QUANTITA) values ('8236','31','109',to_date('13/06/2021','DD/MM/YYYY'),'20');
Insert into D40_ACQUISTO (ID,FORNITORE_ID,PRODOTTO_ID,DATA,QUANTITA) values ('8237','31','107',to_date('24/08/2020','DD/MM/YYYY'),'30');
Insert into D40_ACQUISTO (ID,FORNITORE_ID,PRODOTTO_ID,DATA,QUANTITA) values ('8238','31','125',to_date('31/08/2020','DD/MM/YYYY'),'15');
Insert into D40_ACQUISTO (ID,FORNITORE_ID,PRODOTTO_ID,DATA,QUANTITA) values ('8239','31','73',to_date('27/01/2021','DD/MM/YYYY'),'16');
Insert into D40_ACQUISTO (ID,FORNITORE_ID,PRODOTTO_ID,DATA,QUANTITA) values ('8240','31','96',to_date('05/08/2020','DD/MM/YYYY'),'17');
Insert into D40_ACQUISTO (ID,FORNITORE_ID,PRODOTTO_ID,DATA,QUANTITA) values ('8241','31','16',to_date('29/12/2020','DD/MM/YYYY'),'30');
Insert into D40_ACQUISTO (ID,FORNITORE_ID,PRODOTTO_ID,DATA,QUANTITA) values ('8242','31','74',to_date('21/07/2020','DD/MM/YYYY'),'23');
Insert into D40_ACQUISTO (ID,FORNITORE_ID,PRODOTTO_ID,DATA,QUANTITA) values ('8243','31','48',to_date('27/06/2021','DD/MM/YYYY'),'21');
Insert into D40_ACQUISTO (ID,FORNITORE_ID,PRODOTTO_ID,DATA,QUANTITA) values ('8244','31','10',to_date('16/06/2021','DD/MM/YYYY'),'10');
Insert into D40_ACQUISTO (ID,FORNITORE_ID,PRODOTTO_ID,DATA,QUANTITA) values ('8245','31','139',to_date('31/10/2020','DD/MM/YYYY'),'13');
Insert into D40_ACQUISTO (ID,FORNITORE_ID,PRODOTTO_ID,DATA,QUANTITA) values ('8246','32','9',to_date('11/06/2021','DD/MM/YYYY'),'16');
Insert into D40_ACQUISTO (ID,FORNITORE_ID,PRODOTTO_ID,DATA,QUANTITA) values ('8247','32','132',to_date('17/11/2020','DD/MM/YYYY'),'27');
Insert into D40_ACQUISTO (ID,FORNITORE_ID,PRODOTTO_ID,DATA,QUANTITA) values ('8248','32','91',to_date('21/06/2021','DD/MM/YYYY'),'14');
Insert into D40_ACQUISTO (ID,FORNITORE_ID,PRODOTTO_ID,DATA,QUANTITA) values ('8249','32','107',to_date('26/03/2021','DD/MM/YYYY'),'26');
Insert into D40_ACQUISTO (ID,FORNITORE_ID,PRODOTTO_ID,DATA,QUANTITA) values ('8250','32','49',to_date('25/08/2020','DD/MM/YYYY'),'10');
Insert into D40_ACQUISTO (ID,FORNITORE_ID,PRODOTTO_ID,DATA,QUANTITA) values ('8251','32','120',to_date('24/02/2021','DD/MM/YYYY'),'18');
Insert into D40_ACQUISTO (ID,FORNITORE_ID,PRODOTTO_ID,DATA,QUANTITA) values ('8252','32','91',to_date('13/06/2021','DD/MM/YYYY'),'10');
Insert into D40_ACQUISTO (ID,FORNITORE_ID,PRODOTTO_ID,DATA,QUANTITA) values ('8253','32','66',to_date('26/01/2021','DD/MM/YYYY'),'11');
Insert into D40_ACQUISTO (ID,FORNITORE_ID,PRODOTTO_ID,DATA,QUANTITA) values ('8254','32','78',to_date('11/10/2020','DD/MM/YYYY'),'27');
--REM INSERTING into D40_VENDITA
--SET DEFINE OFF;
Insert into D40_VENDITA (ID,CLIENTE_ID,PRODOTTO_ID,DATA,QUANTITA) values ('1','14','87',to_date('19/10/2020','DD/MM/YYYY'),'15');
Insert into D40_VENDITA (ID,CLIENTE_ID,PRODOTTO_ID,DATA,QUANTITA) values ('2','21','115',to_date('04/07/2021','DD/MM/YYYY'),'15');
Insert into D40_VENDITA (ID,CLIENTE_ID,PRODOTTO_ID,DATA,QUANTITA) values ('3','18','2',to_date('10/02/2021','DD/MM/YYYY'),'25');
Insert into D40_VENDITA (ID,CLIENTE_ID,PRODOTTO_ID,DATA,QUANTITA) values ('4','4','122',to_date('16/08/2020','DD/MM/YYYY'),'12');
Insert into D40_VENDITA (ID,CLIENTE_ID,PRODOTTO_ID,DATA,QUANTITA) values ('5','15','22',to_date('30/09/2020','DD/MM/YYYY'),'11');
Insert into D40_VENDITA (ID,CLIENTE_ID,PRODOTTO_ID,DATA,QUANTITA) values ('6','3','99',to_date('10/11/2020','DD/MM/YYYY'),'15');
Insert into D40_VENDITA (ID,CLIENTE_ID,PRODOTTO_ID,DATA,QUANTITA) values ('7','5','112',to_date('06/02/2021','DD/MM/YYYY'),'15');
Insert into D40_VENDITA (ID,CLIENTE_ID,PRODOTTO_ID,DATA,QUANTITA) values ('8','9','104',to_date('16/05/2021','DD/MM/YYYY'),'29');
Insert into D40_VENDITA (ID,CLIENTE_ID,PRODOTTO_ID,DATA,QUANTITA) values ('9','19','64',to_date('21/04/2021','DD/MM/YYYY'),'19');
Insert into D40_VENDITA (ID,CLIENTE_ID,PRODOTTO_ID,DATA,QUANTITA) values ('10','16','2',to_date('14/10/2020','DD/MM/YYYY'),'12');
Insert into D40_VENDITA (ID,CLIENTE_ID,PRODOTTO_ID,DATA,QUANTITA) values ('11','2','114',to_date('07/03/2021','DD/MM/YYYY'),'26');
Insert into D40_VENDITA (ID,CLIENTE_ID,PRODOTTO_ID,DATA,QUANTITA) values ('12','17','23',to_date('25/01/2021','DD/MM/YYYY'),'20');
Insert into D40_VENDITA (ID,CLIENTE_ID,PRODOTTO_ID,DATA,QUANTITA) values ('13','18','64',to_date('09/03/2021','DD/MM/YYYY'),'20');
Insert into D40_VENDITA (ID,CLIENTE_ID,PRODOTTO_ID,DATA,QUANTITA) values ('14','21','128',to_date('22/09/2020','DD/MM/YYYY'),'16');
Insert into D40_VENDITA (ID,CLIENTE_ID,PRODOTTO_ID,DATA,QUANTITA) values ('15','25','26',to_date('12/07/2021','DD/MM/YYYY'),'24');
Insert into D40_VENDITA (ID,CLIENTE_ID,PRODOTTO_ID,DATA,QUANTITA) values ('16','3','35',to_date('08/06/2021','DD/MM/YYYY'),'12');
Insert into D40_VENDITA (ID,CLIENTE_ID,PRODOTTO_ID,DATA,QUANTITA) values ('17','18','97',to_date('17/09/2020','DD/MM/YYYY'),'27');
Insert into D40_VENDITA (ID,CLIENTE_ID,PRODOTTO_ID,DATA,QUANTITA) values ('18','9','5',to_date('11/07/2021','DD/MM/YYYY'),'17');
Insert into D40_VENDITA (ID,CLIENTE_ID,PRODOTTO_ID,DATA,QUANTITA) values ('19','21','44',to_date('29/01/2021','DD/MM/YYYY'),'17');
Insert into D40_VENDITA (ID,CLIENTE_ID,PRODOTTO_ID,DATA,QUANTITA) values ('20','12','87',to_date('31/03/2021','DD/MM/YYYY'),'30');
Insert into D40_VENDITA (ID,CLIENTE_ID,PRODOTTO_ID,DATA,QUANTITA) values ('21','21','38',to_date('23/06/2021','DD/MM/YYYY'),'11');
Insert into D40_VENDITA (ID,CLIENTE_ID,PRODOTTO_ID,DATA,QUANTITA) values ('22','15','131',to_date('13/07/2021','DD/MM/YYYY'),'28');
Insert into D40_VENDITA (ID,CLIENTE_ID,PRODOTTO_ID,DATA,QUANTITA) values ('23','24','63',to_date('25/06/2021','DD/MM/YYYY'),'23');
Insert into D40_VENDITA (ID,CLIENTE_ID,PRODOTTO_ID,DATA,QUANTITA) values ('24','4','67',to_date('31/03/2021','DD/MM/YYYY'),'12');
Insert into D40_VENDITA (ID,CLIENTE_ID,PRODOTTO_ID,DATA,QUANTITA) values ('25','17','35',to_date('05/10/2020','DD/MM/YYYY'),'13');
Insert into D40_VENDITA (ID,CLIENTE_ID,PRODOTTO_ID,DATA,QUANTITA) values ('26','6','133',to_date('03/03/2021','DD/MM/YYYY'),'21');
Insert into D40_VENDITA (ID,CLIENTE_ID,PRODOTTO_ID,DATA,QUANTITA) values ('27','4','62',to_date('01/06/2021','DD/MM/YYYY'),'23');
Insert into D40_VENDITA (ID,CLIENTE_ID,PRODOTTO_ID,DATA,QUANTITA) values ('28','21','88',to_date('22/08/2020','DD/MM/YYYY'),'22');
Insert into D40_VENDITA (ID,CLIENTE_ID,PRODOTTO_ID,DATA,QUANTITA) values ('29','12','75',to_date('13/10/2020','DD/MM/YYYY'),'21');
Insert into D40_VENDITA (ID,CLIENTE_ID,PRODOTTO_ID,DATA,QUANTITA) values ('30','25','14',to_date('05/10/2020','DD/MM/YYYY'),'15');
Insert into D40_VENDITA (ID,CLIENTE_ID,PRODOTTO_ID,DATA,QUANTITA) values ('31','18','12',to_date('21/02/2021','DD/MM/YYYY'),'25');
Insert into D40_VENDITA (ID,CLIENTE_ID,PRODOTTO_ID,DATA,QUANTITA) values ('32','16','129',to_date('13/09/2020','DD/MM/YYYY'),'29');
Insert into D40_VENDITA (ID,CLIENTE_ID,PRODOTTO_ID,DATA,QUANTITA) values ('33','1','133',to_date('03/06/2021','DD/MM/YYYY'),'28');
Insert into D40_VENDITA (ID,CLIENTE_ID,PRODOTTO_ID,DATA,QUANTITA) values ('34','11','117',to_date('17/08/2020','DD/MM/YYYY'),'28');
Insert into D40_VENDITA (ID,CLIENTE_ID,PRODOTTO_ID,DATA,QUANTITA) values ('35','2','71',to_date('20/12/2020','DD/MM/YYYY'),'28');
Insert into D40_VENDITA (ID,CLIENTE_ID,PRODOTTO_ID,DATA,QUANTITA) values ('36','1','94',to_date('28/09/2020','DD/MM/YYYY'),'16');
Insert into D40_VENDITA (ID,CLIENTE_ID,PRODOTTO_ID,DATA,QUANTITA) values ('37','2','141',to_date('21/04/2021','DD/MM/YYYY'),'17');
Insert into D40_VENDITA (ID,CLIENTE_ID,PRODOTTO_ID,DATA,QUANTITA) values ('38','17','79',to_date('30/10/2020','DD/MM/YYYY'),'19');
Insert into D40_VENDITA (ID,CLIENTE_ID,PRODOTTO_ID,DATA,QUANTITA) values ('39','18','88',to_date('29/11/2020','DD/MM/YYYY'),'30');
Insert into D40_VENDITA (ID,CLIENTE_ID,PRODOTTO_ID,DATA,QUANTITA) values ('40','15','27',to_date('08/11/2020','DD/MM/YYYY'),'23');
Insert into D40_VENDITA (ID,CLIENTE_ID,PRODOTTO_ID,DATA,QUANTITA) values ('41','23','99',to_date('02/10/2020','DD/MM/YYYY'),'21');
Insert into D40_VENDITA (ID,CLIENTE_ID,PRODOTTO_ID,DATA,QUANTITA) values ('42','10','95',to_date('08/03/2021','DD/MM/YYYY'),'21');
Insert into D40_VENDITA (ID,CLIENTE_ID,PRODOTTO_ID,DATA,QUANTITA) values ('43','4','10',to_date('04/06/2021','DD/MM/YYYY'),'24');
Insert into D40_VENDITA (ID,CLIENTE_ID,PRODOTTO_ID,DATA,QUANTITA) values ('44','7','45',to_date('22/09/2020','DD/MM/YYYY'),'15');
Insert into D40_VENDITA (ID,CLIENTE_ID,PRODOTTO_ID,DATA,QUANTITA) values ('45','14','43',to_date('26/03/2021','DD/MM/YYYY'),'26');
Insert into D40_VENDITA (ID,CLIENTE_ID,PRODOTTO_ID,DATA,QUANTITA) values ('46','10','42',to_date('20/11/2020','DD/MM/YYYY'),'28');
Insert into D40_VENDITA (ID,CLIENTE_ID,PRODOTTO_ID,DATA,QUANTITA) values ('47','23','76',to_date('01/02/2021','DD/MM/YYYY'),'24');
Insert into D40_VENDITA (ID,CLIENTE_ID,PRODOTTO_ID,DATA,QUANTITA) values ('48','24','85',to_date('02/03/2021','DD/MM/YYYY'),'22');
Insert into D40_VENDITA (ID,CLIENTE_ID,PRODOTTO_ID,DATA,QUANTITA) values ('49','10','38',to_date('06/09/2020','DD/MM/YYYY'),'23');
Insert into D40_VENDITA (ID,CLIENTE_ID,PRODOTTO_ID,DATA,QUANTITA) values ('50','5','29',to_date('12/01/2021','DD/MM/YYYY'),'30');
Insert into D40_VENDITA (ID,CLIENTE_ID,PRODOTTO_ID,DATA,QUANTITA) values ('51','21','23',to_date('02/01/2021','DD/MM/YYYY'),'25');
Insert into D40_VENDITA (ID,CLIENTE_ID,PRODOTTO_ID,DATA,QUANTITA) values ('52','17','26',to_date('03/01/2021','DD/MM/YYYY'),'29');
Insert into D40_VENDITA (ID,CLIENTE_ID,PRODOTTO_ID,DATA,QUANTITA) values ('53','2','46',to_date('06/07/2021','DD/MM/YYYY'),'12');
Insert into D40_VENDITA (ID,CLIENTE_ID,PRODOTTO_ID,DATA,QUANTITA) values ('54','21','85',to_date('02/12/2020','DD/MM/YYYY'),'28');
Insert into D40_VENDITA (ID,CLIENTE_ID,PRODOTTO_ID,DATA,QUANTITA) values ('55','19','38',to_date('03/07/2021','DD/MM/YYYY'),'10');
Insert into D40_VENDITA (ID,CLIENTE_ID,PRODOTTO_ID,DATA,QUANTITA) values ('56','1','3',to_date('04/01/2021','DD/MM/YYYY'),'18');
Insert into D40_VENDITA (ID,CLIENTE_ID,PRODOTTO_ID,DATA,QUANTITA) values ('57','13','53',to_date('08/03/2021','DD/MM/YYYY'),'16');
Insert into D40_VENDITA (ID,CLIENTE_ID,PRODOTTO_ID,DATA,QUANTITA) values ('58','20','149',to_date('12/09/2020','DD/MM/YYYY'),'15');
Insert into D40_VENDITA (ID,CLIENTE_ID,PRODOTTO_ID,DATA,QUANTITA) values ('59','11','119',to_date('06/04/2021','DD/MM/YYYY'),'28');
Insert into D40_VENDITA (ID,CLIENTE_ID,PRODOTTO_ID,DATA,QUANTITA) values ('60','3','43',to_date('04/12/2020','DD/MM/YYYY'),'21');
Insert into D40_VENDITA (ID,CLIENTE_ID,PRODOTTO_ID,DATA,QUANTITA) values ('61','13','56',to_date('17/07/2021','DD/MM/YYYY'),'19');
Insert into D40_VENDITA (ID,CLIENTE_ID,PRODOTTO_ID,DATA,QUANTITA) values ('62','15','89',to_date('28/05/2021','DD/MM/YYYY'),'11');
Insert into D40_VENDITA (ID,CLIENTE_ID,PRODOTTO_ID,DATA,QUANTITA) values ('63','16','79',to_date('28/05/2021','DD/MM/YYYY'),'26');
Insert into D40_VENDITA (ID,CLIENTE_ID,PRODOTTO_ID,DATA,QUANTITA) values ('64','8','64',to_date('18/04/2021','DD/MM/YYYY'),'19');
Insert into D40_VENDITA (ID,CLIENTE_ID,PRODOTTO_ID,DATA,QUANTITA) values ('65','14','70',to_date('08/08/2020','DD/MM/YYYY'),'11');
Insert into D40_VENDITA (ID,CLIENTE_ID,PRODOTTO_ID,DATA,QUANTITA) values ('66','7','139',to_date('16/03/2021','DD/MM/YYYY'),'18');
Insert into D40_VENDITA (ID,CLIENTE_ID,PRODOTTO_ID,DATA,QUANTITA) values ('67','17','53',to_date('15/07/2021','DD/MM/YYYY'),'19');
Insert into D40_VENDITA (ID,CLIENTE_ID,PRODOTTO_ID,DATA,QUANTITA) values ('68','11','30',to_date('06/12/2020','DD/MM/YYYY'),'14');
Insert into D40_VENDITA (ID,CLIENTE_ID,PRODOTTO_ID,DATA,QUANTITA) values ('69','2','2',to_date('05/01/2021','DD/MM/YYYY'),'22');
Insert into D40_VENDITA (ID,CLIENTE_ID,PRODOTTO_ID,DATA,QUANTITA) values ('70','18','36',to_date('11/11/2020','DD/MM/YYYY'),'14');
Insert into D40_VENDITA (ID,CLIENTE_ID,PRODOTTO_ID,DATA,QUANTITA) values ('71','3','68',to_date('26/08/2020','DD/MM/YYYY'),'24');
Insert into D40_VENDITA (ID,CLIENTE_ID,PRODOTTO_ID,DATA,QUANTITA) values ('72','3','102',to_date('20/07/2020','DD/MM/YYYY'),'17');
Insert into D40_VENDITA (ID,CLIENTE_ID,PRODOTTO_ID,DATA,QUANTITA) values ('73','10','27',to_date('13/09/2020','DD/MM/YYYY'),'22');
Insert into D40_VENDITA (ID,CLIENTE_ID,PRODOTTO_ID,DATA,QUANTITA) values ('74','13','21',to_date('02/11/2020','DD/MM/YYYY'),'28');
Insert into D40_VENDITA (ID,CLIENTE_ID,PRODOTTO_ID,DATA,QUANTITA) values ('75','19','28',to_date('02/11/2020','DD/MM/YYYY'),'15');
Insert into D40_VENDITA (ID,CLIENTE_ID,PRODOTTO_ID,DATA,QUANTITA) values ('76','19','26',to_date('09/07/2021','DD/MM/YYYY'),'18');
Insert into D40_VENDITA (ID,CLIENTE_ID,PRODOTTO_ID,DATA,QUANTITA) values ('77','22','113',to_date('25/07/2021','DD/MM/YYYY'),'24');
Insert into D40_VENDITA (ID,CLIENTE_ID,PRODOTTO_ID,DATA,QUANTITA) values ('78','4','41',to_date('24/07/2020','DD/MM/YYYY'),'25');
Insert into D40_VENDITA (ID,CLIENTE_ID,PRODOTTO_ID,DATA,QUANTITA) values ('79','24','54',to_date('27/12/2020','DD/MM/YYYY'),'21');
Insert into D40_VENDITA (ID,CLIENTE_ID,PRODOTTO_ID,DATA,QUANTITA) values ('80','7','88',to_date('14/10/2020','DD/MM/YYYY'),'18');
Insert into D40_VENDITA (ID,CLIENTE_ID,PRODOTTO_ID,DATA,QUANTITA) values ('81','9','131',to_date('23/05/2021','DD/MM/YYYY'),'24');
Insert into D40_VENDITA (ID,CLIENTE_ID,PRODOTTO_ID,DATA,QUANTITA) values ('82','18','68',to_date('28/11/2020','DD/MM/YYYY'),'14');
Insert into D40_VENDITA (ID,CLIENTE_ID,PRODOTTO_ID,DATA,QUANTITA) values ('83','25','146',to_date('28/01/2021','DD/MM/YYYY'),'12');
Insert into D40_VENDITA (ID,CLIENTE_ID,PRODOTTO_ID,DATA,QUANTITA) values ('84','12','54',to_date('27/09/2020','DD/MM/YYYY'),'18');
Insert into D40_VENDITA (ID,CLIENTE_ID,PRODOTTO_ID,DATA,QUANTITA) values ('85','2','109',to_date('04/11/2020','DD/MM/YYYY'),'11');
Insert into D40_VENDITA (ID,CLIENTE_ID,PRODOTTO_ID,DATA,QUANTITA) values ('86','21','122',to_date('15/04/2021','DD/MM/YYYY'),'26');
Insert into D40_VENDITA (ID,CLIENTE_ID,PRODOTTO_ID,DATA,QUANTITA) values ('87','2','96',to_date('08/11/2020','DD/MM/YYYY'),'21');
Insert into D40_VENDITA (ID,CLIENTE_ID,PRODOTTO_ID,DATA,QUANTITA) values ('88','14','35',to_date('18/10/2020','DD/MM/YYYY'),'15');
Insert into D40_VENDITA (ID,CLIENTE_ID,PRODOTTO_ID,DATA,QUANTITA) values ('89','2','109',to_date('16/09/2020','DD/MM/YYYY'),'26');
Insert into D40_VENDITA (ID,CLIENTE_ID,PRODOTTO_ID,DATA,QUANTITA) values ('90','12','53',to_date('03/10/2020','DD/MM/YYYY'),'25');
Insert into D40_VENDITA (ID,CLIENTE_ID,PRODOTTO_ID,DATA,QUANTITA) values ('91','8','146',to_date('17/11/2020','DD/MM/YYYY'),'23');
Insert into D40_VENDITA (ID,CLIENTE_ID,PRODOTTO_ID,DATA,QUANTITA) values ('92','5','116',to_date('29/11/2020','DD/MM/YYYY'),'11');
Insert into D40_VENDITA (ID,CLIENTE_ID,PRODOTTO_ID,DATA,QUANTITA) values ('93','9','139',to_date('06/08/2020','DD/MM/YYYY'),'11');
Insert into D40_VENDITA (ID,CLIENTE_ID,PRODOTTO_ID,DATA,QUANTITA) values ('94','21','88',to_date('30/03/2021','DD/MM/YYYY'),'22');
Insert into D40_VENDITA (ID,CLIENTE_ID,PRODOTTO_ID,DATA,QUANTITA) values ('95','7','59',to_date('25/03/2021','DD/MM/YYYY'),'30');
Insert into D40_VENDITA (ID,CLIENTE_ID,PRODOTTO_ID,DATA,QUANTITA) values ('96','24','10',to_date('13/03/2021','DD/MM/YYYY'),'24');
Insert into D40_VENDITA (ID,CLIENTE_ID,PRODOTTO_ID,DATA,QUANTITA) values ('97','7','72',to_date('11/02/2021','DD/MM/YYYY'),'28');
Insert into D40_VENDITA (ID,CLIENTE_ID,PRODOTTO_ID,DATA,QUANTITA) values ('98','6','60',to_date('23/11/2020','DD/MM/YYYY'),'14');
Insert into D40_VENDITA (ID,CLIENTE_ID,PRODOTTO_ID,DATA,QUANTITA) values ('99','15','61',to_date('21/04/2021','DD/MM/YYYY'),'24');
Insert into D40_VENDITA (ID,CLIENTE_ID,PRODOTTO_ID,DATA,QUANTITA) values ('100','22','141',to_date('25/08/2020','DD/MM/YYYY'),'15');
Insert into D40_VENDITA (ID,CLIENTE_ID,PRODOTTO_ID,DATA,QUANTITA) values ('101','23','112',to_date('09/11/2020','DD/MM/YYYY'),'26');
Insert into D40_VENDITA (ID,CLIENTE_ID,PRODOTTO_ID,DATA,QUANTITA) values ('102','16','140',to_date('23/02/2021','DD/MM/YYYY'),'19');
Insert into D40_VENDITA (ID,CLIENTE_ID,PRODOTTO_ID,DATA,QUANTITA) values ('103','16','147',to_date('02/07/2021','DD/MM/YYYY'),'16');
Insert into D40_VENDITA (ID,CLIENTE_ID,PRODOTTO_ID,DATA,QUANTITA) values ('104','19','50',to_date('06/04/2021','DD/MM/YYYY'),'26');
Insert into D40_VENDITA (ID,CLIENTE_ID,PRODOTTO_ID,DATA,QUANTITA) values ('105','4','124',to_date('24/12/2020','DD/MM/YYYY'),'25');
Insert into D40_VENDITA (ID,CLIENTE_ID,PRODOTTO_ID,DATA,QUANTITA) values ('106','14','140',to_date('05/02/2021','DD/MM/YYYY'),'13');
Insert into D40_VENDITA (ID,CLIENTE_ID,PRODOTTO_ID,DATA,QUANTITA) values ('107','18','143',to_date('27/05/2021','DD/MM/YYYY'),'19');
Insert into D40_VENDITA (ID,CLIENTE_ID,PRODOTTO_ID,DATA,QUANTITA) values ('108','10','59',to_date('24/01/2021','DD/MM/YYYY'),'17');
Insert into D40_VENDITA (ID,CLIENTE_ID,PRODOTTO_ID,DATA,QUANTITA) values ('109','11','101',to_date('09/10/2020','DD/MM/YYYY'),'17');
Insert into D40_VENDITA (ID,CLIENTE_ID,PRODOTTO_ID,DATA,QUANTITA) values ('110','19','124',to_date('20/11/2020','DD/MM/YYYY'),'14');
Insert into D40_VENDITA (ID,CLIENTE_ID,PRODOTTO_ID,DATA,QUANTITA) values ('111','9','69',to_date('20/01/2021','DD/MM/YYYY'),'15');
Insert into D40_VENDITA (ID,CLIENTE_ID,PRODOTTO_ID,DATA,QUANTITA) values ('112','9','20',to_date('13/04/2021','DD/MM/YYYY'),'21');
Insert into D40_VENDITA (ID,CLIENTE_ID,PRODOTTO_ID,DATA,QUANTITA) values ('113','21','29',to_date('31/07/2020','DD/MM/YYYY'),'13');
Insert into D40_VENDITA (ID,CLIENTE_ID,PRODOTTO_ID,DATA,QUANTITA) values ('114','14','51',to_date('23/04/2021','DD/MM/YYYY'),'28');
Insert into D40_VENDITA (ID,CLIENTE_ID,PRODOTTO_ID,DATA,QUANTITA) values ('115','19','15',to_date('30/10/2020','DD/MM/YYYY'),'22');
Insert into D40_VENDITA (ID,CLIENTE_ID,PRODOTTO_ID,DATA,QUANTITA) values ('116','18','32',to_date('14/03/2021','DD/MM/YYYY'),'16');
Insert into D40_VENDITA (ID,CLIENTE_ID,PRODOTTO_ID,DATA,QUANTITA) values ('117','9','107',to_date('12/03/2021','DD/MM/YYYY'),'13');
Insert into D40_VENDITA (ID,CLIENTE_ID,PRODOTTO_ID,DATA,QUANTITA) values ('118','6','147',to_date('23/12/2020','DD/MM/YYYY'),'26');
Insert into D40_VENDITA (ID,CLIENTE_ID,PRODOTTO_ID,DATA,QUANTITA) values ('119','1','122',to_date('27/09/2020','DD/MM/YYYY'),'13');
Insert into D40_VENDITA (ID,CLIENTE_ID,PRODOTTO_ID,DATA,QUANTITA) values ('120','11','37',to_date('22/09/2020','DD/MM/YYYY'),'12');
Insert into D40_VENDITA (ID,CLIENTE_ID,PRODOTTO_ID,DATA,QUANTITA) values ('121','4','83',to_date('27/10/2020','DD/MM/YYYY'),'27');
Insert into D40_VENDITA (ID,CLIENTE_ID,PRODOTTO_ID,DATA,QUANTITA) values ('122','19','9',to_date('02/04/2021','DD/MM/YYYY'),'15');
Insert into D40_VENDITA (ID,CLIENTE_ID,PRODOTTO_ID,DATA,QUANTITA) values ('123','1','96',to_date('20/08/2020','DD/MM/YYYY'),'24');
Insert into D40_VENDITA (ID,CLIENTE_ID,PRODOTTO_ID,DATA,QUANTITA) values ('124','4','58',to_date('01/07/2021','DD/MM/YYYY'),'23');
Insert into D40_VENDITA (ID,CLIENTE_ID,PRODOTTO_ID,DATA,QUANTITA) values ('125','14','133',to_date('24/04/2021','DD/MM/YYYY'),'30');
Insert into D40_VENDITA (ID,CLIENTE_ID,PRODOTTO_ID,DATA,QUANTITA) values ('126','1','112',to_date('21/10/2020','DD/MM/YYYY'),'29');
Insert into D40_VENDITA (ID,CLIENTE_ID,PRODOTTO_ID,DATA,QUANTITA) values ('127','22','84',to_date('14/10/2020','DD/MM/YYYY'),'28');
Insert into D40_VENDITA (ID,CLIENTE_ID,PRODOTTO_ID,DATA,QUANTITA) values ('128','20','95',to_date('16/09/2020','DD/MM/YYYY'),'10');
Insert into D40_VENDITA (ID,CLIENTE_ID,PRODOTTO_ID,DATA,QUANTITA) values ('129','17','85',to_date('29/03/2021','DD/MM/YYYY'),'25');
Insert into D40_VENDITA (ID,CLIENTE_ID,PRODOTTO_ID,DATA,QUANTITA) values ('130','12','121',to_date('17/02/2021','DD/MM/YYYY'),'24');
Insert into D40_VENDITA (ID,CLIENTE_ID,PRODOTTO_ID,DATA,QUANTITA) values ('131','23','15',to_date('21/12/2020','DD/MM/YYYY'),'25');
Insert into D40_VENDITA (ID,CLIENTE_ID,PRODOTTO_ID,DATA,QUANTITA) values ('132','5','121',to_date('01/11/2020','DD/MM/YYYY'),'11');
Insert into D40_VENDITA (ID,CLIENTE_ID,PRODOTTO_ID,DATA,QUANTITA) values ('133','21','112',to_date('13/02/2021','DD/MM/YYYY'),'28');
Insert into D40_VENDITA (ID,CLIENTE_ID,PRODOTTO_ID,DATA,QUANTITA) values ('134','3','61',to_date('16/12/2020','DD/MM/YYYY'),'20');
Insert into D40_VENDITA (ID,CLIENTE_ID,PRODOTTO_ID,DATA,QUANTITA) values ('135','1','50',to_date('29/07/2021','DD/MM/YYYY'),'15');
Insert into D40_VENDITA (ID,CLIENTE_ID,PRODOTTO_ID,DATA,QUANTITA) values ('136','19','99',to_date('27/06/2021','DD/MM/YYYY'),'19');
Insert into D40_VENDITA (ID,CLIENTE_ID,PRODOTTO_ID,DATA,QUANTITA) values ('137','20','90',to_date('08/05/2021','DD/MM/YYYY'),'22');
Insert into D40_VENDITA (ID,CLIENTE_ID,PRODOTTO_ID,DATA,QUANTITA) values ('138','6','140',to_date('19/10/2020','DD/MM/YYYY'),'30');
Insert into D40_VENDITA (ID,CLIENTE_ID,PRODOTTO_ID,DATA,QUANTITA) values ('139','25','72',to_date('13/09/2020','DD/MM/YYYY'),'19');
Insert into D40_VENDITA (ID,CLIENTE_ID,PRODOTTO_ID,DATA,QUANTITA) values ('140','20','149',to_date('09/01/2021','DD/MM/YYYY'),'10');
Insert into D40_VENDITA (ID,CLIENTE_ID,PRODOTTO_ID,DATA,QUANTITA) values ('141','19','96',to_date('03/12/2020','DD/MM/YYYY'),'16');
Insert into D40_VENDITA (ID,CLIENTE_ID,PRODOTTO_ID,DATA,QUANTITA) values ('142','24','147',to_date('27/10/2020','DD/MM/YYYY'),'16');
Insert into D40_VENDITA (ID,CLIENTE_ID,PRODOTTO_ID,DATA,QUANTITA) values ('143','6','19',to_date('30/07/2021','DD/MM/YYYY'),'27');
Insert into D40_VENDITA (ID,CLIENTE_ID,PRODOTTO_ID,DATA,QUANTITA) values ('144','21','123',to_date('17/07/2020','DD/MM/YYYY'),'26');
Insert into D40_VENDITA (ID,CLIENTE_ID,PRODOTTO_ID,DATA,QUANTITA) values ('145','25','6',to_date('25/02/2021','DD/MM/YYYY'),'22');
Insert into D40_VENDITA (ID,CLIENTE_ID,PRODOTTO_ID,DATA,QUANTITA) values ('146','23','83',to_date('29/04/2021','DD/MM/YYYY'),'24');
Insert into D40_VENDITA (ID,CLIENTE_ID,PRODOTTO_ID,DATA,QUANTITA) values ('147','6','29',to_date('01/07/2021','DD/MM/YYYY'),'23');
Insert into D40_VENDITA (ID,CLIENTE_ID,PRODOTTO_ID,DATA,QUANTITA) values ('148','7','33',to_date('21/08/2020','DD/MM/YYYY'),'14');
Insert into D40_VENDITA (ID,CLIENTE_ID,PRODOTTO_ID,DATA,QUANTITA) values ('149','18','144',to_date('25/11/2020','DD/MM/YYYY'),'22');
Insert into D40_VENDITA (ID,CLIENTE_ID,PRODOTTO_ID,DATA,QUANTITA) values ('150','23','61',to_date('09/10/2020','DD/MM/YYYY'),'15');
Insert into D40_VENDITA (ID,CLIENTE_ID,PRODOTTO_ID,DATA,QUANTITA) values ('151','12','144',to_date('05/01/2021','DD/MM/YYYY'),'16');
Insert into D40_VENDITA (ID,CLIENTE_ID,PRODOTTO_ID,DATA,QUANTITA) values ('152','8','47',to_date('21/02/2021','DD/MM/YYYY'),'22');
Insert into D40_VENDITA (ID,CLIENTE_ID,PRODOTTO_ID,DATA,QUANTITA) values ('153','10','33',to_date('17/10/2020','DD/MM/YYYY'),'16');
Insert into D40_VENDITA (ID,CLIENTE_ID,PRODOTTO_ID,DATA,QUANTITA) values ('154','11','74',to_date('28/06/2021','DD/MM/YYYY'),'24');
Insert into D40_VENDITA (ID,CLIENTE_ID,PRODOTTO_ID,DATA,QUANTITA) values ('155','19','114',to_date('27/02/2021','DD/MM/YYYY'),'13');
Insert into D40_VENDITA (ID,CLIENTE_ID,PRODOTTO_ID,DATA,QUANTITA) values ('156','16','141',to_date('13/08/2020','DD/MM/YYYY'),'27');
Insert into D40_VENDITA (ID,CLIENTE_ID,PRODOTTO_ID,DATA,QUANTITA) values ('157','3','134',to_date('24/03/2021','DD/MM/YYYY'),'14');
Insert into D40_VENDITA (ID,CLIENTE_ID,PRODOTTO_ID,DATA,QUANTITA) values ('158','23','43',to_date('02/10/2020','DD/MM/YYYY'),'13');
Insert into D40_VENDITA (ID,CLIENTE_ID,PRODOTTO_ID,DATA,QUANTITA) values ('159','11','22',to_date('08/11/2020','DD/MM/YYYY'),'23');
Insert into D40_VENDITA (ID,CLIENTE_ID,PRODOTTO_ID,DATA,QUANTITA) values ('160','8','127',to_date('17/07/2021','DD/MM/YYYY'),'30');
Insert into D40_VENDITA (ID,CLIENTE_ID,PRODOTTO_ID,DATA,QUANTITA) values ('161','20','45',to_date('12/12/2020','DD/MM/YYYY'),'24');
Insert into D40_VENDITA (ID,CLIENTE_ID,PRODOTTO_ID,DATA,QUANTITA) values ('162','15','127',to_date('11/05/2021','DD/MM/YYYY'),'18');
Insert into D40_VENDITA (ID,CLIENTE_ID,PRODOTTO_ID,DATA,QUANTITA) values ('163','22','46',to_date('08/07/2021','DD/MM/YYYY'),'23');
Insert into D40_VENDITA (ID,CLIENTE_ID,PRODOTTO_ID,DATA,QUANTITA) values ('164','8','102',to_date('17/01/2021','DD/MM/YYYY'),'27');
Insert into D40_VENDITA (ID,CLIENTE_ID,PRODOTTO_ID,DATA,QUANTITA) values ('165','15','109',to_date('26/04/2021','DD/MM/YYYY'),'20');
Insert into D40_VENDITA (ID,CLIENTE_ID,PRODOTTO_ID,DATA,QUANTITA) values ('166','1','28',to_date('26/10/2020','DD/MM/YYYY'),'20');
Insert into D40_VENDITA (ID,CLIENTE_ID,PRODOTTO_ID,DATA,QUANTITA) values ('167','1','46',to_date('09/04/2021','DD/MM/YYYY'),'25');
Insert into D40_VENDITA (ID,CLIENTE_ID,PRODOTTO_ID,DATA,QUANTITA) values ('168','5','8',to_date('11/10/2020','DD/MM/YYYY'),'21');
Insert into D40_VENDITA (ID,CLIENTE_ID,PRODOTTO_ID,DATA,QUANTITA) values ('169','19','118',to_date('09/04/2021','DD/MM/YYYY'),'12');
Insert into D40_VENDITA (ID,CLIENTE_ID,PRODOTTO_ID,DATA,QUANTITA) values ('170','19','71',to_date('12/12/2020','DD/MM/YYYY'),'30');
Insert into D40_VENDITA (ID,CLIENTE_ID,PRODOTTO_ID,DATA,QUANTITA) values ('171','10','68',to_date('17/04/2021','DD/MM/YYYY'),'14');
Insert into D40_VENDITA (ID,CLIENTE_ID,PRODOTTO_ID,DATA,QUANTITA) values ('172','8','90',to_date('29/06/2021','DD/MM/YYYY'),'24');
Insert into D40_VENDITA (ID,CLIENTE_ID,PRODOTTO_ID,DATA,QUANTITA) values ('173','10','29',to_date('30/01/2021','DD/MM/YYYY'),'24');
Insert into D40_VENDITA (ID,CLIENTE_ID,PRODOTTO_ID,DATA,QUANTITA) values ('174','9','73',to_date('21/08/2020','DD/MM/YYYY'),'13');
Insert into D40_VENDITA (ID,CLIENTE_ID,PRODOTTO_ID,DATA,QUANTITA) values ('175','8','62',to_date('15/03/2021','DD/MM/YYYY'),'18');
Insert into D40_VENDITA (ID,CLIENTE_ID,PRODOTTO_ID,DATA,QUANTITA) values ('176','5','148',to_date('02/08/2020','DD/MM/YYYY'),'16');
Insert into D40_VENDITA (ID,CLIENTE_ID,PRODOTTO_ID,DATA,QUANTITA) values ('177','15','96',to_date('10/03/2021','DD/MM/YYYY'),'17');
Insert into D40_VENDITA (ID,CLIENTE_ID,PRODOTTO_ID,DATA,QUANTITA) values ('178','2','93',to_date('20/11/2020','DD/MM/YYYY'),'22');
Insert into D40_VENDITA (ID,CLIENTE_ID,PRODOTTO_ID,DATA,QUANTITA) values ('179','18','103',to_date('01/01/2021','DD/MM/YYYY'),'22');
Insert into D40_VENDITA (ID,CLIENTE_ID,PRODOTTO_ID,DATA,QUANTITA) values ('180','18','17',to_date('05/10/2020','DD/MM/YYYY'),'21');
Insert into D40_VENDITA (ID,CLIENTE_ID,PRODOTTO_ID,DATA,QUANTITA) values ('181','12','142',to_date('12/11/2020','DD/MM/YYYY'),'29');
Insert into D40_VENDITA (ID,CLIENTE_ID,PRODOTTO_ID,DATA,QUANTITA) values ('182','19','94',to_date('13/09/2020','DD/MM/YYYY'),'13');
Insert into D40_VENDITA (ID,CLIENTE_ID,PRODOTTO_ID,DATA,QUANTITA) values ('183','5','88',to_date('22/02/2021','DD/MM/YYYY'),'29');
Insert into D40_VENDITA (ID,CLIENTE_ID,PRODOTTO_ID,DATA,QUANTITA) values ('184','7','78',to_date('04/03/2021','DD/MM/YYYY'),'25');
Insert into D40_VENDITA (ID,CLIENTE_ID,PRODOTTO_ID,DATA,QUANTITA) values ('185','9','103',to_date('16/03/2021','DD/MM/YYYY'),'25');
Insert into D40_VENDITA (ID,CLIENTE_ID,PRODOTTO_ID,DATA,QUANTITA) values ('186','14','36',to_date('07/07/2021','DD/MM/YYYY'),'24');
Insert into D40_VENDITA (ID,CLIENTE_ID,PRODOTTO_ID,DATA,QUANTITA) values ('187','22','138',to_date('30/12/2020','DD/MM/YYYY'),'14');
Insert into D40_VENDITA (ID,CLIENTE_ID,PRODOTTO_ID,DATA,QUANTITA) values ('188','24','138',to_date('24/02/2021','DD/MM/YYYY'),'16');
Insert into D40_VENDITA (ID,CLIENTE_ID,PRODOTTO_ID,DATA,QUANTITA) values ('189','23','36',to_date('06/04/2021','DD/MM/YYYY'),'11');
Insert into D40_VENDITA (ID,CLIENTE_ID,PRODOTTO_ID,DATA,QUANTITA) values ('190','9','142',to_date('15/06/2021','DD/MM/YYYY'),'30');
Insert into D40_VENDITA (ID,CLIENTE_ID,PRODOTTO_ID,DATA,QUANTITA) values ('191','13','28',to_date('08/06/2021','DD/MM/YYYY'),'11');
Insert into D40_VENDITA (ID,CLIENTE_ID,PRODOTTO_ID,DATA,QUANTITA) values ('192','10','7',to_date('15/02/2021','DD/MM/YYYY'),'14');
Insert into D40_VENDITA (ID,CLIENTE_ID,PRODOTTO_ID,DATA,QUANTITA) values ('193','9','57',to_date('14/09/2020','DD/MM/YYYY'),'21');
Insert into D40_VENDITA (ID,CLIENTE_ID,PRODOTTO_ID,DATA,QUANTITA) values ('194','8','149',to_date('14/06/2021','DD/MM/YYYY'),'16');
Insert into D40_VENDITA (ID,CLIENTE_ID,PRODOTTO_ID,DATA,QUANTITA) values ('195','7','146',to_date('20/05/2021','DD/MM/YYYY'),'30');
Insert into D40_VENDITA (ID,CLIENTE_ID,PRODOTTO_ID,DATA,QUANTITA) values ('196','25','43',to_date('02/12/2020','DD/MM/YYYY'),'21');
Insert into D40_VENDITA (ID,CLIENTE_ID,PRODOTTO_ID,DATA,QUANTITA) values ('197','21','54',to_date('28/08/2020','DD/MM/YYYY'),'18');
Insert into D40_VENDITA (ID,CLIENTE_ID,PRODOTTO_ID,DATA,QUANTITA) values ('198','12','81',to_date('18/05/2021','DD/MM/YYYY'),'25');
Insert into D40_VENDITA (ID,CLIENTE_ID,PRODOTTO_ID,DATA,QUANTITA) values ('199','11','72',to_date('09/12/2020','DD/MM/YYYY'),'12');
Insert into D40_VENDITA (ID,CLIENTE_ID,PRODOTTO_ID,DATA,QUANTITA) values ('200','16','139',to_date('19/12/2020','DD/MM/YYYY'),'11');
Insert into D40_VENDITA (ID,CLIENTE_ID,PRODOTTO_ID,DATA,QUANTITA) values ('201','1','129',to_date('16/09/2020','DD/MM/YYYY'),'27');
Insert into D40_VENDITA (ID,CLIENTE_ID,PRODOTTO_ID,DATA,QUANTITA) values ('202','10','84',to_date('19/10/2020','DD/MM/YYYY'),'21');
Insert into D40_VENDITA (ID,CLIENTE_ID,PRODOTTO_ID,DATA,QUANTITA) values ('203','10','138',to_date('09/07/2021','DD/MM/YYYY'),'28');
Insert into D40_VENDITA (ID,CLIENTE_ID,PRODOTTO_ID,DATA,QUANTITA) values ('204','7','39',to_date('04/05/2021','DD/MM/YYYY'),'24');
Insert into D40_VENDITA (ID,CLIENTE_ID,PRODOTTO_ID,DATA,QUANTITA) values ('205','20','104',to_date('25/12/2020','DD/MM/YYYY'),'15');
Insert into D40_VENDITA (ID,CLIENTE_ID,PRODOTTO_ID,DATA,QUANTITA) values ('206','8','36',to_date('01/11/2020','DD/MM/YYYY'),'13');
Insert into D40_VENDITA (ID,CLIENTE_ID,PRODOTTO_ID,DATA,QUANTITA) values ('207','25','104',to_date('08/06/2021','DD/MM/YYYY'),'28');
Insert into D40_VENDITA (ID,CLIENTE_ID,PRODOTTO_ID,DATA,QUANTITA) values ('208','1','29',to_date('01/06/2021','DD/MM/YYYY'),'11');
Insert into D40_VENDITA (ID,CLIENTE_ID,PRODOTTO_ID,DATA,QUANTITA) values ('209','20','3',to_date('24/10/2020','DD/MM/YYYY'),'11');
Insert into D40_VENDITA (ID,CLIENTE_ID,PRODOTTO_ID,DATA,QUANTITA) values ('210','20','101',to_date('13/02/2021','DD/MM/YYYY'),'23');
Insert into D40_VENDITA (ID,CLIENTE_ID,PRODOTTO_ID,DATA,QUANTITA) values ('211','6','89',to_date('15/10/2020','DD/MM/YYYY'),'27');
Insert into D40_VENDITA (ID,CLIENTE_ID,PRODOTTO_ID,DATA,QUANTITA) values ('212','14','83',to_date('04/07/2021','DD/MM/YYYY'),'15');
Insert into D40_VENDITA (ID,CLIENTE_ID,PRODOTTO_ID,DATA,QUANTITA) values ('213','19','130',to_date('26/11/2020','DD/MM/YYYY'),'27');
Insert into D40_VENDITA (ID,CLIENTE_ID,PRODOTTO_ID,DATA,QUANTITA) values ('214','15','32',to_date('06/05/2021','DD/MM/YYYY'),'14');
Insert into D40_VENDITA (ID,CLIENTE_ID,PRODOTTO_ID,DATA,QUANTITA) values ('215','25','40',to_date('03/01/2021','DD/MM/YYYY'),'30');
Insert into D40_VENDITA (ID,CLIENTE_ID,PRODOTTO_ID,DATA,QUANTITA) values ('216','18','60',to_date('25/10/2020','DD/MM/YYYY'),'12');
Insert into D40_VENDITA (ID,CLIENTE_ID,PRODOTTO_ID,DATA,QUANTITA) values ('217','4','100',to_date('06/05/2021','DD/MM/YYYY'),'20');
Insert into D40_VENDITA (ID,CLIENTE_ID,PRODOTTO_ID,DATA,QUANTITA) values ('218','11','122',to_date('04/05/2021','DD/MM/YYYY'),'28');
Insert into D40_VENDITA (ID,CLIENTE_ID,PRODOTTO_ID,DATA,QUANTITA) values ('219','23','80',to_date('29/12/2020','DD/MM/YYYY'),'30');
Insert into D40_VENDITA (ID,CLIENTE_ID,PRODOTTO_ID,DATA,QUANTITA) values ('220','6','110',to_date('17/02/2021','DD/MM/YYYY'),'14');
Insert into D40_VENDITA (ID,CLIENTE_ID,PRODOTTO_ID,DATA,QUANTITA) values ('221','14','20',to_date('20/03/2021','DD/MM/YYYY'),'18');
Insert into D40_VENDITA (ID,CLIENTE_ID,PRODOTTO_ID,DATA,QUANTITA) values ('222','24','79',to_date('08/05/2021','DD/MM/YYYY'),'16');
Insert into D40_VENDITA (ID,CLIENTE_ID,PRODOTTO_ID,DATA,QUANTITA) values ('223','25','58',to_date('24/08/2020','DD/MM/YYYY'),'17');
Insert into D40_VENDITA (ID,CLIENTE_ID,PRODOTTO_ID,DATA,QUANTITA) values ('224','23','135',to_date('28/01/2021','DD/MM/YYYY'),'23');
Insert into D40_VENDITA (ID,CLIENTE_ID,PRODOTTO_ID,DATA,QUANTITA) values ('225','20','31',to_date('18/01/2021','DD/MM/YYYY'),'27');
Insert into D40_VENDITA (ID,CLIENTE_ID,PRODOTTO_ID,DATA,QUANTITA) values ('226','13','56',to_date('30/12/2020','DD/MM/YYYY'),'25');
Insert into D40_VENDITA (ID,CLIENTE_ID,PRODOTTO_ID,DATA,QUANTITA) values ('227','5','76',to_date('30/09/2020','DD/MM/YYYY'),'16');
Insert into D40_VENDITA (ID,CLIENTE_ID,PRODOTTO_ID,DATA,QUANTITA) values ('228','19','27',to_date('11/10/2020','DD/MM/YYYY'),'11');
Insert into D40_VENDITA (ID,CLIENTE_ID,PRODOTTO_ID,DATA,QUANTITA) values ('229','14','132',to_date('26/03/2021','DD/MM/YYYY'),'22');
Insert into D40_VENDITA (ID,CLIENTE_ID,PRODOTTO_ID,DATA,QUANTITA) values ('230','23','21',to_date('18/08/2020','DD/MM/YYYY'),'12');
Insert into D40_VENDITA (ID,CLIENTE_ID,PRODOTTO_ID,DATA,QUANTITA) values ('231','25','66',to_date('27/04/2021','DD/MM/YYYY'),'12');
Insert into D40_VENDITA (ID,CLIENTE_ID,PRODOTTO_ID,DATA,QUANTITA) values ('232','7','59',to_date('12/09/2020','DD/MM/YYYY'),'17');
Insert into D40_VENDITA (ID,CLIENTE_ID,PRODOTTO_ID,DATA,QUANTITA) values ('233','1','45',to_date('22/08/2020','DD/MM/YYYY'),'13');
Insert into D40_VENDITA (ID,CLIENTE_ID,PRODOTTO_ID,DATA,QUANTITA) values ('234','4','122',to_date('25/05/2021','DD/MM/YYYY'),'12');
Insert into D40_VENDITA (ID,CLIENTE_ID,PRODOTTO_ID,DATA,QUANTITA) values ('235','19','93',to_date('05/12/2020','DD/MM/YYYY'),'28');
Insert into D40_VENDITA (ID,CLIENTE_ID,PRODOTTO_ID,DATA,QUANTITA) values ('236','21','83',to_date('24/05/2021','DD/MM/YYYY'),'25');
Insert into D40_VENDITA (ID,CLIENTE_ID,PRODOTTO_ID,DATA,QUANTITA) values ('237','4','111',to_date('09/02/2021','DD/MM/YYYY'),'11');
Insert into D40_VENDITA (ID,CLIENTE_ID,PRODOTTO_ID,DATA,QUANTITA) values ('238','16','29',to_date('17/10/2020','DD/MM/YYYY'),'28');
Insert into D40_VENDITA (ID,CLIENTE_ID,PRODOTTO_ID,DATA,QUANTITA) values ('239','6','39',to_date('21/02/2021','DD/MM/YYYY'),'30');
Insert into D40_VENDITA (ID,CLIENTE_ID,PRODOTTO_ID,DATA,QUANTITA) values ('240','6','96',to_date('16/09/2020','DD/MM/YYYY'),'12');
Insert into D40_VENDITA (ID,CLIENTE_ID,PRODOTTO_ID,DATA,QUANTITA) values ('241','21','76',to_date('03/04/2021','DD/MM/YYYY'),'13');
Insert into D40_VENDITA (ID,CLIENTE_ID,PRODOTTO_ID,DATA,QUANTITA) values ('242','21','146',to_date('24/07/2020','DD/MM/YYYY'),'21');
Insert into D40_VENDITA (ID,CLIENTE_ID,PRODOTTO_ID,DATA,QUANTITA) values ('243','1','25',to_date('12/03/2021','DD/MM/YYYY'),'12');
Insert into D40_VENDITA (ID,CLIENTE_ID,PRODOTTO_ID,DATA,QUANTITA) values ('244','1','4',to_date('04/06/2021','DD/MM/YYYY'),'23');
Insert into D40_VENDITA (ID,CLIENTE_ID,PRODOTTO_ID,DATA,QUANTITA) values ('245','3','105',to_date('19/03/2021','DD/MM/YYYY'),'25');
Insert into D40_VENDITA (ID,CLIENTE_ID,PRODOTTO_ID,DATA,QUANTITA) values ('246','10','55',to_date('22/03/2021','DD/MM/YYYY'),'27');
Insert into D40_VENDITA (ID,CLIENTE_ID,PRODOTTO_ID,DATA,QUANTITA) values ('247','7','142',to_date('25/12/2020','DD/MM/YYYY'),'27');
Insert into D40_VENDITA (ID,CLIENTE_ID,PRODOTTO_ID,DATA,QUANTITA) values ('248','7','109',to_date('20/07/2020','DD/MM/YYYY'),'30');
Insert into D40_VENDITA (ID,CLIENTE_ID,PRODOTTO_ID,DATA,QUANTITA) values ('249','23','108',to_date('23/05/2021','DD/MM/YYYY'),'29');
Insert into D40_VENDITA (ID,CLIENTE_ID,PRODOTTO_ID,DATA,QUANTITA) values ('250','16','64',to_date('25/09/2020','DD/MM/YYYY'),'14');
Insert into D40_VENDITA (ID,CLIENTE_ID,PRODOTTO_ID,DATA,QUANTITA) values ('251','3','149',to_date('15/08/2020','DD/MM/YYYY'),'21');
Insert into D40_VENDITA (ID,CLIENTE_ID,PRODOTTO_ID,DATA,QUANTITA) values ('252','2','106',to_date('22/12/2020','DD/MM/YYYY'),'15');
Insert into D40_VENDITA (ID,CLIENTE_ID,PRODOTTO_ID,DATA,QUANTITA) values ('253','3','40',to_date('23/08/2020','DD/MM/YYYY'),'24');
Insert into D40_VENDITA (ID,CLIENTE_ID,PRODOTTO_ID,DATA,QUANTITA) values ('254','12','110',to_date('25/02/2021','DD/MM/YYYY'),'30');
Insert into D40_VENDITA (ID,CLIENTE_ID,PRODOTTO_ID,DATA,QUANTITA) values ('255','7','106',to_date('07/08/2020','DD/MM/YYYY'),'28');
Insert into D40_VENDITA (ID,CLIENTE_ID,PRODOTTO_ID,DATA,QUANTITA) values ('256','11','101',to_date('12/06/2021','DD/MM/YYYY'),'24');
Insert into D40_VENDITA (ID,CLIENTE_ID,PRODOTTO_ID,DATA,QUANTITA) values ('257','14','121',to_date('02/09/2020','DD/MM/YYYY'),'12');
Insert into D40_VENDITA (ID,CLIENTE_ID,PRODOTTO_ID,DATA,QUANTITA) values ('258','7','50',to_date('26/03/2021','DD/MM/YYYY'),'10');
Insert into D40_VENDITA (ID,CLIENTE_ID,PRODOTTO_ID,DATA,QUANTITA) values ('259','7','81',to_date('21/11/2020','DD/MM/YYYY'),'16');
Insert into D40_VENDITA (ID,CLIENTE_ID,PRODOTTO_ID,DATA,QUANTITA) values ('260','17','10',to_date('18/09/2020','DD/MM/YYYY'),'25');
Insert into D40_VENDITA (ID,CLIENTE_ID,PRODOTTO_ID,DATA,QUANTITA) values ('261','18','108',to_date('07/08/2020','DD/MM/YYYY'),'13');
Insert into D40_VENDITA (ID,CLIENTE_ID,PRODOTTO_ID,DATA,QUANTITA) values ('262','20','18',to_date('09/12/2020','DD/MM/YYYY'),'26');
Insert into D40_VENDITA (ID,CLIENTE_ID,PRODOTTO_ID,DATA,QUANTITA) values ('263','8','129',to_date('19/08/2020','DD/MM/YYYY'),'17');
Insert into D40_VENDITA (ID,CLIENTE_ID,PRODOTTO_ID,DATA,QUANTITA) values ('264','7','16',to_date('11/07/2021','DD/MM/YYYY'),'28');
Insert into D40_VENDITA (ID,CLIENTE_ID,PRODOTTO_ID,DATA,QUANTITA) values ('265','22','137',to_date('31/08/2020','DD/MM/YYYY'),'17');
Insert into D40_VENDITA (ID,CLIENTE_ID,PRODOTTO_ID,DATA,QUANTITA) values ('266','15','103',to_date('07/10/2020','DD/MM/YYYY'),'24');
Insert into D40_VENDITA (ID,CLIENTE_ID,PRODOTTO_ID,DATA,QUANTITA) values ('267','9','96',to_date('27/02/2021','DD/MM/YYYY'),'29');
Insert into D40_VENDITA (ID,CLIENTE_ID,PRODOTTO_ID,DATA,QUANTITA) values ('268','6','107',to_date('03/04/2021','DD/MM/YYYY'),'10');
Insert into D40_VENDITA (ID,CLIENTE_ID,PRODOTTO_ID,DATA,QUANTITA) values ('269','12','51',to_date('05/05/2021','DD/MM/YYYY'),'28');
Insert into D40_VENDITA (ID,CLIENTE_ID,PRODOTTO_ID,DATA,QUANTITA) values ('270','25','59',to_date('25/08/2020','DD/MM/YYYY'),'20');
Insert into D40_VENDITA (ID,CLIENTE_ID,PRODOTTO_ID,DATA,QUANTITA) values ('271','7','130',to_date('21/08/2020','DD/MM/YYYY'),'14');
Insert into D40_VENDITA (ID,CLIENTE_ID,PRODOTTO_ID,DATA,QUANTITA) values ('272','18','47',to_date('17/12/2020','DD/MM/YYYY'),'25');
Insert into D40_VENDITA (ID,CLIENTE_ID,PRODOTTO_ID,DATA,QUANTITA) values ('273','19','87',to_date('23/01/2021','DD/MM/YYYY'),'14');
Insert into D40_VENDITA (ID,CLIENTE_ID,PRODOTTO_ID,DATA,QUANTITA) values ('274','11','9',to_date('10/12/2020','DD/MM/YYYY'),'28');
Insert into D40_VENDITA (ID,CLIENTE_ID,PRODOTTO_ID,DATA,QUANTITA) values ('275','5','58',to_date('21/02/2021','DD/MM/YYYY'),'21');
Insert into D40_VENDITA (ID,CLIENTE_ID,PRODOTTO_ID,DATA,QUANTITA) values ('276','14','41',to_date('26/08/2020','DD/MM/YYYY'),'13');
Insert into D40_VENDITA (ID,CLIENTE_ID,PRODOTTO_ID,DATA,QUANTITA) values ('277','24','25',to_date('28/10/2020','DD/MM/YYYY'),'27');
Insert into D40_VENDITA (ID,CLIENTE_ID,PRODOTTO_ID,DATA,QUANTITA) values ('278','20','130',to_date('14/06/2021','DD/MM/YYYY'),'12');
Insert into D40_VENDITA (ID,CLIENTE_ID,PRODOTTO_ID,DATA,QUANTITA) values ('279','24','110',to_date('20/09/2020','DD/MM/YYYY'),'23');
Insert into D40_VENDITA (ID,CLIENTE_ID,PRODOTTO_ID,DATA,QUANTITA) values ('280','19','102',to_date('15/10/2020','DD/MM/YYYY'),'27');
Insert into D40_VENDITA (ID,CLIENTE_ID,PRODOTTO_ID,DATA,QUANTITA) values ('281','22','93',to_date('14/12/2020','DD/MM/YYYY'),'10');
Insert into D40_VENDITA (ID,CLIENTE_ID,PRODOTTO_ID,DATA,QUANTITA) values ('282','14','90',to_date('06/03/2021','DD/MM/YYYY'),'30');
Insert into D40_VENDITA (ID,CLIENTE_ID,PRODOTTO_ID,DATA,QUANTITA) values ('283','12','29',to_date('10/01/2021','DD/MM/YYYY'),'13');
Insert into D40_VENDITA (ID,CLIENTE_ID,PRODOTTO_ID,DATA,QUANTITA) values ('284','17','97',to_date('07/02/2021','DD/MM/YYYY'),'28');
Insert into D40_VENDITA (ID,CLIENTE_ID,PRODOTTO_ID,DATA,QUANTITA) values ('285','19','59',to_date('26/06/2021','DD/MM/YYYY'),'16');
Insert into D40_VENDITA (ID,CLIENTE_ID,PRODOTTO_ID,DATA,QUANTITA) values ('286','3','119',to_date('24/09/2020','DD/MM/YYYY'),'29');
Insert into D40_VENDITA (ID,CLIENTE_ID,PRODOTTO_ID,DATA,QUANTITA) values ('287','18','101',to_date('21/01/2021','DD/MM/YYYY'),'29');
Insert into D40_VENDITA (ID,CLIENTE_ID,PRODOTTO_ID,DATA,QUANTITA) values ('288','24','123',to_date('12/10/2020','DD/MM/YYYY'),'10');
Insert into D40_VENDITA (ID,CLIENTE_ID,PRODOTTO_ID,DATA,QUANTITA) values ('289','22','49',to_date('09/09/2020','DD/MM/YYYY'),'25');
Insert into D40_VENDITA (ID,CLIENTE_ID,PRODOTTO_ID,DATA,QUANTITA) values ('290','18','17',to_date('13/08/2020','DD/MM/YYYY'),'18');
Insert into D40_VENDITA (ID,CLIENTE_ID,PRODOTTO_ID,DATA,QUANTITA) values ('291','12','102',to_date('25/12/2020','DD/MM/YYYY'),'27');
Insert into D40_VENDITA (ID,CLIENTE_ID,PRODOTTO_ID,DATA,QUANTITA) values ('292','16','67',to_date('26/12/2020','DD/MM/YYYY'),'24');
Insert into D40_VENDITA (ID,CLIENTE_ID,PRODOTTO_ID,DATA,QUANTITA) values ('293','19','66',to_date('17/10/2020','DD/MM/YYYY'),'27');
Insert into D40_VENDITA (ID,CLIENTE_ID,PRODOTTO_ID,DATA,QUANTITA) values ('294','21','111',to_date('20/02/2021','DD/MM/YYYY'),'21');
Insert into D40_VENDITA (ID,CLIENTE_ID,PRODOTTO_ID,DATA,QUANTITA) values ('295','16','18',to_date('15/09/2020','DD/MM/YYYY'),'10');
Insert into D40_VENDITA (ID,CLIENTE_ID,PRODOTTO_ID,DATA,QUANTITA) values ('296','8','1',to_date('12/08/2020','DD/MM/YYYY'),'19');
Insert into D40_VENDITA (ID,CLIENTE_ID,PRODOTTO_ID,DATA,QUANTITA) values ('297','23','115',to_date('28/06/2021','DD/MM/YYYY'),'27');
Insert into D40_VENDITA (ID,CLIENTE_ID,PRODOTTO_ID,DATA,QUANTITA) values ('298','10','85',to_date('23/04/2021','DD/MM/YYYY'),'26');
Insert into D40_VENDITA (ID,CLIENTE_ID,PRODOTTO_ID,DATA,QUANTITA) values ('299','3','140',to_date('16/01/2021','DD/MM/YYYY'),'19');
Insert into D40_VENDITA (ID,CLIENTE_ID,PRODOTTO_ID,DATA,QUANTITA) values ('300','7','21',to_date('09/10/2020','DD/MM/YYYY'),'13');
Insert into D40_VENDITA (ID,CLIENTE_ID,PRODOTTO_ID,DATA,QUANTITA) values ('301','9','143',to_date('16/10/2020','DD/MM/YYYY'),'22');
Insert into D40_VENDITA (ID,CLIENTE_ID,PRODOTTO_ID,DATA,QUANTITA) values ('302','12','114',to_date('21/07/2021','DD/MM/YYYY'),'11');
Insert into D40_VENDITA (ID,CLIENTE_ID,PRODOTTO_ID,DATA,QUANTITA) values ('303','4','77',to_date('11/09/2020','DD/MM/YYYY'),'22');
Insert into D40_VENDITA (ID,CLIENTE_ID,PRODOTTO_ID,DATA,QUANTITA) values ('304','1','149',to_date('23/11/2020','DD/MM/YYYY'),'10');
Insert into D40_VENDITA (ID,CLIENTE_ID,PRODOTTO_ID,DATA,QUANTITA) values ('305','3','145',to_date('26/01/2021','DD/MM/YYYY'),'30');
Insert into D40_VENDITA (ID,CLIENTE_ID,PRODOTTO_ID,DATA,QUANTITA) values ('306','8','77',to_date('03/07/2021','DD/MM/YYYY'),'15');
Insert into D40_VENDITA (ID,CLIENTE_ID,PRODOTTO_ID,DATA,QUANTITA) values ('307','11','9',to_date('19/12/2020','DD/MM/YYYY'),'13');
Insert into D40_VENDITA (ID,CLIENTE_ID,PRODOTTO_ID,DATA,QUANTITA) values ('308','16','57',to_date('10/07/2021','DD/MM/YYYY'),'11');
Insert into D40_VENDITA (ID,CLIENTE_ID,PRODOTTO_ID,DATA,QUANTITA) values ('309','25','95',to_date('30/10/2020','DD/MM/YYYY'),'12');
Insert into D40_VENDITA (ID,CLIENTE_ID,PRODOTTO_ID,DATA,QUANTITA) values ('310','6','7',to_date('04/07/2021','DD/MM/YYYY'),'29');
Insert into D40_VENDITA (ID,CLIENTE_ID,PRODOTTO_ID,DATA,QUANTITA) values ('311','8','80',to_date('04/01/2021','DD/MM/YYYY'),'21');
Insert into D40_VENDITA (ID,CLIENTE_ID,PRODOTTO_ID,DATA,QUANTITA) values ('312','16','148',to_date('14/01/2021','DD/MM/YYYY'),'15');
Insert into D40_VENDITA (ID,CLIENTE_ID,PRODOTTO_ID,DATA,QUANTITA) values ('313','10','22',to_date('15/10/2020','DD/MM/YYYY'),'25');
Insert into D40_VENDITA (ID,CLIENTE_ID,PRODOTTO_ID,DATA,QUANTITA) values ('314','12','130',to_date('23/04/2021','DD/MM/YYYY'),'23');
Insert into D40_VENDITA (ID,CLIENTE_ID,PRODOTTO_ID,DATA,QUANTITA) values ('315','20','137',to_date('21/05/2021','DD/MM/YYYY'),'16');
Insert into D40_VENDITA (ID,CLIENTE_ID,PRODOTTO_ID,DATA,QUANTITA) values ('316','11','77',to_date('09/05/2021','DD/MM/YYYY'),'22');
Insert into D40_VENDITA (ID,CLIENTE_ID,PRODOTTO_ID,DATA,QUANTITA) values ('317','21','80',to_date('20/05/2021','DD/MM/YYYY'),'17');
Insert into D40_VENDITA (ID,CLIENTE_ID,PRODOTTO_ID,DATA,QUANTITA) values ('318','16','47',to_date('30/01/2021','DD/MM/YYYY'),'23');
Insert into D40_VENDITA (ID,CLIENTE_ID,PRODOTTO_ID,DATA,QUANTITA) values ('319','16','24',to_date('16/08/2020','DD/MM/YYYY'),'21');
Insert into D40_VENDITA (ID,CLIENTE_ID,PRODOTTO_ID,DATA,QUANTITA) values ('320','11','65',to_date('08/11/2020','DD/MM/YYYY'),'21');
Insert into D40_VENDITA (ID,CLIENTE_ID,PRODOTTO_ID,DATA,QUANTITA) values ('321','16','120',to_date('18/11/2020','DD/MM/YYYY'),'22');
Insert into D40_VENDITA (ID,CLIENTE_ID,PRODOTTO_ID,DATA,QUANTITA) values ('322','25','37',to_date('14/03/2021','DD/MM/YYYY'),'24');
Insert into D40_VENDITA (ID,CLIENTE_ID,PRODOTTO_ID,DATA,QUANTITA) values ('323','22','92',to_date('05/10/2020','DD/MM/YYYY'),'13');
Insert into D40_VENDITA (ID,CLIENTE_ID,PRODOTTO_ID,DATA,QUANTITA) values ('324','15','146',to_date('27/03/2021','DD/MM/YYYY'),'30');
Insert into D40_VENDITA (ID,CLIENTE_ID,PRODOTTO_ID,DATA,QUANTITA) values ('325','22','126',to_date('30/03/2021','DD/MM/YYYY'),'22');
Insert into D40_VENDITA (ID,CLIENTE_ID,PRODOTTO_ID,DATA,QUANTITA) values ('326','16','52',to_date('23/06/2021','DD/MM/YYYY'),'28');
Insert into D40_VENDITA (ID,CLIENTE_ID,PRODOTTO_ID,DATA,QUANTITA) values ('327','25','3',to_date('03/08/2020','DD/MM/YYYY'),'13');
Insert into D40_VENDITA (ID,CLIENTE_ID,PRODOTTO_ID,DATA,QUANTITA) values ('328','15','5',to_date('21/09/2020','DD/MM/YYYY'),'16');
Insert into D40_VENDITA (ID,CLIENTE_ID,PRODOTTO_ID,DATA,QUANTITA) values ('329','2','14',to_date('03/05/2021','DD/MM/YYYY'),'20');
Insert into D40_VENDITA (ID,CLIENTE_ID,PRODOTTO_ID,DATA,QUANTITA) values ('330','1','62',to_date('25/08/2020','DD/MM/YYYY'),'24');
Insert into D40_VENDITA (ID,CLIENTE_ID,PRODOTTO_ID,DATA,QUANTITA) values ('331','4','36',to_date('21/06/2021','DD/MM/YYYY'),'20');
Insert into D40_VENDITA (ID,CLIENTE_ID,PRODOTTO_ID,DATA,QUANTITA) values ('332','19','62',to_date('03/12/2020','DD/MM/YYYY'),'21');
Insert into D40_VENDITA (ID,CLIENTE_ID,PRODOTTO_ID,DATA,QUANTITA) values ('333','23','44',to_date('22/11/2020','DD/MM/YYYY'),'28');
Insert into D40_VENDITA (ID,CLIENTE_ID,PRODOTTO_ID,DATA,QUANTITA) values ('334','25','69',to_date('03/05/2021','DD/MM/YYYY'),'20');
Insert into D40_VENDITA (ID,CLIENTE_ID,PRODOTTO_ID,DATA,QUANTITA) values ('335','16','30',to_date('09/11/2020','DD/MM/YYYY'),'23');
Insert into D40_VENDITA (ID,CLIENTE_ID,PRODOTTO_ID,DATA,QUANTITA) values ('336','20','10',to_date('10/09/2020','DD/MM/YYYY'),'13');
Insert into D40_VENDITA (ID,CLIENTE_ID,PRODOTTO_ID,DATA,QUANTITA) values ('337','4','7',to_date('12/04/2021','DD/MM/YYYY'),'11');
Insert into D40_VENDITA (ID,CLIENTE_ID,PRODOTTO_ID,DATA,QUANTITA) values ('338','3','77',to_date('23/07/2021','DD/MM/YYYY'),'20');
Insert into D40_VENDITA (ID,CLIENTE_ID,PRODOTTO_ID,DATA,QUANTITA) values ('339','9','24',to_date('15/02/2021','DD/MM/YYYY'),'21');
Insert into D40_VENDITA (ID,CLIENTE_ID,PRODOTTO_ID,DATA,QUANTITA) values ('340','16','78',to_date('24/08/2020','DD/MM/YYYY'),'18');
Insert into D40_VENDITA (ID,CLIENTE_ID,PRODOTTO_ID,DATA,QUANTITA) values ('341','23','61',to_date('08/01/2021','DD/MM/YYYY'),'26');
Insert into D40_VENDITA (ID,CLIENTE_ID,PRODOTTO_ID,DATA,QUANTITA) values ('342','21','20',to_date('11/03/2021','DD/MM/YYYY'),'19');
Insert into D40_VENDITA (ID,CLIENTE_ID,PRODOTTO_ID,DATA,QUANTITA) values ('343','11','34',to_date('30/12/2020','DD/MM/YYYY'),'27');
Insert into D40_VENDITA (ID,CLIENTE_ID,PRODOTTO_ID,DATA,QUANTITA) values ('344','20','1',to_date('29/12/2020','DD/MM/YYYY'),'16');
Insert into D40_VENDITA (ID,CLIENTE_ID,PRODOTTO_ID,DATA,QUANTITA) values ('345','8','20',to_date('24/11/2020','DD/MM/YYYY'),'18');
Insert into D40_VENDITA (ID,CLIENTE_ID,PRODOTTO_ID,DATA,QUANTITA) values ('346','18','52',to_date('05/08/2020','DD/MM/YYYY'),'30');
Insert into D40_VENDITA (ID,CLIENTE_ID,PRODOTTO_ID,DATA,QUANTITA) values ('347','6','87',to_date('05/10/2020','DD/MM/YYYY'),'29');
Insert into D40_VENDITA (ID,CLIENTE_ID,PRODOTTO_ID,DATA,QUANTITA) values ('348','12','99',to_date('07/02/2021','DD/MM/YYYY'),'17');
Insert into D40_VENDITA (ID,CLIENTE_ID,PRODOTTO_ID,DATA,QUANTITA) values ('349','14','16',to_date('11/07/2021','DD/MM/YYYY'),'20');
Insert into D40_VENDITA (ID,CLIENTE_ID,PRODOTTO_ID,DATA,QUANTITA) values ('350','15','76',to_date('17/12/2020','DD/MM/YYYY'),'16');
Insert into D40_VENDITA (ID,CLIENTE_ID,PRODOTTO_ID,DATA,QUANTITA) values ('351','13','82',to_date('01/10/2020','DD/MM/YYYY'),'24');
Insert into D40_VENDITA (ID,CLIENTE_ID,PRODOTTO_ID,DATA,QUANTITA) values ('352','12','114',to_date('27/05/2021','DD/MM/YYYY'),'15');
Insert into D40_VENDITA (ID,CLIENTE_ID,PRODOTTO_ID,DATA,QUANTITA) values ('353','2','38',to_date('16/03/2021','DD/MM/YYYY'),'29');
Insert into D40_VENDITA (ID,CLIENTE_ID,PRODOTTO_ID,DATA,QUANTITA) values ('354','14','69',to_date('03/07/2021','DD/MM/YYYY'),'26');
Insert into D40_VENDITA (ID,CLIENTE_ID,PRODOTTO_ID,DATA,QUANTITA) values ('355','11','19',to_date('28/02/2021','DD/MM/YYYY'),'10');
Insert into D40_VENDITA (ID,CLIENTE_ID,PRODOTTO_ID,DATA,QUANTITA) values ('356','7','55',to_date('10/01/2021','DD/MM/YYYY'),'16');
Insert into D40_VENDITA (ID,CLIENTE_ID,PRODOTTO_ID,DATA,QUANTITA) values ('357','11','132',to_date('04/03/2021','DD/MM/YYYY'),'18');
Insert into D40_VENDITA (ID,CLIENTE_ID,PRODOTTO_ID,DATA,QUANTITA) values ('358','9','145',to_date('27/01/2021','DD/MM/YYYY'),'23');
Insert into D40_VENDITA (ID,CLIENTE_ID,PRODOTTO_ID,DATA,QUANTITA) values ('359','22','97',to_date('07/04/2021','DD/MM/YYYY'),'27');
Insert into D40_VENDITA (ID,CLIENTE_ID,PRODOTTO_ID,DATA,QUANTITA) values ('360','7','119',to_date('14/07/2021','DD/MM/YYYY'),'17');
Insert into D40_VENDITA (ID,CLIENTE_ID,PRODOTTO_ID,DATA,QUANTITA) values ('361','24','136',to_date('04/09/2020','DD/MM/YYYY'),'16');
Insert into D40_VENDITA (ID,CLIENTE_ID,PRODOTTO_ID,DATA,QUANTITA) values ('362','15','86',to_date('07/04/2021','DD/MM/YYYY'),'26');
Insert into D40_VENDITA (ID,CLIENTE_ID,PRODOTTO_ID,DATA,QUANTITA) values ('363','21','85',to_date('08/11/2020','DD/MM/YYYY'),'30');
Insert into D40_VENDITA (ID,CLIENTE_ID,PRODOTTO_ID,DATA,QUANTITA) values ('364','9','95',to_date('24/02/2021','DD/MM/YYYY'),'14');
Insert into D40_VENDITA (ID,CLIENTE_ID,PRODOTTO_ID,DATA,QUANTITA) values ('365','23','27',to_date('05/07/2021','DD/MM/YYYY'),'10');
Insert into D40_VENDITA (ID,CLIENTE_ID,PRODOTTO_ID,DATA,QUANTITA) values ('366','14','133',to_date('13/06/2021','DD/MM/YYYY'),'17');
Insert into D40_VENDITA (ID,CLIENTE_ID,PRODOTTO_ID,DATA,QUANTITA) values ('367','24','49',to_date('23/02/2021','DD/MM/YYYY'),'26');
Insert into D40_VENDITA (ID,CLIENTE_ID,PRODOTTO_ID,DATA,QUANTITA) values ('368','16','80',to_date('13/09/2020','DD/MM/YYYY'),'30');
Insert into D40_VENDITA (ID,CLIENTE_ID,PRODOTTO_ID,DATA,QUANTITA) values ('369','13','53',to_date('19/07/2020','DD/MM/YYYY'),'20');
Insert into D40_VENDITA (ID,CLIENTE_ID,PRODOTTO_ID,DATA,QUANTITA) values ('370','15','116',to_date('11/09/2020','DD/MM/YYYY'),'29');
Insert into D40_VENDITA (ID,CLIENTE_ID,PRODOTTO_ID,DATA,QUANTITA) values ('371','16','93',to_date('19/02/2021','DD/MM/YYYY'),'28');
Insert into D40_VENDITA (ID,CLIENTE_ID,PRODOTTO_ID,DATA,QUANTITA) values ('372','6','64',to_date('08/11/2020','DD/MM/YYYY'),'27');
Insert into D40_VENDITA (ID,CLIENTE_ID,PRODOTTO_ID,DATA,QUANTITA) values ('373','15','116',to_date('12/06/2021','DD/MM/YYYY'),'16');
Insert into D40_VENDITA (ID,CLIENTE_ID,PRODOTTO_ID,DATA,QUANTITA) values ('374','19','76',to_date('18/12/2020','DD/MM/YYYY'),'29');
Insert into D40_VENDITA (ID,CLIENTE_ID,PRODOTTO_ID,DATA,QUANTITA) values ('375','8','105',to_date('08/01/2021','DD/MM/YYYY'),'19');
Insert into D40_VENDITA (ID,CLIENTE_ID,PRODOTTO_ID,DATA,QUANTITA) values ('376','15','81',to_date('02/10/2020','DD/MM/YYYY'),'16');
Insert into D40_VENDITA (ID,CLIENTE_ID,PRODOTTO_ID,DATA,QUANTITA) values ('377','22','95',to_date('04/08/2020','DD/MM/YYYY'),'26');
Insert into D40_VENDITA (ID,CLIENTE_ID,PRODOTTO_ID,DATA,QUANTITA) values ('378','22','128',to_date('13/02/2021','DD/MM/YYYY'),'24');
Insert into D40_VENDITA (ID,CLIENTE_ID,PRODOTTO_ID,DATA,QUANTITA) values ('379','24','75',to_date('22/09/2020','DD/MM/YYYY'),'29');
Insert into D40_VENDITA (ID,CLIENTE_ID,PRODOTTO_ID,DATA,QUANTITA) values ('380','22','34',to_date('14/03/2021','DD/MM/YYYY'),'28');
Insert into D40_VENDITA (ID,CLIENTE_ID,PRODOTTO_ID,DATA,QUANTITA) values ('381','10','93',to_date('15/02/2021','DD/MM/YYYY'),'25');
Insert into D40_VENDITA (ID,CLIENTE_ID,PRODOTTO_ID,DATA,QUANTITA) values ('382','2','129',to_date('31/12/2020','DD/MM/YYYY'),'25');
Insert into D40_VENDITA (ID,CLIENTE_ID,PRODOTTO_ID,DATA,QUANTITA) values ('383','15','84',to_date('19/01/2021','DD/MM/YYYY'),'21');
Insert into D40_VENDITA (ID,CLIENTE_ID,PRODOTTO_ID,DATA,QUANTITA) values ('384','9','45',to_date('15/10/2020','DD/MM/YYYY'),'25');
Insert into D40_VENDITA (ID,CLIENTE_ID,PRODOTTO_ID,DATA,QUANTITA) values ('385','23','40',to_date('16/09/2020','DD/MM/YYYY'),'25');
Insert into D40_VENDITA (ID,CLIENTE_ID,PRODOTTO_ID,DATA,QUANTITA) values ('386','17','82',to_date('16/12/2020','DD/MM/YYYY'),'18');
Insert into D40_VENDITA (ID,CLIENTE_ID,PRODOTTO_ID,DATA,QUANTITA) values ('387','12','30',to_date('16/09/2020','DD/MM/YYYY'),'12');
Insert into D40_VENDITA (ID,CLIENTE_ID,PRODOTTO_ID,DATA,QUANTITA) values ('388','8','98',to_date('13/01/2021','DD/MM/YYYY'),'22');
Insert into D40_VENDITA (ID,CLIENTE_ID,PRODOTTO_ID,DATA,QUANTITA) values ('389','16','28',to_date('26/02/2021','DD/MM/YYYY'),'20');
Insert into D40_VENDITA (ID,CLIENTE_ID,PRODOTTO_ID,DATA,QUANTITA) values ('390','8','12',to_date('03/09/2020','DD/MM/YYYY'),'24');
Insert into D40_VENDITA (ID,CLIENTE_ID,PRODOTTO_ID,DATA,QUANTITA) values ('391','17','83',to_date('18/10/2020','DD/MM/YYYY'),'27');
Insert into D40_VENDITA (ID,CLIENTE_ID,PRODOTTO_ID,DATA,QUANTITA) values ('392','3','67',to_date('13/05/2021','DD/MM/YYYY'),'23');
Insert into D40_VENDITA (ID,CLIENTE_ID,PRODOTTO_ID,DATA,QUANTITA) values ('393','1','27',to_date('03/01/2021','DD/MM/YYYY'),'20');
Insert into D40_VENDITA (ID,CLIENTE_ID,PRODOTTO_ID,DATA,QUANTITA) values ('394','25','87',to_date('04/11/2020','DD/MM/YYYY'),'17');
Insert into D40_VENDITA (ID,CLIENTE_ID,PRODOTTO_ID,DATA,QUANTITA) values ('395','16','113',to_date('02/12/2020','DD/MM/YYYY'),'10');
Insert into D40_VENDITA (ID,CLIENTE_ID,PRODOTTO_ID,DATA,QUANTITA) values ('396','16','31',to_date('11/03/2021','DD/MM/YYYY'),'19');
Insert into D40_VENDITA (ID,CLIENTE_ID,PRODOTTO_ID,DATA,QUANTITA) values ('397','8','17',to_date('31/05/2021','DD/MM/YYYY'),'27');
Insert into D40_VENDITA (ID,CLIENTE_ID,PRODOTTO_ID,DATA,QUANTITA) values ('398','10','85',to_date('23/03/2021','DD/MM/YYYY'),'23');
Insert into D40_VENDITA (ID,CLIENTE_ID,PRODOTTO_ID,DATA,QUANTITA) values ('399','1','116',to_date('22/02/2021','DD/MM/YYYY'),'15');
Insert into D40_VENDITA (ID,CLIENTE_ID,PRODOTTO_ID,DATA,QUANTITA) values ('400','10','18',to_date('28/12/2020','DD/MM/YYYY'),'15');
Insert into D40_VENDITA (ID,CLIENTE_ID,PRODOTTO_ID,DATA,QUANTITA) values ('401','1','69',to_date('24/01/2021','DD/MM/YYYY'),'25');
Insert into D40_VENDITA (ID,CLIENTE_ID,PRODOTTO_ID,DATA,QUANTITA) values ('402','22','89',to_date('10/02/2021','DD/MM/YYYY'),'17');
Insert into D40_VENDITA (ID,CLIENTE_ID,PRODOTTO_ID,DATA,QUANTITA) values ('403','11','6',to_date('30/06/2021','DD/MM/YYYY'),'13');
Insert into D40_VENDITA (ID,CLIENTE_ID,PRODOTTO_ID,DATA,QUANTITA) values ('404','24','140',to_date('29/09/2020','DD/MM/YYYY'),'12');
Insert into D40_VENDITA (ID,CLIENTE_ID,PRODOTTO_ID,DATA,QUANTITA) values ('405','17','42',to_date('03/07/2021','DD/MM/YYYY'),'28');
Insert into D40_VENDITA (ID,CLIENTE_ID,PRODOTTO_ID,DATA,QUANTITA) values ('406','12','50',to_date('04/11/2020','DD/MM/YYYY'),'18');
Insert into D40_VENDITA (ID,CLIENTE_ID,PRODOTTO_ID,DATA,QUANTITA) values ('407','18','61',to_date('17/06/2021','DD/MM/YYYY'),'11');
Insert into D40_VENDITA (ID,CLIENTE_ID,PRODOTTO_ID,DATA,QUANTITA) values ('408','13','47',to_date('01/10/2020','DD/MM/YYYY'),'20');
Insert into D40_VENDITA (ID,CLIENTE_ID,PRODOTTO_ID,DATA,QUANTITA) values ('409','21','141',to_date('10/07/2021','DD/MM/YYYY'),'12');
Insert into D40_VENDITA (ID,CLIENTE_ID,PRODOTTO_ID,DATA,QUANTITA) values ('410','1','27',to_date('04/03/2021','DD/MM/YYYY'),'14');
Insert into D40_VENDITA (ID,CLIENTE_ID,PRODOTTO_ID,DATA,QUANTITA) values ('411','5','34',to_date('04/08/2020','DD/MM/YYYY'),'21');
Insert into D40_VENDITA (ID,CLIENTE_ID,PRODOTTO_ID,DATA,QUANTITA) values ('412','13','31',to_date('04/03/2021','DD/MM/YYYY'),'21');
Insert into D40_VENDITA (ID,CLIENTE_ID,PRODOTTO_ID,DATA,QUANTITA) values ('413','23','141',to_date('13/04/2021','DD/MM/YYYY'),'27');
Insert into D40_VENDITA (ID,CLIENTE_ID,PRODOTTO_ID,DATA,QUANTITA) values ('414','17','84',to_date('06/02/2021','DD/MM/YYYY'),'30');
Insert into D40_VENDITA (ID,CLIENTE_ID,PRODOTTO_ID,DATA,QUANTITA) values ('415','21','106',to_date('15/05/2021','DD/MM/YYYY'),'14');
Insert into D40_VENDITA (ID,CLIENTE_ID,PRODOTTO_ID,DATA,QUANTITA) values ('416','20','130',to_date('26/01/2021','DD/MM/YYYY'),'14');
Insert into D40_VENDITA (ID,CLIENTE_ID,PRODOTTO_ID,DATA,QUANTITA) values ('417','25','29',to_date('04/12/2020','DD/MM/YYYY'),'17');
Insert into D40_VENDITA (ID,CLIENTE_ID,PRODOTTO_ID,DATA,QUANTITA) values ('418','6','69',to_date('27/09/2020','DD/MM/YYYY'),'27');
Insert into D40_VENDITA (ID,CLIENTE_ID,PRODOTTO_ID,DATA,QUANTITA) values ('419','10','14',to_date('09/02/2021','DD/MM/YYYY'),'19');
Insert into D40_VENDITA (ID,CLIENTE_ID,PRODOTTO_ID,DATA,QUANTITA) values ('420','6','71',to_date('30/07/2020','DD/MM/YYYY'),'27');
Insert into D40_VENDITA (ID,CLIENTE_ID,PRODOTTO_ID,DATA,QUANTITA) values ('421','17','50',to_date('10/01/2021','DD/MM/YYYY'),'10');
Insert into D40_VENDITA (ID,CLIENTE_ID,PRODOTTO_ID,DATA,QUANTITA) values ('422','20','28',to_date('06/01/2021','DD/MM/YYYY'),'16');
Insert into D40_VENDITA (ID,CLIENTE_ID,PRODOTTO_ID,DATA,QUANTITA) values ('423','6','9',to_date('03/04/2021','DD/MM/YYYY'),'23');
Insert into D40_VENDITA (ID,CLIENTE_ID,PRODOTTO_ID,DATA,QUANTITA) values ('424','17','18',to_date('29/11/2020','DD/MM/YYYY'),'27');
Insert into D40_VENDITA (ID,CLIENTE_ID,PRODOTTO_ID,DATA,QUANTITA) values ('425','14','89',to_date('03/05/2021','DD/MM/YYYY'),'29');
Insert into D40_VENDITA (ID,CLIENTE_ID,PRODOTTO_ID,DATA,QUANTITA) values ('426','2','34',to_date('27/03/2021','DD/MM/YYYY'),'30');
Insert into D40_VENDITA (ID,CLIENTE_ID,PRODOTTO_ID,DATA,QUANTITA) values ('427','17','9',to_date('23/05/2021','DD/MM/YYYY'),'20');
Insert into D40_VENDITA (ID,CLIENTE_ID,PRODOTTO_ID,DATA,QUANTITA) values ('428','18','22',to_date('27/11/2020','DD/MM/YYYY'),'12');
Insert into D40_VENDITA (ID,CLIENTE_ID,PRODOTTO_ID,DATA,QUANTITA) values ('429','25','86',to_date('29/08/2020','DD/MM/YYYY'),'21');
Insert into D40_VENDITA (ID,CLIENTE_ID,PRODOTTO_ID,DATA,QUANTITA) values ('430','19','74',to_date('27/12/2020','DD/MM/YYYY'),'10');
Insert into D40_VENDITA (ID,CLIENTE_ID,PRODOTTO_ID,DATA,QUANTITA) values ('431','16','67',to_date('20/11/2020','DD/MM/YYYY'),'28');
Insert into D40_VENDITA (ID,CLIENTE_ID,PRODOTTO_ID,DATA,QUANTITA) values ('432','23','96',to_date('08/04/2021','DD/MM/YYYY'),'26');
Insert into D40_VENDITA (ID,CLIENTE_ID,PRODOTTO_ID,DATA,QUANTITA) values ('433','11','9',to_date('18/01/2021','DD/MM/YYYY'),'27');
Insert into D40_VENDITA (ID,CLIENTE_ID,PRODOTTO_ID,DATA,QUANTITA) values ('434','21','121',to_date('26/03/2021','DD/MM/YYYY'),'15');
Insert into D40_VENDITA (ID,CLIENTE_ID,PRODOTTO_ID,DATA,QUANTITA) values ('435','5','67',to_date('20/02/2021','DD/MM/YYYY'),'12');
Insert into D40_VENDITA (ID,CLIENTE_ID,PRODOTTO_ID,DATA,QUANTITA) values ('436','13','40',to_date('03/09/2020','DD/MM/YYYY'),'27');
Insert into D40_VENDITA (ID,CLIENTE_ID,PRODOTTO_ID,DATA,QUANTITA) values ('437','9','121',to_date('17/04/2021','DD/MM/YYYY'),'27');
Insert into D40_VENDITA (ID,CLIENTE_ID,PRODOTTO_ID,DATA,QUANTITA) values ('438','18','75',to_date('09/10/2020','DD/MM/YYYY'),'11');
Insert into D40_VENDITA (ID,CLIENTE_ID,PRODOTTO_ID,DATA,QUANTITA) values ('439','7','118',to_date('24/02/2021','DD/MM/YYYY'),'15');
Insert into D40_VENDITA (ID,CLIENTE_ID,PRODOTTO_ID,DATA,QUANTITA) values ('440','19','12',to_date('28/05/2021','DD/MM/YYYY'),'16');
Insert into D40_VENDITA (ID,CLIENTE_ID,PRODOTTO_ID,DATA,QUANTITA) values ('441','5','38',to_date('26/09/2020','DD/MM/YYYY'),'27');
Insert into D40_VENDITA (ID,CLIENTE_ID,PRODOTTO_ID,DATA,QUANTITA) values ('442','6','120',to_date('02/06/2021','DD/MM/YYYY'),'26');
Insert into D40_VENDITA (ID,CLIENTE_ID,PRODOTTO_ID,DATA,QUANTITA) values ('443','8','145',to_date('07/11/2020','DD/MM/YYYY'),'25');
Insert into D40_VENDITA (ID,CLIENTE_ID,PRODOTTO_ID,DATA,QUANTITA) values ('444','23','116',to_date('26/01/2021','DD/MM/YYYY'),'11');
Insert into D40_VENDITA (ID,CLIENTE_ID,PRODOTTO_ID,DATA,QUANTITA) values ('445','23','31',to_date('15/07/2021','DD/MM/YYYY'),'13');
Insert into D40_VENDITA (ID,CLIENTE_ID,PRODOTTO_ID,DATA,QUANTITA) values ('446','18','95',to_date('14/11/2020','DD/MM/YYYY'),'11');
Insert into D40_VENDITA (ID,CLIENTE_ID,PRODOTTO_ID,DATA,QUANTITA) values ('447','14','11',to_date('24/01/2021','DD/MM/YYYY'),'19');
Insert into D40_VENDITA (ID,CLIENTE_ID,PRODOTTO_ID,DATA,QUANTITA) values ('448','18','39',to_date('15/06/2021','DD/MM/YYYY'),'12');
Insert into D40_VENDITA (ID,CLIENTE_ID,PRODOTTO_ID,DATA,QUANTITA) values ('449','20','125',to_date('20/05/2021','DD/MM/YYYY'),'28');
Insert into D40_VENDITA (ID,CLIENTE_ID,PRODOTTO_ID,DATA,QUANTITA) values ('450','14','131',to_date('07/04/2021','DD/MM/YYYY'),'21');
Insert into D40_VENDITA (ID,CLIENTE_ID,PRODOTTO_ID,DATA,QUANTITA) values ('451','14','113',to_date('31/05/2021','DD/MM/YYYY'),'20');
Insert into D40_VENDITA (ID,CLIENTE_ID,PRODOTTO_ID,DATA,QUANTITA) values ('452','10','111',to_date('01/05/2021','DD/MM/YYYY'),'15');
Insert into D40_VENDITA (ID,CLIENTE_ID,PRODOTTO_ID,DATA,QUANTITA) values ('453','22','57',to_date('20/05/2021','DD/MM/YYYY'),'20');
Insert into D40_VENDITA (ID,CLIENTE_ID,PRODOTTO_ID,DATA,QUANTITA) values ('454','23','69',to_date('03/08/2020','DD/MM/YYYY'),'13');
Insert into D40_VENDITA (ID,CLIENTE_ID,PRODOTTO_ID,DATA,QUANTITA) values ('455','4','137',to_date('24/11/2020','DD/MM/YYYY'),'12');
Insert into D40_VENDITA (ID,CLIENTE_ID,PRODOTTO_ID,DATA,QUANTITA) values ('456','19','7',to_date('11/05/2021','DD/MM/YYYY'),'27');
Insert into D40_VENDITA (ID,CLIENTE_ID,PRODOTTO_ID,DATA,QUANTITA) values ('457','13','91',to_date('30/10/2020','DD/MM/YYYY'),'21');
Insert into D40_VENDITA (ID,CLIENTE_ID,PRODOTTO_ID,DATA,QUANTITA) values ('458','17','44',to_date('15/12/2020','DD/MM/YYYY'),'13');
Insert into D40_VENDITA (ID,CLIENTE_ID,PRODOTTO_ID,DATA,QUANTITA) values ('459','19','40',to_date('06/09/2020','DD/MM/YYYY'),'18');
Insert into D40_VENDITA (ID,CLIENTE_ID,PRODOTTO_ID,DATA,QUANTITA) values ('460','15','147',to_date('27/05/2021','DD/MM/YYYY'),'15');
Insert into D40_VENDITA (ID,CLIENTE_ID,PRODOTTO_ID,DATA,QUANTITA) values ('461','2','90',to_date('15/07/2021','DD/MM/YYYY'),'26');
Insert into D40_VENDITA (ID,CLIENTE_ID,PRODOTTO_ID,DATA,QUANTITA) values ('462','5','143',to_date('27/07/2021','DD/MM/YYYY'),'23');
Insert into D40_VENDITA (ID,CLIENTE_ID,PRODOTTO_ID,DATA,QUANTITA) values ('463','14','39',to_date('21/12/2020','DD/MM/YYYY'),'15');
Insert into D40_VENDITA (ID,CLIENTE_ID,PRODOTTO_ID,DATA,QUANTITA) values ('464','16','129',to_date('17/09/2020','DD/MM/YYYY'),'18');
Insert into D40_VENDITA (ID,CLIENTE_ID,PRODOTTO_ID,DATA,QUANTITA) values ('465','19','108',to_date('12/05/2021','DD/MM/YYYY'),'17');
Insert into D40_VENDITA (ID,CLIENTE_ID,PRODOTTO_ID,DATA,QUANTITA) values ('466','6','105',to_date('02/03/2021','DD/MM/YYYY'),'16');
Insert into D40_VENDITA (ID,CLIENTE_ID,PRODOTTO_ID,DATA,QUANTITA) values ('467','13','115',to_date('28/05/2021','DD/MM/YYYY'),'29');
Insert into D40_VENDITA (ID,CLIENTE_ID,PRODOTTO_ID,DATA,QUANTITA) values ('468','22','114',to_date('27/04/2021','DD/MM/YYYY'),'15');
Insert into D40_VENDITA (ID,CLIENTE_ID,PRODOTTO_ID,DATA,QUANTITA) values ('469','21','31',to_date('08/01/2021','DD/MM/YYYY'),'29');
Insert into D40_VENDITA (ID,CLIENTE_ID,PRODOTTO_ID,DATA,QUANTITA) values ('470','19','61',to_date('06/08/2020','DD/MM/YYYY'),'26');
Insert into D40_VENDITA (ID,CLIENTE_ID,PRODOTTO_ID,DATA,QUANTITA) values ('471','21','66',to_date('01/09/2020','DD/MM/YYYY'),'20');
Insert into D40_VENDITA (ID,CLIENTE_ID,PRODOTTO_ID,DATA,QUANTITA) values ('472','24','132',to_date('20/04/2021','DD/MM/YYYY'),'26');
Insert into D40_VENDITA (ID,CLIENTE_ID,PRODOTTO_ID,DATA,QUANTITA) values ('473','15','118',to_date('20/07/2021','DD/MM/YYYY'),'12');
Insert into D40_VENDITA (ID,CLIENTE_ID,PRODOTTO_ID,DATA,QUANTITA) values ('474','8','36',to_date('19/03/2021','DD/MM/YYYY'),'16');
Insert into D40_VENDITA (ID,CLIENTE_ID,PRODOTTO_ID,DATA,QUANTITA) values ('475','15','106',to_date('04/05/2021','DD/MM/YYYY'),'30');
Insert into D40_VENDITA (ID,CLIENTE_ID,PRODOTTO_ID,DATA,QUANTITA) values ('476','6','42',to_date('24/05/2021','DD/MM/YYYY'),'11');
Insert into D40_VENDITA (ID,CLIENTE_ID,PRODOTTO_ID,DATA,QUANTITA) values ('477','9','19',to_date('16/03/2021','DD/MM/YYYY'),'19');
Insert into D40_VENDITA (ID,CLIENTE_ID,PRODOTTO_ID,DATA,QUANTITA) values ('478','12','139',to_date('15/04/2021','DD/MM/YYYY'),'26');
Insert into D40_VENDITA (ID,CLIENTE_ID,PRODOTTO_ID,DATA,QUANTITA) values ('479','7','37',to_date('08/11/2020','DD/MM/YYYY'),'30');
Insert into D40_VENDITA (ID,CLIENTE_ID,PRODOTTO_ID,DATA,QUANTITA) values ('480','3','63',to_date('05/10/2020','DD/MM/YYYY'),'26');
Insert into D40_VENDITA (ID,CLIENTE_ID,PRODOTTO_ID,DATA,QUANTITA) values ('481','11','113',to_date('28/08/2020','DD/MM/YYYY'),'22');
Insert into D40_VENDITA (ID,CLIENTE_ID,PRODOTTO_ID,DATA,QUANTITA) values ('482','25','49',to_date('04/01/2021','DD/MM/YYYY'),'27');
Insert into D40_VENDITA (ID,CLIENTE_ID,PRODOTTO_ID,DATA,QUANTITA) values ('483','6','141',to_date('07/11/2020','DD/MM/YYYY'),'13');
Insert into D40_VENDITA (ID,CLIENTE_ID,PRODOTTO_ID,DATA,QUANTITA) values ('484','5','85',to_date('18/02/2021','DD/MM/YYYY'),'16');
Insert into D40_VENDITA (ID,CLIENTE_ID,PRODOTTO_ID,DATA,QUANTITA) values ('485','3','102',to_date('10/09/2020','DD/MM/YYYY'),'14');
Insert into D40_VENDITA (ID,CLIENTE_ID,PRODOTTO_ID,DATA,QUANTITA) values ('486','20','80',to_date('03/04/2021','DD/MM/YYYY'),'28');
Insert into D40_VENDITA (ID,CLIENTE_ID,PRODOTTO_ID,DATA,QUANTITA) values ('487','6','16',to_date('04/11/2020','DD/MM/YYYY'),'24');
Insert into D40_VENDITA (ID,CLIENTE_ID,PRODOTTO_ID,DATA,QUANTITA) values ('488','2','43',to_date('09/06/2021','DD/MM/YYYY'),'11');
Insert into D40_VENDITA (ID,CLIENTE_ID,PRODOTTO_ID,DATA,QUANTITA) values ('489','19','34',to_date('23/06/2021','DD/MM/YYYY'),'15');
Insert into D40_VENDITA (ID,CLIENTE_ID,PRODOTTO_ID,DATA,QUANTITA) values ('490','17','23',to_date('15/05/2021','DD/MM/YYYY'),'25');
Insert into D40_VENDITA (ID,CLIENTE_ID,PRODOTTO_ID,DATA,QUANTITA) values ('491','3','32',to_date('13/12/2020','DD/MM/YYYY'),'25');
Insert into D40_VENDITA (ID,CLIENTE_ID,PRODOTTO_ID,DATA,QUANTITA) values ('492','8','63',to_date('25/03/2021','DD/MM/YYYY'),'11');
Insert into D40_VENDITA (ID,CLIENTE_ID,PRODOTTO_ID,DATA,QUANTITA) values ('493','9','88',to_date('11/02/2021','DD/MM/YYYY'),'18');
Insert into D40_VENDITA (ID,CLIENTE_ID,PRODOTTO_ID,DATA,QUANTITA) values ('494','3','19',to_date('31/12/2020','DD/MM/YYYY'),'14');
Insert into D40_VENDITA (ID,CLIENTE_ID,PRODOTTO_ID,DATA,QUANTITA) values ('495','8','139',to_date('10/01/2021','DD/MM/YYYY'),'30');
Insert into D40_VENDITA (ID,CLIENTE_ID,PRODOTTO_ID,DATA,QUANTITA) values ('496','16','131',to_date('08/09/2020','DD/MM/YYYY'),'15');
Insert into D40_VENDITA (ID,CLIENTE_ID,PRODOTTO_ID,DATA,QUANTITA) values ('497','20','103',to_date('02/03/2021','DD/MM/YYYY'),'26');
Insert into D40_VENDITA (ID,CLIENTE_ID,PRODOTTO_ID,DATA,QUANTITA) values ('498','4','134',to_date('03/08/2020','DD/MM/YYYY'),'27');
Insert into D40_VENDITA (ID,CLIENTE_ID,PRODOTTO_ID,DATA,QUANTITA) values ('499','20','55',to_date('19/10/2020','DD/MM/YYYY'),'29');
Insert into D40_VENDITA (ID,CLIENTE_ID,PRODOTTO_ID,DATA,QUANTITA) values ('500','13','142',to_date('17/05/2021','DD/MM/YYYY'),'15');
Insert into D40_VENDITA (ID,CLIENTE_ID,PRODOTTO_ID,DATA,QUANTITA) values ('501','8','148',to_date('29/10/2020','DD/MM/YYYY'),'30');
Insert into D40_VENDITA (ID,CLIENTE_ID,PRODOTTO_ID,DATA,QUANTITA) values ('502','13','117',to_date('12/01/2021','DD/MM/YYYY'),'24');
Insert into D40_VENDITA (ID,CLIENTE_ID,PRODOTTO_ID,DATA,QUANTITA) values ('503','3','8',to_date('26/12/2020','DD/MM/YYYY'),'30');
Insert into D40_VENDITA (ID,CLIENTE_ID,PRODOTTO_ID,DATA,QUANTITA) values ('504','12','146',to_date('31/01/2021','DD/MM/YYYY'),'18');
Insert into D40_VENDITA (ID,CLIENTE_ID,PRODOTTO_ID,DATA,QUANTITA) values ('505','14','106',to_date('11/02/2021','DD/MM/YYYY'),'19');
Insert into D40_VENDITA (ID,CLIENTE_ID,PRODOTTO_ID,DATA,QUANTITA) values ('506','16','49',to_date('11/12/2020','DD/MM/YYYY'),'20');
Insert into D40_VENDITA (ID,CLIENTE_ID,PRODOTTO_ID,DATA,QUANTITA) values ('507','12','49',to_date('02/01/2021','DD/MM/YYYY'),'11');
Insert into D40_VENDITA (ID,CLIENTE_ID,PRODOTTO_ID,DATA,QUANTITA) values ('508','4','99',to_date('19/03/2021','DD/MM/YYYY'),'17');
Insert into D40_VENDITA (ID,CLIENTE_ID,PRODOTTO_ID,DATA,QUANTITA) values ('509','21','103',to_date('24/01/2021','DD/MM/YYYY'),'19');
Insert into D40_VENDITA (ID,CLIENTE_ID,PRODOTTO_ID,DATA,QUANTITA) values ('510','2','108',to_date('17/10/2020','DD/MM/YYYY'),'12');
Insert into D40_VENDITA (ID,CLIENTE_ID,PRODOTTO_ID,DATA,QUANTITA) values ('511','6','34',to_date('05/12/2020','DD/MM/YYYY'),'27');
Insert into D40_VENDITA (ID,CLIENTE_ID,PRODOTTO_ID,DATA,QUANTITA) values ('512','1','133',to_date('22/10/2020','DD/MM/YYYY'),'23');
Insert into D40_VENDITA (ID,CLIENTE_ID,PRODOTTO_ID,DATA,QUANTITA) values ('513','11','103',to_date('30/08/2020','DD/MM/YYYY'),'17');
Insert into D40_VENDITA (ID,CLIENTE_ID,PRODOTTO_ID,DATA,QUANTITA) values ('514','16','83',to_date('25/11/2020','DD/MM/YYYY'),'15');
Insert into D40_VENDITA (ID,CLIENTE_ID,PRODOTTO_ID,DATA,QUANTITA) values ('515','17','94',to_date('21/11/2020','DD/MM/YYYY'),'10');
Insert into D40_VENDITA (ID,CLIENTE_ID,PRODOTTO_ID,DATA,QUANTITA) values ('516','11','22',to_date('24/04/2021','DD/MM/YYYY'),'22');
Insert into D40_VENDITA (ID,CLIENTE_ID,PRODOTTO_ID,DATA,QUANTITA) values ('517','15','115',to_date('15/08/2020','DD/MM/YYYY'),'11');
Insert into D40_VENDITA (ID,CLIENTE_ID,PRODOTTO_ID,DATA,QUANTITA) values ('518','18','37',to_date('11/04/2021','DD/MM/YYYY'),'17');
Insert into D40_VENDITA (ID,CLIENTE_ID,PRODOTTO_ID,DATA,QUANTITA) values ('519','22','16',to_date('05/04/2021','DD/MM/YYYY'),'25');
Insert into D40_VENDITA (ID,CLIENTE_ID,PRODOTTO_ID,DATA,QUANTITA) values ('520','24','26',to_date('14/09/2020','DD/MM/YYYY'),'22');
Insert into D40_VENDITA (ID,CLIENTE_ID,PRODOTTO_ID,DATA,QUANTITA) values ('521','20','42',to_date('14/06/2021','DD/MM/YYYY'),'28');
Insert into D40_VENDITA (ID,CLIENTE_ID,PRODOTTO_ID,DATA,QUANTITA) values ('522','7','134',to_date('14/04/2021','DD/MM/YYYY'),'25');
Insert into D40_VENDITA (ID,CLIENTE_ID,PRODOTTO_ID,DATA,QUANTITA) values ('523','23','149',to_date('20/02/2021','DD/MM/YYYY'),'29');
Insert into D40_VENDITA (ID,CLIENTE_ID,PRODOTTO_ID,DATA,QUANTITA) values ('524','8','117',to_date('14/04/2021','DD/MM/YYYY'),'27');
Insert into D40_VENDITA (ID,CLIENTE_ID,PRODOTTO_ID,DATA,QUANTITA) values ('525','17','5',to_date('21/12/2020','DD/MM/YYYY'),'19');
Insert into D40_VENDITA (ID,CLIENTE_ID,PRODOTTO_ID,DATA,QUANTITA) values ('526','16','48',to_date('26/04/2021','DD/MM/YYYY'),'15');
Insert into D40_VENDITA (ID,CLIENTE_ID,PRODOTTO_ID,DATA,QUANTITA) values ('527','15','59',to_date('23/01/2021','DD/MM/YYYY'),'29');
Insert into D40_VENDITA (ID,CLIENTE_ID,PRODOTTO_ID,DATA,QUANTITA) values ('528','24','69',to_date('14/02/2021','DD/MM/YYYY'),'10');
Insert into D40_VENDITA (ID,CLIENTE_ID,PRODOTTO_ID,DATA,QUANTITA) values ('529','1','73',to_date('15/01/2021','DD/MM/YYYY'),'19');
Insert into D40_VENDITA (ID,CLIENTE_ID,PRODOTTO_ID,DATA,QUANTITA) values ('530','16','22',to_date('12/02/2021','DD/MM/YYYY'),'17');
Insert into D40_VENDITA (ID,CLIENTE_ID,PRODOTTO_ID,DATA,QUANTITA) values ('531','12','48',to_date('27/03/2021','DD/MM/YYYY'),'26');
Insert into D40_VENDITA (ID,CLIENTE_ID,PRODOTTO_ID,DATA,QUANTITA) values ('532','21','15',to_date('26/10/2020','DD/MM/YYYY'),'23');
Insert into D40_VENDITA (ID,CLIENTE_ID,PRODOTTO_ID,DATA,QUANTITA) values ('533','17','18',to_date('22/07/2020','DD/MM/YYYY'),'22');
Insert into D40_VENDITA (ID,CLIENTE_ID,PRODOTTO_ID,DATA,QUANTITA) values ('534','16','16',to_date('01/09/2020','DD/MM/YYYY'),'17');
Insert into D40_VENDITA (ID,CLIENTE_ID,PRODOTTO_ID,DATA,QUANTITA) values ('535','5','12',to_date('06/07/2021','DD/MM/YYYY'),'17');
Insert into D40_VENDITA (ID,CLIENTE_ID,PRODOTTO_ID,DATA,QUANTITA) values ('536','11','4',to_date('07/01/2021','DD/MM/YYYY'),'13');
Insert into D40_VENDITA (ID,CLIENTE_ID,PRODOTTO_ID,DATA,QUANTITA) values ('537','19','120',to_date('06/01/2021','DD/MM/YYYY'),'30');
Insert into D40_VENDITA (ID,CLIENTE_ID,PRODOTTO_ID,DATA,QUANTITA) values ('538','18','1',to_date('21/04/2021','DD/MM/YYYY'),'16');
Insert into D40_VENDITA (ID,CLIENTE_ID,PRODOTTO_ID,DATA,QUANTITA) values ('539','24','80',to_date('16/01/2021','DD/MM/YYYY'),'19');
Insert into D40_VENDITA (ID,CLIENTE_ID,PRODOTTO_ID,DATA,QUANTITA) values ('540','6','103',to_date('13/07/2021','DD/MM/YYYY'),'17');
Insert into D40_VENDITA (ID,CLIENTE_ID,PRODOTTO_ID,DATA,QUANTITA) values ('541','7','28',to_date('25/02/2021','DD/MM/YYYY'),'19');
Insert into D40_VENDITA (ID,CLIENTE_ID,PRODOTTO_ID,DATA,QUANTITA) values ('542','5','32',to_date('25/12/2020','DD/MM/YYYY'),'20');
Insert into D40_VENDITA (ID,CLIENTE_ID,PRODOTTO_ID,DATA,QUANTITA) values ('543','15','138',to_date('08/06/2021','DD/MM/YYYY'),'14');
Insert into D40_VENDITA (ID,CLIENTE_ID,PRODOTTO_ID,DATA,QUANTITA) values ('544','3','21',to_date('14/03/2021','DD/MM/YYYY'),'16');
Insert into D40_VENDITA (ID,CLIENTE_ID,PRODOTTO_ID,DATA,QUANTITA) values ('545','7','5',to_date('13/10/2020','DD/MM/YYYY'),'15');
Insert into D40_VENDITA (ID,CLIENTE_ID,PRODOTTO_ID,DATA,QUANTITA) values ('546','9','128',to_date('24/05/2021','DD/MM/YYYY'),'12');
Insert into D40_VENDITA (ID,CLIENTE_ID,PRODOTTO_ID,DATA,QUANTITA) values ('547','7','98',to_date('27/10/2020','DD/MM/YYYY'),'28');
Insert into D40_VENDITA (ID,CLIENTE_ID,PRODOTTO_ID,DATA,QUANTITA) values ('548','7','135',to_date('26/01/2021','DD/MM/YYYY'),'19');
Insert into D40_VENDITA (ID,CLIENTE_ID,PRODOTTO_ID,DATA,QUANTITA) values ('549','12','83',to_date('22/12/2020','DD/MM/YYYY'),'26');
Insert into D40_VENDITA (ID,CLIENTE_ID,PRODOTTO_ID,DATA,QUANTITA) values ('550','3','110',to_date('16/12/2020','DD/MM/YYYY'),'16');
Insert into D40_VENDITA (ID,CLIENTE_ID,PRODOTTO_ID,DATA,QUANTITA) values ('551','23','123',to_date('25/12/2020','DD/MM/YYYY'),'13');
Insert into D40_VENDITA (ID,CLIENTE_ID,PRODOTTO_ID,DATA,QUANTITA) values ('552','19','147',to_date('05/04/2021','DD/MM/YYYY'),'11');
Insert into D40_VENDITA (ID,CLIENTE_ID,PRODOTTO_ID,DATA,QUANTITA) values ('553','10','36',to_date('17/03/2021','DD/MM/YYYY'),'10');
Insert into D40_VENDITA (ID,CLIENTE_ID,PRODOTTO_ID,DATA,QUANTITA) values ('554','1','121',to_date('28/04/2021','DD/MM/YYYY'),'15');
Insert into D40_VENDITA (ID,CLIENTE_ID,PRODOTTO_ID,DATA,QUANTITA) values ('555','12','40',to_date('31/03/2021','DD/MM/YYYY'),'13');
Insert into D40_VENDITA (ID,CLIENTE_ID,PRODOTTO_ID,DATA,QUANTITA) values ('556','1','60',to_date('05/08/2020','DD/MM/YYYY'),'23');
Insert into D40_VENDITA (ID,CLIENTE_ID,PRODOTTO_ID,DATA,QUANTITA) values ('557','14','15',to_date('07/12/2020','DD/MM/YYYY'),'22');
Insert into D40_VENDITA (ID,CLIENTE_ID,PRODOTTO_ID,DATA,QUANTITA) values ('558','18','115',to_date('16/12/2020','DD/MM/YYYY'),'13');
Insert into D40_VENDITA (ID,CLIENTE_ID,PRODOTTO_ID,DATA,QUANTITA) values ('559','19','144',to_date('11/02/2021','DD/MM/YYYY'),'15');
Insert into D40_VENDITA (ID,CLIENTE_ID,PRODOTTO_ID,DATA,QUANTITA) values ('560','10','22',to_date('21/12/2020','DD/MM/YYYY'),'21');
Insert into D40_VENDITA (ID,CLIENTE_ID,PRODOTTO_ID,DATA,QUANTITA) values ('561','21','53',to_date('31/03/2021','DD/MM/YYYY'),'12');
Insert into D40_VENDITA (ID,CLIENTE_ID,PRODOTTO_ID,DATA,QUANTITA) values ('562','12','18',to_date('02/05/2021','DD/MM/YYYY'),'13');
Insert into D40_VENDITA (ID,CLIENTE_ID,PRODOTTO_ID,DATA,QUANTITA) values ('563','13','15',to_date('01/04/2021','DD/MM/YYYY'),'23');
Insert into D40_VENDITA (ID,CLIENTE_ID,PRODOTTO_ID,DATA,QUANTITA) values ('564','8','55',to_date('21/08/2020','DD/MM/YYYY'),'23');
Insert into D40_VENDITA (ID,CLIENTE_ID,PRODOTTO_ID,DATA,QUANTITA) values ('565','6','61',to_date('27/05/2021','DD/MM/YYYY'),'11');
Insert into D40_VENDITA (ID,CLIENTE_ID,PRODOTTO_ID,DATA,QUANTITA) values ('566','8','22',to_date('09/03/2021','DD/MM/YYYY'),'22');
Insert into D40_VENDITA (ID,CLIENTE_ID,PRODOTTO_ID,DATA,QUANTITA) values ('567','8','134',to_date('28/07/2021','DD/MM/YYYY'),'11');
Insert into D40_VENDITA (ID,CLIENTE_ID,PRODOTTO_ID,DATA,QUANTITA) values ('568','16','119',to_date('26/07/2020','DD/MM/YYYY'),'19');
Insert into D40_VENDITA (ID,CLIENTE_ID,PRODOTTO_ID,DATA,QUANTITA) values ('569','8','108',to_date('24/12/2020','DD/MM/YYYY'),'25');
Insert into D40_VENDITA (ID,CLIENTE_ID,PRODOTTO_ID,DATA,QUANTITA) values ('570','6','127',to_date('25/04/2021','DD/MM/YYYY'),'28');
Insert into D40_VENDITA (ID,CLIENTE_ID,PRODOTTO_ID,DATA,QUANTITA) values ('571','4','33',to_date('02/10/2020','DD/MM/YYYY'),'17');
Insert into D40_VENDITA (ID,CLIENTE_ID,PRODOTTO_ID,DATA,QUANTITA) values ('572','21','140',to_date('18/10/2020','DD/MM/YYYY'),'27');
Insert into D40_VENDITA (ID,CLIENTE_ID,PRODOTTO_ID,DATA,QUANTITA) values ('573','3','137',to_date('17/04/2021','DD/MM/YYYY'),'16');
Insert into D40_VENDITA (ID,CLIENTE_ID,PRODOTTO_ID,DATA,QUANTITA) values ('574','15','93',to_date('28/10/2020','DD/MM/YYYY'),'19');
Insert into D40_VENDITA (ID,CLIENTE_ID,PRODOTTO_ID,DATA,QUANTITA) values ('575','7','91',to_date('18/03/2021','DD/MM/YYYY'),'22');
Insert into D40_VENDITA (ID,CLIENTE_ID,PRODOTTO_ID,DATA,QUANTITA) values ('576','25','12',to_date('26/09/2020','DD/MM/YYYY'),'21');
Insert into D40_VENDITA (ID,CLIENTE_ID,PRODOTTO_ID,DATA,QUANTITA) values ('577','9','143',to_date('20/08/2020','DD/MM/YYYY'),'11');
Insert into D40_VENDITA (ID,CLIENTE_ID,PRODOTTO_ID,DATA,QUANTITA) values ('578','11','2',to_date('05/07/2021','DD/MM/YYYY'),'28');
Insert into D40_VENDITA (ID,CLIENTE_ID,PRODOTTO_ID,DATA,QUANTITA) values ('579','15','12',to_date('03/02/2021','DD/MM/YYYY'),'19');
Insert into D40_VENDITA (ID,CLIENTE_ID,PRODOTTO_ID,DATA,QUANTITA) values ('580','5','84',to_date('04/01/2021','DD/MM/YYYY'),'23');
Insert into D40_VENDITA (ID,CLIENTE_ID,PRODOTTO_ID,DATA,QUANTITA) values ('581','22','114',to_date('05/12/2020','DD/MM/YYYY'),'11');
Insert into D40_VENDITA (ID,CLIENTE_ID,PRODOTTO_ID,DATA,QUANTITA) values ('582','9','96',to_date('15/09/2020','DD/MM/YYYY'),'11');
Insert into D40_VENDITA (ID,CLIENTE_ID,PRODOTTO_ID,DATA,QUANTITA) values ('583','16','61',to_date('27/12/2020','DD/MM/YYYY'),'29');
Insert into D40_VENDITA (ID,CLIENTE_ID,PRODOTTO_ID,DATA,QUANTITA) values ('584','15','140',to_date('22/10/2020','DD/MM/YYYY'),'22');
Insert into D40_VENDITA (ID,CLIENTE_ID,PRODOTTO_ID,DATA,QUANTITA) values ('585','12','149',to_date('02/11/2020','DD/MM/YYYY'),'17');
Insert into D40_VENDITA (ID,CLIENTE_ID,PRODOTTO_ID,DATA,QUANTITA) values ('586','19','97',to_date('14/11/2020','DD/MM/YYYY'),'25');
Insert into D40_VENDITA (ID,CLIENTE_ID,PRODOTTO_ID,DATA,QUANTITA) values ('587','13','109',to_date('20/06/2021','DD/MM/YYYY'),'20');
Insert into D40_VENDITA (ID,CLIENTE_ID,PRODOTTO_ID,DATA,QUANTITA) values ('588','18','49',to_date('04/08/2021','DD/MM/YYYY'),'28');
Insert into D40_VENDITA (ID,CLIENTE_ID,PRODOTTO_ID,DATA,QUANTITA) values ('589','16','119',to_date('06/07/2021','DD/MM/YYYY'),'19');
Insert into D40_VENDITA (ID,CLIENTE_ID,PRODOTTO_ID,DATA,QUANTITA) values ('590','4','136',to_date('05/09/2020','DD/MM/YYYY'),'26');
Insert into D40_VENDITA (ID,CLIENTE_ID,PRODOTTO_ID,DATA,QUANTITA) values ('591','1','65',to_date('15/02/2021','DD/MM/YYYY'),'21');
Insert into D40_VENDITA (ID,CLIENTE_ID,PRODOTTO_ID,DATA,QUANTITA) values ('592','24','51',to_date('17/05/2021','DD/MM/YYYY'),'12');
Insert into D40_VENDITA (ID,CLIENTE_ID,PRODOTTO_ID,DATA,QUANTITA) values ('593','20','26',to_date('05/10/2020','DD/MM/YYYY'),'18');
Insert into D40_VENDITA (ID,CLIENTE_ID,PRODOTTO_ID,DATA,QUANTITA) values ('594','1','144',to_date('06/08/2020','DD/MM/YYYY'),'21');
Insert into D40_VENDITA (ID,CLIENTE_ID,PRODOTTO_ID,DATA,QUANTITA) values ('595','4','54',to_date('22/03/2021','DD/MM/YYYY'),'27');
Insert into D40_VENDITA (ID,CLIENTE_ID,PRODOTTO_ID,DATA,QUANTITA) values ('596','16','15',to_date('24/04/2021','DD/MM/YYYY'),'20');
Insert into D40_VENDITA (ID,CLIENTE_ID,PRODOTTO_ID,DATA,QUANTITA) values ('597','1','29',to_date('01/02/2021','DD/MM/YYYY'),'14');
Insert into D40_VENDITA (ID,CLIENTE_ID,PRODOTTO_ID,DATA,QUANTITA) values ('598','9','107',to_date('14/09/2020','DD/MM/YYYY'),'30');
Insert into D40_VENDITA (ID,CLIENTE_ID,PRODOTTO_ID,DATA,QUANTITA) values ('599','12','34',to_date('31/01/2021','DD/MM/YYYY'),'18');
Insert into D40_VENDITA (ID,CLIENTE_ID,PRODOTTO_ID,DATA,QUANTITA) values ('600','4','80',to_date('30/08/2020','DD/MM/YYYY'),'29');
Insert into D40_VENDITA (ID,CLIENTE_ID,PRODOTTO_ID,DATA,QUANTITA) values ('601','2','35',to_date('04/12/2020','DD/MM/YYYY'),'17');
Insert into D40_VENDITA (ID,CLIENTE_ID,PRODOTTO_ID,DATA,QUANTITA) values ('602','22','43',to_date('23/05/2021','DD/MM/YYYY'),'20');
Insert into D40_VENDITA (ID,CLIENTE_ID,PRODOTTO_ID,DATA,QUANTITA) values ('603','12','112',to_date('30/07/2020','DD/MM/YYYY'),'17');
Insert into D40_VENDITA (ID,CLIENTE_ID,PRODOTTO_ID,DATA,QUANTITA) values ('604','2','35',to_date('29/09/2020','DD/MM/YYYY'),'18');
Insert into D40_VENDITA (ID,CLIENTE_ID,PRODOTTO_ID,DATA,QUANTITA) values ('605','18','106',to_date('30/04/2021','DD/MM/YYYY'),'20');
Insert into D40_VENDITA (ID,CLIENTE_ID,PRODOTTO_ID,DATA,QUANTITA) values ('606','6','22',to_date('14/09/2020','DD/MM/YYYY'),'16');
Insert into D40_VENDITA (ID,CLIENTE_ID,PRODOTTO_ID,DATA,QUANTITA) values ('607','17','75',to_date('19/07/2021','DD/MM/YYYY'),'24');
Insert into D40_VENDITA (ID,CLIENTE_ID,PRODOTTO_ID,DATA,QUANTITA) values ('608','24','125',to_date('12/09/2020','DD/MM/YYYY'),'15');
Insert into D40_VENDITA (ID,CLIENTE_ID,PRODOTTO_ID,DATA,QUANTITA) values ('609','3','39',to_date('01/07/2021','DD/MM/YYYY'),'18');
Insert into D40_VENDITA (ID,CLIENTE_ID,PRODOTTO_ID,DATA,QUANTITA) values ('610','17','122',to_date('19/04/2021','DD/MM/YYYY'),'11');
Insert into D40_VENDITA (ID,CLIENTE_ID,PRODOTTO_ID,DATA,QUANTITA) values ('611','6','122',to_date('02/01/2021','DD/MM/YYYY'),'17');
Insert into D40_VENDITA (ID,CLIENTE_ID,PRODOTTO_ID,DATA,QUANTITA) values ('612','18','100',to_date('28/09/2020','DD/MM/YYYY'),'11');
Insert into D40_VENDITA (ID,CLIENTE_ID,PRODOTTO_ID,DATA,QUANTITA) values ('613','5','119',to_date('13/04/2021','DD/MM/YYYY'),'27');
Insert into D40_VENDITA (ID,CLIENTE_ID,PRODOTTO_ID,DATA,QUANTITA) values ('614','5','49',to_date('17/11/2020','DD/MM/YYYY'),'11');
Insert into D40_VENDITA (ID,CLIENTE_ID,PRODOTTO_ID,DATA,QUANTITA) values ('615','6','18',to_date('08/04/2021','DD/MM/YYYY'),'18');
Insert into D40_VENDITA (ID,CLIENTE_ID,PRODOTTO_ID,DATA,QUANTITA) values ('616','15','45',to_date('30/12/2020','DD/MM/YYYY'),'15');
Insert into D40_VENDITA (ID,CLIENTE_ID,PRODOTTO_ID,DATA,QUANTITA) values ('617','13','86',to_date('23/06/2021','DD/MM/YYYY'),'15');
Insert into D40_VENDITA (ID,CLIENTE_ID,PRODOTTO_ID,DATA,QUANTITA) values ('618','14','39',to_date('29/06/2021','DD/MM/YYYY'),'23');
Insert into D40_VENDITA (ID,CLIENTE_ID,PRODOTTO_ID,DATA,QUANTITA) values ('619','17','134',to_date('25/11/2020','DD/MM/YYYY'),'19');
Insert into D40_VENDITA (ID,CLIENTE_ID,PRODOTTO_ID,DATA,QUANTITA) values ('620','12','96',to_date('22/01/2021','DD/MM/YYYY'),'24');
Insert into D40_VENDITA (ID,CLIENTE_ID,PRODOTTO_ID,DATA,QUANTITA) values ('621','3','40',to_date('19/01/2021','DD/MM/YYYY'),'19');
Insert into D40_VENDITA (ID,CLIENTE_ID,PRODOTTO_ID,DATA,QUANTITA) values ('622','24','25',to_date('05/12/2020','DD/MM/YYYY'),'17');
Insert into D40_VENDITA (ID,CLIENTE_ID,PRODOTTO_ID,DATA,QUANTITA) values ('623','25','62',to_date('25/05/2021','DD/MM/YYYY'),'20');
Insert into D40_VENDITA (ID,CLIENTE_ID,PRODOTTO_ID,DATA,QUANTITA) values ('624','13','143',to_date('20/08/2020','DD/MM/YYYY'),'25');
Insert into D40_VENDITA (ID,CLIENTE_ID,PRODOTTO_ID,DATA,QUANTITA) values ('625','12','101',to_date('30/10/2020','DD/MM/YYYY'),'30');
Insert into D40_VENDITA (ID,CLIENTE_ID,PRODOTTO_ID,DATA,QUANTITA) values ('626','21','109',to_date('21/06/2021','DD/MM/YYYY'),'16');
Insert into D40_VENDITA (ID,CLIENTE_ID,PRODOTTO_ID,DATA,QUANTITA) values ('627','18','81',to_date('23/06/2021','DD/MM/YYYY'),'27');
Insert into D40_VENDITA (ID,CLIENTE_ID,PRODOTTO_ID,DATA,QUANTITA) values ('628','18','73',to_date('21/02/2021','DD/MM/YYYY'),'16');
Insert into D40_VENDITA (ID,CLIENTE_ID,PRODOTTO_ID,DATA,QUANTITA) values ('629','18','89',to_date('18/01/2021','DD/MM/YYYY'),'19');
Insert into D40_VENDITA (ID,CLIENTE_ID,PRODOTTO_ID,DATA,QUANTITA) values ('630','22','40',to_date('08/12/2020','DD/MM/YYYY'),'13');
Insert into D40_VENDITA (ID,CLIENTE_ID,PRODOTTO_ID,DATA,QUANTITA) values ('631','24','42',to_date('05/07/2021','DD/MM/YYYY'),'22');
Insert into D40_VENDITA (ID,CLIENTE_ID,PRODOTTO_ID,DATA,QUANTITA) values ('632','5','106',to_date('05/01/2021','DD/MM/YYYY'),'14');
Insert into D40_VENDITA (ID,CLIENTE_ID,PRODOTTO_ID,DATA,QUANTITA) values ('633','21','80',to_date('12/08/2020','DD/MM/YYYY'),'14');
Insert into D40_VENDITA (ID,CLIENTE_ID,PRODOTTO_ID,DATA,QUANTITA) values ('634','23','39',to_date('13/10/2020','DD/MM/YYYY'),'16');
Insert into D40_VENDITA (ID,CLIENTE_ID,PRODOTTO_ID,DATA,QUANTITA) values ('635','7','58',to_date('03/12/2020','DD/MM/YYYY'),'13');
Insert into D40_VENDITA (ID,CLIENTE_ID,PRODOTTO_ID,DATA,QUANTITA) values ('636','20','5',to_date('26/03/2021','DD/MM/YYYY'),'11');
Insert into D40_VENDITA (ID,CLIENTE_ID,PRODOTTO_ID,DATA,QUANTITA) values ('637','6','80',to_date('25/01/2021','DD/MM/YYYY'),'17');
Insert into D40_VENDITA (ID,CLIENTE_ID,PRODOTTO_ID,DATA,QUANTITA) values ('638','13','27',to_date('24/10/2020','DD/MM/YYYY'),'16');
Insert into D40_VENDITA (ID,CLIENTE_ID,PRODOTTO_ID,DATA,QUANTITA) values ('639','9','124',to_date('30/04/2021','DD/MM/YYYY'),'17');
Insert into D40_VENDITA (ID,CLIENTE_ID,PRODOTTO_ID,DATA,QUANTITA) values ('640','6','76',to_date('20/10/2020','DD/MM/YYYY'),'22');
Insert into D40_VENDITA (ID,CLIENTE_ID,PRODOTTO_ID,DATA,QUANTITA) values ('641','22','96',to_date('23/08/2020','DD/MM/YYYY'),'17');
Insert into D40_VENDITA (ID,CLIENTE_ID,PRODOTTO_ID,DATA,QUANTITA) values ('642','9','129',to_date('10/02/2021','DD/MM/YYYY'),'29');
Insert into D40_VENDITA (ID,CLIENTE_ID,PRODOTTO_ID,DATA,QUANTITA) values ('643','22','95',to_date('11/03/2021','DD/MM/YYYY'),'15');
Insert into D40_VENDITA (ID,CLIENTE_ID,PRODOTTO_ID,DATA,QUANTITA) values ('644','9','62',to_date('22/03/2021','DD/MM/YYYY'),'12');
Insert into D40_VENDITA (ID,CLIENTE_ID,PRODOTTO_ID,DATA,QUANTITA) values ('645','14','92',to_date('21/08/2020','DD/MM/YYYY'),'10');
Insert into D40_VENDITA (ID,CLIENTE_ID,PRODOTTO_ID,DATA,QUANTITA) values ('646','10','25',to_date('12/07/2020','DD/MM/YYYY'),'29');
Insert into D40_VENDITA (ID,CLIENTE_ID,PRODOTTO_ID,DATA,QUANTITA) values ('647','13','138',to_date('25/10/2020','DD/MM/YYYY'),'10');
Insert into D40_VENDITA (ID,CLIENTE_ID,PRODOTTO_ID,DATA,QUANTITA) values ('648','21','95',to_date('28/09/2020','DD/MM/YYYY'),'12');
Insert into D40_VENDITA (ID,CLIENTE_ID,PRODOTTO_ID,DATA,QUANTITA) values ('649','6','62',to_date('25/06/2021','DD/MM/YYYY'),'25');
Insert into D40_VENDITA (ID,CLIENTE_ID,PRODOTTO_ID,DATA,QUANTITA) values ('650','24','9',to_date('09/03/2021','DD/MM/YYYY'),'10');
Insert into D40_VENDITA (ID,CLIENTE_ID,PRODOTTO_ID,DATA,QUANTITA) values ('651','7','16',to_date('05/01/2021','DD/MM/YYYY'),'30');
Insert into D40_VENDITA (ID,CLIENTE_ID,PRODOTTO_ID,DATA,QUANTITA) values ('652','15','19',to_date('09/04/2021','DD/MM/YYYY'),'27');
Insert into D40_VENDITA (ID,CLIENTE_ID,PRODOTTO_ID,DATA,QUANTITA) values ('653','21','130',to_date('26/06/2021','DD/MM/YYYY'),'22');
Insert into D40_VENDITA (ID,CLIENTE_ID,PRODOTTO_ID,DATA,QUANTITA) values ('654','16','96',to_date('29/09/2020','DD/MM/YYYY'),'28');
Insert into D40_VENDITA (ID,CLIENTE_ID,PRODOTTO_ID,DATA,QUANTITA) values ('655','7','102',to_date('06/05/2021','DD/MM/YYYY'),'29');
Insert into D40_VENDITA (ID,CLIENTE_ID,PRODOTTO_ID,DATA,QUANTITA) values ('656','8','69',to_date('29/12/2020','DD/MM/YYYY'),'22');
Insert into D40_VENDITA (ID,CLIENTE_ID,PRODOTTO_ID,DATA,QUANTITA) values ('657','21','124',to_date('09/04/2021','DD/MM/YYYY'),'25');
Insert into D40_VENDITA (ID,CLIENTE_ID,PRODOTTO_ID,DATA,QUANTITA) values ('658','6','79',to_date('21/12/2020','DD/MM/YYYY'),'21');
Insert into D40_VENDITA (ID,CLIENTE_ID,PRODOTTO_ID,DATA,QUANTITA) values ('659','22','119',to_date('26/07/2020','DD/MM/YYYY'),'10');
Insert into D40_VENDITA (ID,CLIENTE_ID,PRODOTTO_ID,DATA,QUANTITA) values ('660','2','90',to_date('16/03/2021','DD/MM/YYYY'),'24');
Insert into D40_VENDITA (ID,CLIENTE_ID,PRODOTTO_ID,DATA,QUANTITA) values ('661','3','63',to_date('09/04/2021','DD/MM/YYYY'),'18');
Insert into D40_VENDITA (ID,CLIENTE_ID,PRODOTTO_ID,DATA,QUANTITA) values ('662','2','102',to_date('16/01/2021','DD/MM/YYYY'),'30');
Insert into D40_VENDITA (ID,CLIENTE_ID,PRODOTTO_ID,DATA,QUANTITA) values ('663','16','27',to_date('11/08/2020','DD/MM/YYYY'),'30');
Insert into D40_VENDITA (ID,CLIENTE_ID,PRODOTTO_ID,DATA,QUANTITA) values ('664','22','98',to_date('15/07/2021','DD/MM/YYYY'),'27');
Insert into D40_VENDITA (ID,CLIENTE_ID,PRODOTTO_ID,DATA,QUANTITA) values ('665','17','144',to_date('15/11/2020','DD/MM/YYYY'),'30');
Insert into D40_VENDITA (ID,CLIENTE_ID,PRODOTTO_ID,DATA,QUANTITA) values ('666','12','104',to_date('13/12/2020','DD/MM/YYYY'),'15');
Insert into D40_VENDITA (ID,CLIENTE_ID,PRODOTTO_ID,DATA,QUANTITA) values ('667','11','79',to_date('15/02/2021','DD/MM/YYYY'),'16');
Insert into D40_VENDITA (ID,CLIENTE_ID,PRODOTTO_ID,DATA,QUANTITA) values ('668','10','124',to_date('13/07/2021','DD/MM/YYYY'),'30');
Insert into D40_VENDITA (ID,CLIENTE_ID,PRODOTTO_ID,DATA,QUANTITA) values ('669','12','135',to_date('24/12/2020','DD/MM/YYYY'),'14');
Insert into D40_VENDITA (ID,CLIENTE_ID,PRODOTTO_ID,DATA,QUANTITA) values ('670','8','57',to_date('01/06/2021','DD/MM/YYYY'),'11');
Insert into D40_VENDITA (ID,CLIENTE_ID,PRODOTTO_ID,DATA,QUANTITA) values ('671','15','45',to_date('27/09/2020','DD/MM/YYYY'),'13');
Insert into D40_VENDITA (ID,CLIENTE_ID,PRODOTTO_ID,DATA,QUANTITA) values ('672','20','118',to_date('20/10/2020','DD/MM/YYYY'),'26');
Insert into D40_VENDITA (ID,CLIENTE_ID,PRODOTTO_ID,DATA,QUANTITA) values ('673','1','44',to_date('23/08/2020','DD/MM/YYYY'),'29');
Insert into D40_VENDITA (ID,CLIENTE_ID,PRODOTTO_ID,DATA,QUANTITA) values ('674','1','89',to_date('18/11/2020','DD/MM/YYYY'),'22');
Insert into D40_VENDITA (ID,CLIENTE_ID,PRODOTTO_ID,DATA,QUANTITA) values ('675','20','38',to_date('03/06/2021','DD/MM/YYYY'),'23');
Insert into D40_VENDITA (ID,CLIENTE_ID,PRODOTTO_ID,DATA,QUANTITA) values ('676','4','74',to_date('26/07/2020','DD/MM/YYYY'),'23');
Insert into D40_VENDITA (ID,CLIENTE_ID,PRODOTTO_ID,DATA,QUANTITA) values ('677','18','102',to_date('01/09/2020','DD/MM/YYYY'),'26');
Insert into D40_VENDITA (ID,CLIENTE_ID,PRODOTTO_ID,DATA,QUANTITA) values ('678','23','48',to_date('06/07/2021','DD/MM/YYYY'),'21');
Insert into D40_VENDITA (ID,CLIENTE_ID,PRODOTTO_ID,DATA,QUANTITA) values ('679','8','72',to_date('25/02/2021','DD/MM/YYYY'),'16');
Insert into D40_VENDITA (ID,CLIENTE_ID,PRODOTTO_ID,DATA,QUANTITA) values ('680','4','135',to_date('10/12/2020','DD/MM/YYYY'),'30');
Insert into D40_VENDITA (ID,CLIENTE_ID,PRODOTTO_ID,DATA,QUANTITA) values ('681','18','59',to_date('08/05/2021','DD/MM/YYYY'),'29');
Insert into D40_VENDITA (ID,CLIENTE_ID,PRODOTTO_ID,DATA,QUANTITA) values ('682','23','124',to_date('03/07/2021','DD/MM/YYYY'),'27');
Insert into D40_VENDITA (ID,CLIENTE_ID,PRODOTTO_ID,DATA,QUANTITA) values ('683','17','87',to_date('29/07/2020','DD/MM/YYYY'),'30');
Insert into D40_VENDITA (ID,CLIENTE_ID,PRODOTTO_ID,DATA,QUANTITA) values ('684','13','50',to_date('20/07/2021','DD/MM/YYYY'),'23');
Insert into D40_VENDITA (ID,CLIENTE_ID,PRODOTTO_ID,DATA,QUANTITA) values ('685','15','98',to_date('23/09/2020','DD/MM/YYYY'),'13');
Insert into D40_VENDITA (ID,CLIENTE_ID,PRODOTTO_ID,DATA,QUANTITA) values ('686','17','10',to_date('04/07/2021','DD/MM/YYYY'),'10');
Insert into D40_VENDITA (ID,CLIENTE_ID,PRODOTTO_ID,DATA,QUANTITA) values ('687','22','132',to_date('20/01/2021','DD/MM/YYYY'),'30');
Insert into D40_VENDITA (ID,CLIENTE_ID,PRODOTTO_ID,DATA,QUANTITA) values ('688','5','120',to_date('17/04/2021','DD/MM/YYYY'),'26');
Insert into D40_VENDITA (ID,CLIENTE_ID,PRODOTTO_ID,DATA,QUANTITA) values ('689','7','79',to_date('23/05/2021','DD/MM/YYYY'),'24');
Insert into D40_VENDITA (ID,CLIENTE_ID,PRODOTTO_ID,DATA,QUANTITA) values ('690','16','148',to_date('18/09/2020','DD/MM/YYYY'),'21');
Insert into D40_VENDITA (ID,CLIENTE_ID,PRODOTTO_ID,DATA,QUANTITA) values ('691','24','93',to_date('10/05/2021','DD/MM/YYYY'),'30');
Insert into D40_VENDITA (ID,CLIENTE_ID,PRODOTTO_ID,DATA,QUANTITA) values ('692','17','148',to_date('13/01/2021','DD/MM/YYYY'),'24');
Insert into D40_VENDITA (ID,CLIENTE_ID,PRODOTTO_ID,DATA,QUANTITA) values ('693','15','34',to_date('27/12/2020','DD/MM/YYYY'),'26');
Insert into D40_VENDITA (ID,CLIENTE_ID,PRODOTTO_ID,DATA,QUANTITA) values ('694','2','50',to_date('02/01/2021','DD/MM/YYYY'),'24');
Insert into D40_VENDITA (ID,CLIENTE_ID,PRODOTTO_ID,DATA,QUANTITA) values ('695','1','87',to_date('10/08/2020','DD/MM/YYYY'),'10');
Insert into D40_VENDITA (ID,CLIENTE_ID,PRODOTTO_ID,DATA,QUANTITA) values ('696','4','136',to_date('03/07/2021','DD/MM/YYYY'),'18');
Insert into D40_VENDITA (ID,CLIENTE_ID,PRODOTTO_ID,DATA,QUANTITA) values ('697','11','75',to_date('20/05/2021','DD/MM/YYYY'),'14');
Insert into D40_VENDITA (ID,CLIENTE_ID,PRODOTTO_ID,DATA,QUANTITA) values ('698','10','90',to_date('17/10/2020','DD/MM/YYYY'),'29');
Insert into D40_VENDITA (ID,CLIENTE_ID,PRODOTTO_ID,DATA,QUANTITA) values ('699','14','40',to_date('24/06/2021','DD/MM/YYYY'),'27');
Insert into D40_VENDITA (ID,CLIENTE_ID,PRODOTTO_ID,DATA,QUANTITA) values ('700','18','148',to_date('04/07/2021','DD/MM/YYYY'),'26');
Insert into D40_VENDITA (ID,CLIENTE_ID,PRODOTTO_ID,DATA,QUANTITA) values ('701','16','43',to_date('25/08/2020','DD/MM/YYYY'),'20');
Insert into D40_VENDITA (ID,CLIENTE_ID,PRODOTTO_ID,DATA,QUANTITA) values ('702','3','140',to_date('30/04/2021','DD/MM/YYYY'),'20');
Insert into D40_VENDITA (ID,CLIENTE_ID,PRODOTTO_ID,DATA,QUANTITA) values ('703','12','93',to_date('10/09/2020','DD/MM/YYYY'),'25');
Insert into D40_VENDITA (ID,CLIENTE_ID,PRODOTTO_ID,DATA,QUANTITA) values ('704','20','55',to_date('05/01/2021','DD/MM/YYYY'),'16');
Insert into D40_VENDITA (ID,CLIENTE_ID,PRODOTTO_ID,DATA,QUANTITA) values ('705','11','84',to_date('12/10/2020','DD/MM/YYYY'),'23');
Insert into D40_VENDITA (ID,CLIENTE_ID,PRODOTTO_ID,DATA,QUANTITA) values ('706','19','69',to_date('24/12/2020','DD/MM/YYYY'),'25');
Insert into D40_VENDITA (ID,CLIENTE_ID,PRODOTTO_ID,DATA,QUANTITA) values ('707','15','72',to_date('28/12/2020','DD/MM/YYYY'),'26');
Insert into D40_VENDITA (ID,CLIENTE_ID,PRODOTTO_ID,DATA,QUANTITA) values ('708','3','91',to_date('28/11/2020','DD/MM/YYYY'),'12');
Insert into D40_VENDITA (ID,CLIENTE_ID,PRODOTTO_ID,DATA,QUANTITA) values ('709','6','99',to_date('28/07/2020','DD/MM/YYYY'),'24');
Insert into D40_VENDITA (ID,CLIENTE_ID,PRODOTTO_ID,DATA,QUANTITA) values ('710','10','45',to_date('05/08/2020','DD/MM/YYYY'),'16');
Insert into D40_VENDITA (ID,CLIENTE_ID,PRODOTTO_ID,DATA,QUANTITA) values ('711','3','1',to_date('14/02/2021','DD/MM/YYYY'),'11');
Insert into D40_VENDITA (ID,CLIENTE_ID,PRODOTTO_ID,DATA,QUANTITA) values ('712','11','94',to_date('31/12/2020','DD/MM/YYYY'),'26');
Insert into D40_VENDITA (ID,CLIENTE_ID,PRODOTTO_ID,DATA,QUANTITA) values ('713','17','143',to_date('09/07/2021','DD/MM/YYYY'),'17');
Insert into D40_VENDITA (ID,CLIENTE_ID,PRODOTTO_ID,DATA,QUANTITA) values ('714','6','29',to_date('15/01/2021','DD/MM/YYYY'),'17');
Insert into D40_VENDITA (ID,CLIENTE_ID,PRODOTTO_ID,DATA,QUANTITA) values ('715','19','11',to_date('02/07/2021','DD/MM/YYYY'),'14');
Insert into D40_VENDITA (ID,CLIENTE_ID,PRODOTTO_ID,DATA,QUANTITA) values ('716','9','61',to_date('11/06/2021','DD/MM/YYYY'),'29');
Insert into D40_VENDITA (ID,CLIENTE_ID,PRODOTTO_ID,DATA,QUANTITA) values ('717','10','6',to_date('22/04/2021','DD/MM/YYYY'),'18');
Insert into D40_VENDITA (ID,CLIENTE_ID,PRODOTTO_ID,DATA,QUANTITA) values ('718','4','74',to_date('06/05/2021','DD/MM/YYYY'),'14');
Insert into D40_VENDITA (ID,CLIENTE_ID,PRODOTTO_ID,DATA,QUANTITA) values ('719','20','82',to_date('22/09/2020','DD/MM/YYYY'),'11');
Insert into D40_VENDITA (ID,CLIENTE_ID,PRODOTTO_ID,DATA,QUANTITA) values ('720','10','65',to_date('04/08/2020','DD/MM/YYYY'),'14');
Insert into D40_VENDITA (ID,CLIENTE_ID,PRODOTTO_ID,DATA,QUANTITA) values ('721','18','4',to_date('13/03/2021','DD/MM/YYYY'),'16');
Insert into D40_VENDITA (ID,CLIENTE_ID,PRODOTTO_ID,DATA,QUANTITA) values ('722','2','91',to_date('20/05/2021','DD/MM/YYYY'),'27');
Insert into D40_VENDITA (ID,CLIENTE_ID,PRODOTTO_ID,DATA,QUANTITA) values ('723','21','141',to_date('09/07/2021','DD/MM/YYYY'),'19');
Insert into D40_VENDITA (ID,CLIENTE_ID,PRODOTTO_ID,DATA,QUANTITA) values ('724','1','145',to_date('18/11/2020','DD/MM/YYYY'),'24');
Insert into D40_VENDITA (ID,CLIENTE_ID,PRODOTTO_ID,DATA,QUANTITA) values ('725','25','84',to_date('25/08/2020','DD/MM/YYYY'),'21');
Insert into D40_VENDITA (ID,CLIENTE_ID,PRODOTTO_ID,DATA,QUANTITA) values ('726','8','80',to_date('19/03/2021','DD/MM/YYYY'),'30');
Insert into D40_VENDITA (ID,CLIENTE_ID,PRODOTTO_ID,DATA,QUANTITA) values ('727','24','62',to_date('20/07/2020','DD/MM/YYYY'),'20');
Insert into D40_VENDITA (ID,CLIENTE_ID,PRODOTTO_ID,DATA,QUANTITA) values ('728','2','2',to_date('08/01/2021','DD/MM/YYYY'),'29');
Insert into D40_VENDITA (ID,CLIENTE_ID,PRODOTTO_ID,DATA,QUANTITA) values ('729','21','137',to_date('13/02/2021','DD/MM/YYYY'),'11');
Insert into D40_VENDITA (ID,CLIENTE_ID,PRODOTTO_ID,DATA,QUANTITA) values ('730','19','111',to_date('02/09/2020','DD/MM/YYYY'),'14');
Insert into D40_VENDITA (ID,CLIENTE_ID,PRODOTTO_ID,DATA,QUANTITA) values ('731','22','97',to_date('19/02/2021','DD/MM/YYYY'),'26');
Insert into D40_VENDITA (ID,CLIENTE_ID,PRODOTTO_ID,DATA,QUANTITA) values ('732','7','44',to_date('31/05/2021','DD/MM/YYYY'),'19');
Insert into D40_VENDITA (ID,CLIENTE_ID,PRODOTTO_ID,DATA,QUANTITA) values ('733','23','52',to_date('06/02/2021','DD/MM/YYYY'),'27');
Insert into D40_VENDITA (ID,CLIENTE_ID,PRODOTTO_ID,DATA,QUANTITA) values ('734','8','5',to_date('20/01/2021','DD/MM/YYYY'),'13');
Insert into D40_VENDITA (ID,CLIENTE_ID,PRODOTTO_ID,DATA,QUANTITA) values ('735','1','17',to_date('10/06/2021','DD/MM/YYYY'),'11');
Insert into D40_VENDITA (ID,CLIENTE_ID,PRODOTTO_ID,DATA,QUANTITA) values ('736','24','119',to_date('13/04/2021','DD/MM/YYYY'),'17');
Insert into D40_VENDITA (ID,CLIENTE_ID,PRODOTTO_ID,DATA,QUANTITA) values ('737','14','94',to_date('23/07/2020','DD/MM/YYYY'),'15');
Insert into D40_VENDITA (ID,CLIENTE_ID,PRODOTTO_ID,DATA,QUANTITA) values ('738','7','6',to_date('28/01/2021','DD/MM/YYYY'),'11');
Insert into D40_VENDITA (ID,CLIENTE_ID,PRODOTTO_ID,DATA,QUANTITA) values ('739','1','90',to_date('23/12/2020','DD/MM/YYYY'),'20');
Insert into D40_VENDITA (ID,CLIENTE_ID,PRODOTTO_ID,DATA,QUANTITA) values ('740','12','128',to_date('03/08/2020','DD/MM/YYYY'),'29');
Insert into D40_VENDITA (ID,CLIENTE_ID,PRODOTTO_ID,DATA,QUANTITA) values ('741','12','8',to_date('09/07/2021','DD/MM/YYYY'),'15');
Insert into D40_VENDITA (ID,CLIENTE_ID,PRODOTTO_ID,DATA,QUANTITA) values ('742','15','104',to_date('03/02/2021','DD/MM/YYYY'),'17');
Insert into D40_VENDITA (ID,CLIENTE_ID,PRODOTTO_ID,DATA,QUANTITA) values ('743','24','145',to_date('01/07/2021','DD/MM/YYYY'),'20');
Insert into D40_VENDITA (ID,CLIENTE_ID,PRODOTTO_ID,DATA,QUANTITA) values ('744','23','132',to_date('25/05/2021','DD/MM/YYYY'),'25');
Insert into D40_VENDITA (ID,CLIENTE_ID,PRODOTTO_ID,DATA,QUANTITA) values ('745','24','129',to_date('14/04/2021','DD/MM/YYYY'),'11');
Insert into D40_VENDITA (ID,CLIENTE_ID,PRODOTTO_ID,DATA,QUANTITA) values ('746','18','117',to_date('01/12/2020','DD/MM/YYYY'),'11');
Insert into D40_VENDITA (ID,CLIENTE_ID,PRODOTTO_ID,DATA,QUANTITA) values ('747','1','142',to_date('20/05/2021','DD/MM/YYYY'),'24');
Insert into D40_VENDITA (ID,CLIENTE_ID,PRODOTTO_ID,DATA,QUANTITA) values ('748','4','58',to_date('31/12/2020','DD/MM/YYYY'),'26');
Insert into D40_VENDITA (ID,CLIENTE_ID,PRODOTTO_ID,DATA,QUANTITA) values ('749','21','36',to_date('19/04/2021','DD/MM/YYYY'),'19');
Insert into D40_VENDITA (ID,CLIENTE_ID,PRODOTTO_ID,DATA,QUANTITA) values ('750','21','48',to_date('08/11/2020','DD/MM/YYYY'),'22');
Insert into D40_VENDITA (ID,CLIENTE_ID,PRODOTTO_ID,DATA,QUANTITA) values ('751','13','13',to_date('16/04/2021','DD/MM/YYYY'),'10');
Insert into D40_VENDITA (ID,CLIENTE_ID,PRODOTTO_ID,DATA,QUANTITA) values ('752','17','31',to_date('20/02/2021','DD/MM/YYYY'),'17');
Insert into D40_VENDITA (ID,CLIENTE_ID,PRODOTTO_ID,DATA,QUANTITA) values ('753','18','9',to_date('18/09/2020','DD/MM/YYYY'),'11');
Insert into D40_VENDITA (ID,CLIENTE_ID,PRODOTTO_ID,DATA,QUANTITA) values ('754','4','16',to_date('12/11/2020','DD/MM/YYYY'),'23');
Insert into D40_VENDITA (ID,CLIENTE_ID,PRODOTTO_ID,DATA,QUANTITA) values ('755','19','102',to_date('02/04/2021','DD/MM/YYYY'),'15');
Insert into D40_VENDITA (ID,CLIENTE_ID,PRODOTTO_ID,DATA,QUANTITA) values ('756','23','10',to_date('13/05/2021','DD/MM/YYYY'),'23');
Insert into D40_VENDITA (ID,CLIENTE_ID,PRODOTTO_ID,DATA,QUANTITA) values ('757','13','119',to_date('30/03/2021','DD/MM/YYYY'),'11');
Insert into D40_VENDITA (ID,CLIENTE_ID,PRODOTTO_ID,DATA,QUANTITA) values ('758','13','51',to_date('02/10/2020','DD/MM/YYYY'),'28');
Insert into D40_VENDITA (ID,CLIENTE_ID,PRODOTTO_ID,DATA,QUANTITA) values ('759','20','5',to_date('12/02/2021','DD/MM/YYYY'),'18');
Insert into D40_VENDITA (ID,CLIENTE_ID,PRODOTTO_ID,DATA,QUANTITA) values ('760','5','39',to_date('05/11/2020','DD/MM/YYYY'),'27');
Insert into D40_VENDITA (ID,CLIENTE_ID,PRODOTTO_ID,DATA,QUANTITA) values ('761','3','12',to_date('29/08/2020','DD/MM/YYYY'),'15');
Insert into D40_VENDITA (ID,CLIENTE_ID,PRODOTTO_ID,DATA,QUANTITA) values ('762','21','41',to_date('16/01/2021','DD/MM/YYYY'),'24');
Insert into D40_VENDITA (ID,CLIENTE_ID,PRODOTTO_ID,DATA,QUANTITA) values ('763','16','45',to_date('23/05/2021','DD/MM/YYYY'),'25');
Insert into D40_VENDITA (ID,CLIENTE_ID,PRODOTTO_ID,DATA,QUANTITA) values ('764','15','106',to_date('27/12/2020','DD/MM/YYYY'),'13');
Insert into D40_VENDITA (ID,CLIENTE_ID,PRODOTTO_ID,DATA,QUANTITA) values ('765','18','147',to_date('07/05/2021','DD/MM/YYYY'),'17');
Insert into D40_VENDITA (ID,CLIENTE_ID,PRODOTTO_ID,DATA,QUANTITA) values ('766','13','7',to_date('08/01/2021','DD/MM/YYYY'),'14');
Insert into D40_VENDITA (ID,CLIENTE_ID,PRODOTTO_ID,DATA,QUANTITA) values ('767','1','55',to_date('18/08/2020','DD/MM/YYYY'),'16');
Insert into D40_VENDITA (ID,CLIENTE_ID,PRODOTTO_ID,DATA,QUANTITA) values ('768','10','9',to_date('30/06/2021','DD/MM/YYYY'),'16');
Insert into D40_VENDITA (ID,CLIENTE_ID,PRODOTTO_ID,DATA,QUANTITA) values ('769','19','54',to_date('12/03/2021','DD/MM/YYYY'),'26');
Insert into D40_VENDITA (ID,CLIENTE_ID,PRODOTTO_ID,DATA,QUANTITA) values ('770','18','25',to_date('25/07/2020','DD/MM/YYYY'),'16');
Insert into D40_VENDITA (ID,CLIENTE_ID,PRODOTTO_ID,DATA,QUANTITA) values ('771','25','2',to_date('22/02/2021','DD/MM/YYYY'),'13');
Insert into D40_VENDITA (ID,CLIENTE_ID,PRODOTTO_ID,DATA,QUANTITA) values ('772','16','101',to_date('08/11/2020','DD/MM/YYYY'),'18');
Insert into D40_VENDITA (ID,CLIENTE_ID,PRODOTTO_ID,DATA,QUANTITA) values ('773','16','6',to_date('08/08/2020','DD/MM/YYYY'),'15');
Insert into D40_VENDITA (ID,CLIENTE_ID,PRODOTTO_ID,DATA,QUANTITA) values ('774','4','103',to_date('29/11/2020','DD/MM/YYYY'),'24');
Insert into D40_VENDITA (ID,CLIENTE_ID,PRODOTTO_ID,DATA,QUANTITA) values ('775','3','122',to_date('26/12/2020','DD/MM/YYYY'),'10');
Insert into D40_VENDITA (ID,CLIENTE_ID,PRODOTTO_ID,DATA,QUANTITA) values ('776','19','108',to_date('13/04/2021','DD/MM/YYYY'),'27');
Insert into D40_VENDITA (ID,CLIENTE_ID,PRODOTTO_ID,DATA,QUANTITA) values ('777','23','24',to_date('11/09/2020','DD/MM/YYYY'),'20');
Insert into D40_VENDITA (ID,CLIENTE_ID,PRODOTTO_ID,DATA,QUANTITA) values ('778','22','101',to_date('30/07/2020','DD/MM/YYYY'),'25');
Insert into D40_VENDITA (ID,CLIENTE_ID,PRODOTTO_ID,DATA,QUANTITA) values ('779','24','115',to_date('26/08/2020','DD/MM/YYYY'),'23');
Insert into D40_VENDITA (ID,CLIENTE_ID,PRODOTTO_ID,DATA,QUANTITA) values ('780','5','112',to_date('16/10/2020','DD/MM/YYYY'),'18');
Insert into D40_VENDITA (ID,CLIENTE_ID,PRODOTTO_ID,DATA,QUANTITA) values ('781','1','118',to_date('01/08/2020','DD/MM/YYYY'),'15');
Insert into D40_VENDITA (ID,CLIENTE_ID,PRODOTTO_ID,DATA,QUANTITA) values ('782','25','9',to_date('10/04/2021','DD/MM/YYYY'),'30');
Insert into D40_VENDITA (ID,CLIENTE_ID,PRODOTTO_ID,DATA,QUANTITA) values ('783','3','94',to_date('26/09/2020','DD/MM/YYYY'),'25');
Insert into D40_VENDITA (ID,CLIENTE_ID,PRODOTTO_ID,DATA,QUANTITA) values ('784','8','60',to_date('13/01/2021','DD/MM/YYYY'),'10');
Insert into D40_VENDITA (ID,CLIENTE_ID,PRODOTTO_ID,DATA,QUANTITA) values ('785','21','41',to_date('10/05/2021','DD/MM/YYYY'),'25');
Insert into D40_VENDITA (ID,CLIENTE_ID,PRODOTTO_ID,DATA,QUANTITA) values ('786','20','56',to_date('18/05/2021','DD/MM/YYYY'),'23');
Insert into D40_VENDITA (ID,CLIENTE_ID,PRODOTTO_ID,DATA,QUANTITA) values ('787','17','105',to_date('19/02/2021','DD/MM/YYYY'),'27');
Insert into D40_VENDITA (ID,CLIENTE_ID,PRODOTTO_ID,DATA,QUANTITA) values ('788','9','112',to_date('06/02/2021','DD/MM/YYYY'),'11');
Insert into D40_VENDITA (ID,CLIENTE_ID,PRODOTTO_ID,DATA,QUANTITA) values ('789','8','114',to_date('08/09/2020','DD/MM/YYYY'),'10');
Insert into D40_VENDITA (ID,CLIENTE_ID,PRODOTTO_ID,DATA,QUANTITA) values ('790','7','71',to_date('19/09/2020','DD/MM/YYYY'),'16');
Insert into D40_VENDITA (ID,CLIENTE_ID,PRODOTTO_ID,DATA,QUANTITA) values ('791','6','83',to_date('11/09/2020','DD/MM/YYYY'),'22');
Insert into D40_VENDITA (ID,CLIENTE_ID,PRODOTTO_ID,DATA,QUANTITA) values ('792','15','29',to_date('27/04/2021','DD/MM/YYYY'),'30');
Insert into D40_VENDITA (ID,CLIENTE_ID,PRODOTTO_ID,DATA,QUANTITA) values ('793','19','56',to_date('26/05/2021','DD/MM/YYYY'),'18');
Insert into D40_VENDITA (ID,CLIENTE_ID,PRODOTTO_ID,DATA,QUANTITA) values ('794','3','21',to_date('19/05/2021','DD/MM/YYYY'),'23');
Insert into D40_VENDITA (ID,CLIENTE_ID,PRODOTTO_ID,DATA,QUANTITA) values ('795','6','66',to_date('06/09/2020','DD/MM/YYYY'),'25');
Insert into D40_VENDITA (ID,CLIENTE_ID,PRODOTTO_ID,DATA,QUANTITA) values ('796','22','50',to_date('02/06/2021','DD/MM/YYYY'),'10');
Insert into D40_VENDITA (ID,CLIENTE_ID,PRODOTTO_ID,DATA,QUANTITA) values ('797','11','92',to_date('16/08/2020','DD/MM/YYYY'),'24');
Insert into D40_VENDITA (ID,CLIENTE_ID,PRODOTTO_ID,DATA,QUANTITA) values ('798','19','57',to_date('18/09/2020','DD/MM/YYYY'),'29');
Insert into D40_VENDITA (ID,CLIENTE_ID,PRODOTTO_ID,DATA,QUANTITA) values ('799','13','64',to_date('19/05/2021','DD/MM/YYYY'),'28');
Insert into D40_VENDITA (ID,CLIENTE_ID,PRODOTTO_ID,DATA,QUANTITA) values ('800','3','21',to_date('20/08/2020','DD/MM/YYYY'),'11');
Insert into D40_VENDITA (ID,CLIENTE_ID,PRODOTTO_ID,DATA,QUANTITA) values ('801','2','107',to_date('28/12/2020','DD/MM/YYYY'),'10');
Insert into D40_VENDITA (ID,CLIENTE_ID,PRODOTTO_ID,DATA,QUANTITA) values ('802','14','110',to_date('12/08/2020','DD/MM/YYYY'),'28');
Insert into D40_VENDITA (ID,CLIENTE_ID,PRODOTTO_ID,DATA,QUANTITA) values ('803','23','135',to_date('12/11/2020','DD/MM/YYYY'),'30');
Insert into D40_VENDITA (ID,CLIENTE_ID,PRODOTTO_ID,DATA,QUANTITA) values ('804','4','139',to_date('14/11/2020','DD/MM/YYYY'),'13');
Insert into D40_VENDITA (ID,CLIENTE_ID,PRODOTTO_ID,DATA,QUANTITA) values ('805','22','108',to_date('04/02/2021','DD/MM/YYYY'),'26');
Insert into D40_VENDITA (ID,CLIENTE_ID,PRODOTTO_ID,DATA,QUANTITA) values ('806','10','52',to_date('02/02/2021','DD/MM/YYYY'),'17');
Insert into D40_VENDITA (ID,CLIENTE_ID,PRODOTTO_ID,DATA,QUANTITA) values ('807','18','127',to_date('11/12/2020','DD/MM/YYYY'),'20');
Insert into D40_VENDITA (ID,CLIENTE_ID,PRODOTTO_ID,DATA,QUANTITA) values ('808','20','125',to_date('14/10/2020','DD/MM/YYYY'),'20');
Insert into D40_VENDITA (ID,CLIENTE_ID,PRODOTTO_ID,DATA,QUANTITA) values ('809','2','21',to_date('07/04/2021','DD/MM/YYYY'),'19');
Insert into D40_VENDITA (ID,CLIENTE_ID,PRODOTTO_ID,DATA,QUANTITA) values ('810','25','25',to_date('10/02/2021','DD/MM/YYYY'),'28');
Insert into D40_VENDITA (ID,CLIENTE_ID,PRODOTTO_ID,DATA,QUANTITA) values ('811','6','25',to_date('03/02/2021','DD/MM/YYYY'),'18');
Insert into D40_VENDITA (ID,CLIENTE_ID,PRODOTTO_ID,DATA,QUANTITA) values ('812','2','66',to_date('03/08/2020','DD/MM/YYYY'),'20');
Insert into D40_VENDITA (ID,CLIENTE_ID,PRODOTTO_ID,DATA,QUANTITA) values ('813','20','119',to_date('31/05/2021','DD/MM/YYYY'),'27');
Insert into D40_VENDITA (ID,CLIENTE_ID,PRODOTTO_ID,DATA,QUANTITA) values ('814','23','132',to_date('17/12/2020','DD/MM/YYYY'),'27');
Insert into D40_VENDITA (ID,CLIENTE_ID,PRODOTTO_ID,DATA,QUANTITA) values ('815','15','59',to_date('06/04/2021','DD/MM/YYYY'),'21');
Insert into D40_VENDITA (ID,CLIENTE_ID,PRODOTTO_ID,DATA,QUANTITA) values ('816','7','109',to_date('14/03/2021','DD/MM/YYYY'),'28');
Insert into D40_VENDITA (ID,CLIENTE_ID,PRODOTTO_ID,DATA,QUANTITA) values ('817','1','45',to_date('21/08/2020','DD/MM/YYYY'),'30');
Insert into D40_VENDITA (ID,CLIENTE_ID,PRODOTTO_ID,DATA,QUANTITA) values ('818','4','138',to_date('03/05/2021','DD/MM/YYYY'),'19');
Insert into D40_VENDITA (ID,CLIENTE_ID,PRODOTTO_ID,DATA,QUANTITA) values ('819','8','1',to_date('27/06/2021','DD/MM/YYYY'),'14');
Insert into D40_VENDITA (ID,CLIENTE_ID,PRODOTTO_ID,DATA,QUANTITA) values ('820','11','42',to_date('16/04/2021','DD/MM/YYYY'),'23');
Insert into D40_VENDITA (ID,CLIENTE_ID,PRODOTTO_ID,DATA,QUANTITA) values ('821','25','18',to_date('05/04/2021','DD/MM/YYYY'),'25');
Insert into D40_VENDITA (ID,CLIENTE_ID,PRODOTTO_ID,DATA,QUANTITA) values ('822','23','3',to_date('31/12/2020','DD/MM/YYYY'),'28');
Insert into D40_VENDITA (ID,CLIENTE_ID,PRODOTTO_ID,DATA,QUANTITA) values ('823','20','111',to_date('21/02/2021','DD/MM/YYYY'),'23');
Insert into D40_VENDITA (ID,CLIENTE_ID,PRODOTTO_ID,DATA,QUANTITA) values ('824','17','44',to_date('28/01/2021','DD/MM/YYYY'),'22');
Insert into D40_VENDITA (ID,CLIENTE_ID,PRODOTTO_ID,DATA,QUANTITA) values ('825','5','35',to_date('25/06/2021','DD/MM/YYYY'),'16');
Insert into D40_VENDITA (ID,CLIENTE_ID,PRODOTTO_ID,DATA,QUANTITA) values ('826','9','132',to_date('26/07/2020','DD/MM/YYYY'),'11');
Insert into D40_VENDITA (ID,CLIENTE_ID,PRODOTTO_ID,DATA,QUANTITA) values ('827','6','5',to_date('07/09/2020','DD/MM/YYYY'),'23');
Insert into D40_VENDITA (ID,CLIENTE_ID,PRODOTTO_ID,DATA,QUANTITA) values ('828','6','12',to_date('19/11/2020','DD/MM/YYYY'),'26');
Insert into D40_VENDITA (ID,CLIENTE_ID,PRODOTTO_ID,DATA,QUANTITA) values ('829','9','107',to_date('03/02/2021','DD/MM/YYYY'),'30');
Insert into D40_VENDITA (ID,CLIENTE_ID,PRODOTTO_ID,DATA,QUANTITA) values ('830','1','132',to_date('29/01/2021','DD/MM/YYYY'),'10');
Insert into D40_VENDITA (ID,CLIENTE_ID,PRODOTTO_ID,DATA,QUANTITA) values ('831','16','145',to_date('06/10/2020','DD/MM/YYYY'),'20');
Insert into D40_VENDITA (ID,CLIENTE_ID,PRODOTTO_ID,DATA,QUANTITA) values ('832','8','64',to_date('12/12/2020','DD/MM/YYYY'),'25');
Insert into D40_VENDITA (ID,CLIENTE_ID,PRODOTTO_ID,DATA,QUANTITA) values ('833','17','66',to_date('26/04/2021','DD/MM/YYYY'),'14');
Insert into D40_VENDITA (ID,CLIENTE_ID,PRODOTTO_ID,DATA,QUANTITA) values ('834','19','136',to_date('14/10/2020','DD/MM/YYYY'),'10');
Insert into D40_VENDITA (ID,CLIENTE_ID,PRODOTTO_ID,DATA,QUANTITA) values ('835','3','121',to_date('07/11/2020','DD/MM/YYYY'),'28');
Insert into D40_VENDITA (ID,CLIENTE_ID,PRODOTTO_ID,DATA,QUANTITA) values ('836','10','24',to_date('21/12/2020','DD/MM/YYYY'),'14');
Insert into D40_VENDITA (ID,CLIENTE_ID,PRODOTTO_ID,DATA,QUANTITA) values ('837','11','40',to_date('29/12/2020','DD/MM/YYYY'),'18');
Insert into D40_VENDITA (ID,CLIENTE_ID,PRODOTTO_ID,DATA,QUANTITA) values ('838','19','118',to_date('26/08/2020','DD/MM/YYYY'),'20');
Insert into D40_VENDITA (ID,CLIENTE_ID,PRODOTTO_ID,DATA,QUANTITA) values ('839','7','91',to_date('25/06/2021','DD/MM/YYYY'),'14');
Insert into D40_VENDITA (ID,CLIENTE_ID,PRODOTTO_ID,DATA,QUANTITA) values ('840','3','121',to_date('19/09/2020','DD/MM/YYYY'),'24');
Insert into D40_VENDITA (ID,CLIENTE_ID,PRODOTTO_ID,DATA,QUANTITA) values ('841','8','31',to_date('19/12/2020','DD/MM/YYYY'),'22');
Insert into D40_VENDITA (ID,CLIENTE_ID,PRODOTTO_ID,DATA,QUANTITA) values ('842','14','55',to_date('11/06/2021','DD/MM/YYYY'),'15');
Insert into D40_VENDITA (ID,CLIENTE_ID,PRODOTTO_ID,DATA,QUANTITA) values ('843','3','68',to_date('24/06/2021','DD/MM/YYYY'),'29');
Insert into D40_VENDITA (ID,CLIENTE_ID,PRODOTTO_ID,DATA,QUANTITA) values ('844','7','145',to_date('26/06/2021','DD/MM/YYYY'),'17');
Insert into D40_VENDITA (ID,CLIENTE_ID,PRODOTTO_ID,DATA,QUANTITA) values ('845','18','93',to_date('05/03/2021','DD/MM/YYYY'),'21');
Insert into D40_VENDITA (ID,CLIENTE_ID,PRODOTTO_ID,DATA,QUANTITA) values ('846','5','117',to_date('19/10/2020','DD/MM/YYYY'),'17');
Insert into D40_VENDITA (ID,CLIENTE_ID,PRODOTTO_ID,DATA,QUANTITA) values ('847','18','21',to_date('19/11/2020','DD/MM/YYYY'),'16');
Insert into D40_VENDITA (ID,CLIENTE_ID,PRODOTTO_ID,DATA,QUANTITA) values ('848','14','104',to_date('09/07/2021','DD/MM/YYYY'),'28');
Insert into D40_VENDITA (ID,CLIENTE_ID,PRODOTTO_ID,DATA,QUANTITA) values ('849','13','56',to_date('11/03/2021','DD/MM/YYYY'),'23');
Insert into D40_VENDITA (ID,CLIENTE_ID,PRODOTTO_ID,DATA,QUANTITA) values ('850','2','14',to_date('19/09/2020','DD/MM/YYYY'),'19');
Insert into D40_VENDITA (ID,CLIENTE_ID,PRODOTTO_ID,DATA,QUANTITA) values ('851','4','140',to_date('14/04/2021','DD/MM/YYYY'),'11');
Insert into D40_VENDITA (ID,CLIENTE_ID,PRODOTTO_ID,DATA,QUANTITA) values ('852','23','45',to_date('03/02/2021','DD/MM/YYYY'),'26');
Insert into D40_VENDITA (ID,CLIENTE_ID,PRODOTTO_ID,DATA,QUANTITA) values ('853','1','15',to_date('10/09/2020','DD/MM/YYYY'),'11');
Insert into D40_VENDITA (ID,CLIENTE_ID,PRODOTTO_ID,DATA,QUANTITA) values ('854','24','55',to_date('09/05/2021','DD/MM/YYYY'),'19');
Insert into D40_VENDITA (ID,CLIENTE_ID,PRODOTTO_ID,DATA,QUANTITA) values ('855','22','88',to_date('12/11/2020','DD/MM/YYYY'),'26');
Insert into D40_VENDITA (ID,CLIENTE_ID,PRODOTTO_ID,DATA,QUANTITA) values ('856','1','120',to_date('18/02/2021','DD/MM/YYYY'),'28');
Insert into D40_VENDITA (ID,CLIENTE_ID,PRODOTTO_ID,DATA,QUANTITA) values ('857','25','21',to_date('02/02/2021','DD/MM/YYYY'),'25');
Insert into D40_VENDITA (ID,CLIENTE_ID,PRODOTTO_ID,DATA,QUANTITA) values ('858','11','140',to_date('21/09/2020','DD/MM/YYYY'),'25');
Insert into D40_VENDITA (ID,CLIENTE_ID,PRODOTTO_ID,DATA,QUANTITA) values ('859','10','9',to_date('03/04/2021','DD/MM/YYYY'),'25');
Insert into D40_VENDITA (ID,CLIENTE_ID,PRODOTTO_ID,DATA,QUANTITA) values ('860','8','136',to_date('28/09/2020','DD/MM/YYYY'),'20');
Insert into D40_VENDITA (ID,CLIENTE_ID,PRODOTTO_ID,DATA,QUANTITA) values ('861','5','30',to_date('03/05/2021','DD/MM/YYYY'),'26');
Insert into D40_VENDITA (ID,CLIENTE_ID,PRODOTTO_ID,DATA,QUANTITA) values ('862','11','117',to_date('10/05/2021','DD/MM/YYYY'),'10');
Insert into D40_VENDITA (ID,CLIENTE_ID,PRODOTTO_ID,DATA,QUANTITA) values ('863','23','140',to_date('28/12/2020','DD/MM/YYYY'),'20');
Insert into D40_VENDITA (ID,CLIENTE_ID,PRODOTTO_ID,DATA,QUANTITA) values ('864','6','142',to_date('27/05/2021','DD/MM/YYYY'),'29');
Insert into D40_VENDITA (ID,CLIENTE_ID,PRODOTTO_ID,DATA,QUANTITA) values ('865','9','23',to_date('05/12/2020','DD/MM/YYYY'),'16');
Insert into D40_VENDITA (ID,CLIENTE_ID,PRODOTTO_ID,DATA,QUANTITA) values ('866','5','107',to_date('03/06/2021','DD/MM/YYYY'),'13');
Insert into D40_VENDITA (ID,CLIENTE_ID,PRODOTTO_ID,DATA,QUANTITA) values ('867','10','145',to_date('27/05/2021','DD/MM/YYYY'),'20');
Insert into D40_VENDITA (ID,CLIENTE_ID,PRODOTTO_ID,DATA,QUANTITA) values ('868','4','21',to_date('30/07/2020','DD/MM/YYYY'),'14');
Insert into D40_VENDITA (ID,CLIENTE_ID,PRODOTTO_ID,DATA,QUANTITA) values ('869','5','142',to_date('19/12/2020','DD/MM/YYYY'),'18');
Insert into D40_VENDITA (ID,CLIENTE_ID,PRODOTTO_ID,DATA,QUANTITA) values ('870','7','146',to_date('06/02/2021','DD/MM/YYYY'),'20');
Insert into D40_VENDITA (ID,CLIENTE_ID,PRODOTTO_ID,DATA,QUANTITA) values ('871','13','66',to_date('28/10/2020','DD/MM/YYYY'),'17');
Insert into D40_VENDITA (ID,CLIENTE_ID,PRODOTTO_ID,DATA,QUANTITA) values ('872','2','99',to_date('25/02/2021','DD/MM/YYYY'),'12');
Insert into D40_VENDITA (ID,CLIENTE_ID,PRODOTTO_ID,DATA,QUANTITA) values ('873','14','115',to_date('21/03/2021','DD/MM/YYYY'),'19');
Insert into D40_VENDITA (ID,CLIENTE_ID,PRODOTTO_ID,DATA,QUANTITA) values ('874','16','95',to_date('21/09/2020','DD/MM/YYYY'),'23');
Insert into D40_VENDITA (ID,CLIENTE_ID,PRODOTTO_ID,DATA,QUANTITA) values ('875','13','41',to_date('12/07/2021','DD/MM/YYYY'),'23');
Insert into D40_VENDITA (ID,CLIENTE_ID,PRODOTTO_ID,DATA,QUANTITA) values ('876','17','21',to_date('12/06/2021','DD/MM/YYYY'),'24');
Insert into D40_VENDITA (ID,CLIENTE_ID,PRODOTTO_ID,DATA,QUANTITA) values ('877','17','66',to_date('31/05/2021','DD/MM/YYYY'),'26');
Insert into D40_VENDITA (ID,CLIENTE_ID,PRODOTTO_ID,DATA,QUANTITA) values ('878','8','144',to_date('06/08/2021','DD/MM/YYYY'),'20');
Insert into D40_VENDITA (ID,CLIENTE_ID,PRODOTTO_ID,DATA,QUANTITA) values ('879','18','123',to_date('12/05/2021','DD/MM/YYYY'),'18');
Insert into D40_VENDITA (ID,CLIENTE_ID,PRODOTTO_ID,DATA,QUANTITA) values ('880','8','95',to_date('02/07/2021','DD/MM/YYYY'),'14');
Insert into D40_VENDITA (ID,CLIENTE_ID,PRODOTTO_ID,DATA,QUANTITA) values ('881','8','107',to_date('23/04/2021','DD/MM/YYYY'),'26');
Insert into D40_VENDITA (ID,CLIENTE_ID,PRODOTTO_ID,DATA,QUANTITA) values ('882','25','101',to_date('05/09/2020','DD/MM/YYYY'),'29');
Insert into D40_VENDITA (ID,CLIENTE_ID,PRODOTTO_ID,DATA,QUANTITA) values ('883','10','17',to_date('02/03/2021','DD/MM/YYYY'),'22');
Insert into D40_VENDITA (ID,CLIENTE_ID,PRODOTTO_ID,DATA,QUANTITA) values ('884','21','1',to_date('06/04/2021','DD/MM/YYYY'),'10');
Insert into D40_VENDITA (ID,CLIENTE_ID,PRODOTTO_ID,DATA,QUANTITA) values ('885','25','109',to_date('30/05/2021','DD/MM/YYYY'),'23');
Insert into D40_VENDITA (ID,CLIENTE_ID,PRODOTTO_ID,DATA,QUANTITA) values ('886','8','95',to_date('16/09/2020','DD/MM/YYYY'),'20');
Insert into D40_VENDITA (ID,CLIENTE_ID,PRODOTTO_ID,DATA,QUANTITA) values ('887','18','100',to_date('03/02/2021','DD/MM/YYYY'),'30');
Insert into D40_VENDITA (ID,CLIENTE_ID,PRODOTTO_ID,DATA,QUANTITA) values ('888','15','16',to_date('24/05/2021','DD/MM/YYYY'),'15');
Insert into D40_VENDITA (ID,CLIENTE_ID,PRODOTTO_ID,DATA,QUANTITA) values ('889','15','54',to_date('17/03/2021','DD/MM/YYYY'),'25');
Insert into D40_VENDITA (ID,CLIENTE_ID,PRODOTTO_ID,DATA,QUANTITA) values ('890','3','132',to_date('10/03/2021','DD/MM/YYYY'),'24');
Insert into D40_VENDITA (ID,CLIENTE_ID,PRODOTTO_ID,DATA,QUANTITA) values ('891','15','122',to_date('11/10/2020','DD/MM/YYYY'),'11');
Insert into D40_VENDITA (ID,CLIENTE_ID,PRODOTTO_ID,DATA,QUANTITA) values ('892','18','103',to_date('09/07/2021','DD/MM/YYYY'),'21');
Insert into D40_VENDITA (ID,CLIENTE_ID,PRODOTTO_ID,DATA,QUANTITA) values ('893','2','4',to_date('16/10/2020','DD/MM/YYYY'),'22');
Insert into D40_VENDITA (ID,CLIENTE_ID,PRODOTTO_ID,DATA,QUANTITA) values ('894','8','97',to_date('10/12/2020','DD/MM/YYYY'),'13');
Insert into D40_VENDITA (ID,CLIENTE_ID,PRODOTTO_ID,DATA,QUANTITA) values ('895','19','7',to_date('24/01/2021','DD/MM/YYYY'),'13');
Insert into D40_VENDITA (ID,CLIENTE_ID,PRODOTTO_ID,DATA,QUANTITA) values ('896','24','130',to_date('04/10/2020','DD/MM/YYYY'),'24');
Insert into D40_VENDITA (ID,CLIENTE_ID,PRODOTTO_ID,DATA,QUANTITA) values ('897','6','49',to_date('18/09/2020','DD/MM/YYYY'),'10');
Insert into D40_VENDITA (ID,CLIENTE_ID,PRODOTTO_ID,DATA,QUANTITA) values ('898','15','29',to_date('27/11/2020','DD/MM/YYYY'),'27');
Insert into D40_VENDITA (ID,CLIENTE_ID,PRODOTTO_ID,DATA,QUANTITA) values ('899','20','41',to_date('09/02/2021','DD/MM/YYYY'),'14');
Insert into D40_VENDITA (ID,CLIENTE_ID,PRODOTTO_ID,DATA,QUANTITA) values ('900','19','141',to_date('22/02/2021','DD/MM/YYYY'),'29');
Insert into D40_VENDITA (ID,CLIENTE_ID,PRODOTTO_ID,DATA,QUANTITA) values ('901','3','72',to_date('07/03/2021','DD/MM/YYYY'),'25');
Insert into D40_VENDITA (ID,CLIENTE_ID,PRODOTTO_ID,DATA,QUANTITA) values ('902','14','62',to_date('27/06/2021','DD/MM/YYYY'),'29');
Insert into D40_VENDITA (ID,CLIENTE_ID,PRODOTTO_ID,DATA,QUANTITA) values ('903','8','131',to_date('11/02/2021','DD/MM/YYYY'),'25');
Insert into D40_VENDITA (ID,CLIENTE_ID,PRODOTTO_ID,DATA,QUANTITA) values ('904','10','132',to_date('10/02/2021','DD/MM/YYYY'),'29');
Insert into D40_VENDITA (ID,CLIENTE_ID,PRODOTTO_ID,DATA,QUANTITA) values ('905','19','32',to_date('07/02/2021','DD/MM/YYYY'),'28');
Insert into D40_VENDITA (ID,CLIENTE_ID,PRODOTTO_ID,DATA,QUANTITA) values ('906','12','80',to_date('07/10/2020','DD/MM/YYYY'),'19');
Insert into D40_VENDITA (ID,CLIENTE_ID,PRODOTTO_ID,DATA,QUANTITA) values ('907','2','61',to_date('05/01/2021','DD/MM/YYYY'),'21');
Insert into D40_VENDITA (ID,CLIENTE_ID,PRODOTTO_ID,DATA,QUANTITA) values ('908','7','120',to_date('19/12/2020','DD/MM/YYYY'),'19');
Insert into D40_VENDITA (ID,CLIENTE_ID,PRODOTTO_ID,DATA,QUANTITA) values ('909','7','108',to_date('01/04/2021','DD/MM/YYYY'),'20');
Insert into D40_VENDITA (ID,CLIENTE_ID,PRODOTTO_ID,DATA,QUANTITA) values ('910','18','89',to_date('02/03/2021','DD/MM/YYYY'),'11');
Insert into D40_VENDITA (ID,CLIENTE_ID,PRODOTTO_ID,DATA,QUANTITA) values ('911','19','120',to_date('28/02/2021','DD/MM/YYYY'),'18');
Insert into D40_VENDITA (ID,CLIENTE_ID,PRODOTTO_ID,DATA,QUANTITA) values ('912','16','15',to_date('09/09/2020','DD/MM/YYYY'),'21');
Insert into D40_VENDITA (ID,CLIENTE_ID,PRODOTTO_ID,DATA,QUANTITA) values ('913','5','81',to_date('24/01/2021','DD/MM/YYYY'),'17');
Insert into D40_VENDITA (ID,CLIENTE_ID,PRODOTTO_ID,DATA,QUANTITA) values ('914','15','109',to_date('19/09/2020','DD/MM/YYYY'),'27');
Insert into D40_VENDITA (ID,CLIENTE_ID,PRODOTTO_ID,DATA,QUANTITA) values ('915','1','87',to_date('31/10/2020','DD/MM/YYYY'),'12');
Insert into D40_VENDITA (ID,CLIENTE_ID,PRODOTTO_ID,DATA,QUANTITA) values ('916','10','104',to_date('21/05/2021','DD/MM/YYYY'),'21');
Insert into D40_VENDITA (ID,CLIENTE_ID,PRODOTTO_ID,DATA,QUANTITA) values ('917','25','2',to_date('07/11/2020','DD/MM/YYYY'),'17');
Insert into D40_VENDITA (ID,CLIENTE_ID,PRODOTTO_ID,DATA,QUANTITA) values ('918','21','101',to_date('02/02/2021','DD/MM/YYYY'),'27');
Insert into D40_VENDITA (ID,CLIENTE_ID,PRODOTTO_ID,DATA,QUANTITA) values ('919','9','12',to_date('07/10/2020','DD/MM/YYYY'),'24');
Insert into D40_VENDITA (ID,CLIENTE_ID,PRODOTTO_ID,DATA,QUANTITA) values ('920','13','52',to_date('09/06/2021','DD/MM/YYYY'),'22');
Insert into D40_VENDITA (ID,CLIENTE_ID,PRODOTTO_ID,DATA,QUANTITA) values ('921','24','12',to_date('04/05/2021','DD/MM/YYYY'),'11');
Insert into D40_VENDITA (ID,CLIENTE_ID,PRODOTTO_ID,DATA,QUANTITA) values ('922','19','91',to_date('04/07/2021','DD/MM/YYYY'),'10');
Insert into D40_VENDITA (ID,CLIENTE_ID,PRODOTTO_ID,DATA,QUANTITA) values ('923','5','78',to_date('10/07/2021','DD/MM/YYYY'),'22');
Insert into D40_VENDITA (ID,CLIENTE_ID,PRODOTTO_ID,DATA,QUANTITA) values ('924','6','130',to_date('01/02/2021','DD/MM/YYYY'),'26');
Insert into D40_VENDITA (ID,CLIENTE_ID,PRODOTTO_ID,DATA,QUANTITA) values ('925','5','101',to_date('10/04/2021','DD/MM/YYYY'),'13');
Insert into D40_VENDITA (ID,CLIENTE_ID,PRODOTTO_ID,DATA,QUANTITA) values ('926','9','117',to_date('03/06/2021','DD/MM/YYYY'),'14');
Insert into D40_VENDITA (ID,CLIENTE_ID,PRODOTTO_ID,DATA,QUANTITA) values ('927','8','122',to_date('21/08/2020','DD/MM/YYYY'),'21');
Insert into D40_VENDITA (ID,CLIENTE_ID,PRODOTTO_ID,DATA,QUANTITA) values ('928','20','75',to_date('16/06/2021','DD/MM/YYYY'),'20');
Insert into D40_VENDITA (ID,CLIENTE_ID,PRODOTTO_ID,DATA,QUANTITA) values ('929','2','49',to_date('31/05/2021','DD/MM/YYYY'),'12');
Insert into D40_VENDITA (ID,CLIENTE_ID,PRODOTTO_ID,DATA,QUANTITA) values ('930','12','112',to_date('31/12/2020','DD/MM/YYYY'),'28');
Insert into D40_VENDITA (ID,CLIENTE_ID,PRODOTTO_ID,DATA,QUANTITA) values ('931','2','108',to_date('03/07/2021','DD/MM/YYYY'),'10');
Insert into D40_VENDITA (ID,CLIENTE_ID,PRODOTTO_ID,DATA,QUANTITA) values ('932','24','7',to_date('21/08/2020','DD/MM/YYYY'),'22');
Insert into D40_VENDITA (ID,CLIENTE_ID,PRODOTTO_ID,DATA,QUANTITA) values ('933','5','66',to_date('05/02/2021','DD/MM/YYYY'),'11');
Insert into D40_VENDITA (ID,CLIENTE_ID,PRODOTTO_ID,DATA,QUANTITA) values ('934','16','132',to_date('07/05/2021','DD/MM/YYYY'),'24');
Insert into D40_VENDITA (ID,CLIENTE_ID,PRODOTTO_ID,DATA,QUANTITA) values ('935','15','136',to_date('20/05/2021','DD/MM/YYYY'),'25');
Insert into D40_VENDITA (ID,CLIENTE_ID,PRODOTTO_ID,DATA,QUANTITA) values ('936','19','140',to_date('10/10/2020','DD/MM/YYYY'),'25');
Insert into D40_VENDITA (ID,CLIENTE_ID,PRODOTTO_ID,DATA,QUANTITA) values ('937','6','82',to_date('15/07/2021','DD/MM/YYYY'),'17');
Insert into D40_VENDITA (ID,CLIENTE_ID,PRODOTTO_ID,DATA,QUANTITA) values ('938','19','78',to_date('18/10/2020','DD/MM/YYYY'),'27');
Insert into D40_VENDITA (ID,CLIENTE_ID,PRODOTTO_ID,DATA,QUANTITA) values ('939','6','107',to_date('20/08/2020','DD/MM/YYYY'),'22');
Insert into D40_VENDITA (ID,CLIENTE_ID,PRODOTTO_ID,DATA,QUANTITA) values ('940','23','14',to_date('28/08/2020','DD/MM/YYYY'),'27');
Insert into D40_VENDITA (ID,CLIENTE_ID,PRODOTTO_ID,DATA,QUANTITA) values ('941','12','31',to_date('11/11/2020','DD/MM/YYYY'),'21');
Insert into D40_VENDITA (ID,CLIENTE_ID,PRODOTTO_ID,DATA,QUANTITA) values ('942','23','56',to_date('19/10/2020','DD/MM/YYYY'),'19');
Insert into D40_VENDITA (ID,CLIENTE_ID,PRODOTTO_ID,DATA,QUANTITA) values ('943','21','15',to_date('15/04/2021','DD/MM/YYYY'),'23');
Insert into D40_VENDITA (ID,CLIENTE_ID,PRODOTTO_ID,DATA,QUANTITA) values ('944','16','83',to_date('21/07/2020','DD/MM/YYYY'),'26');
Insert into D40_VENDITA (ID,CLIENTE_ID,PRODOTTO_ID,DATA,QUANTITA) values ('945','3','42',to_date('28/12/2020','DD/MM/YYYY'),'13');
Insert into D40_VENDITA (ID,CLIENTE_ID,PRODOTTO_ID,DATA,QUANTITA) values ('946','9','66',to_date('05/02/2021','DD/MM/YYYY'),'10');
Insert into D40_VENDITA (ID,CLIENTE_ID,PRODOTTO_ID,DATA,QUANTITA) values ('947','25','60',to_date('28/03/2021','DD/MM/YYYY'),'13');
Insert into D40_VENDITA (ID,CLIENTE_ID,PRODOTTO_ID,DATA,QUANTITA) values ('948','2','7',to_date('10/09/2020','DD/MM/YYYY'),'14');
Insert into D40_VENDITA (ID,CLIENTE_ID,PRODOTTO_ID,DATA,QUANTITA) values ('949','23','20',to_date('01/02/2021','DD/MM/YYYY'),'22');
Insert into D40_VENDITA (ID,CLIENTE_ID,PRODOTTO_ID,DATA,QUANTITA) values ('950','15','59',to_date('02/07/2021','DD/MM/YYYY'),'10');
Insert into D40_VENDITA (ID,CLIENTE_ID,PRODOTTO_ID,DATA,QUANTITA) values ('951','23','29',to_date('25/04/2021','DD/MM/YYYY'),'25');
Insert into D40_VENDITA (ID,CLIENTE_ID,PRODOTTO_ID,DATA,QUANTITA) values ('952','17','51',to_date('07/10/2020','DD/MM/YYYY'),'20');
Insert into D40_VENDITA (ID,CLIENTE_ID,PRODOTTO_ID,DATA,QUANTITA) values ('953','15','149',to_date('27/01/2021','DD/MM/YYYY'),'24');
Insert into D40_VENDITA (ID,CLIENTE_ID,PRODOTTO_ID,DATA,QUANTITA) values ('954','5','7',to_date('09/01/2021','DD/MM/YYYY'),'18');
Insert into D40_VENDITA (ID,CLIENTE_ID,PRODOTTO_ID,DATA,QUANTITA) values ('955','19','144',to_date('02/01/2021','DD/MM/YYYY'),'19');
Insert into D40_VENDITA (ID,CLIENTE_ID,PRODOTTO_ID,DATA,QUANTITA) values ('956','16','92',to_date('13/02/2021','DD/MM/YYYY'),'30');
Insert into D40_VENDITA (ID,CLIENTE_ID,PRODOTTO_ID,DATA,QUANTITA) values ('957','12','75',to_date('18/12/2020','DD/MM/YYYY'),'26');
Insert into D40_VENDITA (ID,CLIENTE_ID,PRODOTTO_ID,DATA,QUANTITA) values ('958','4','146',to_date('20/07/2021','DD/MM/YYYY'),'10');
Insert into D40_VENDITA (ID,CLIENTE_ID,PRODOTTO_ID,DATA,QUANTITA) values ('959','25','59',to_date('02/12/2020','DD/MM/YYYY'),'19');
Insert into D40_VENDITA (ID,CLIENTE_ID,PRODOTTO_ID,DATA,QUANTITA) values ('960','18','111',to_date('09/11/2020','DD/MM/YYYY'),'27');
Insert into D40_VENDITA (ID,CLIENTE_ID,PRODOTTO_ID,DATA,QUANTITA) values ('961','10','29',to_date('09/01/2021','DD/MM/YYYY'),'22');
Insert into D40_VENDITA (ID,CLIENTE_ID,PRODOTTO_ID,DATA,QUANTITA) values ('962','23','139',to_date('14/12/2020','DD/MM/YYYY'),'13');
Insert into D40_VENDITA (ID,CLIENTE_ID,PRODOTTO_ID,DATA,QUANTITA) values ('963','14','43',to_date('16/09/2020','DD/MM/YYYY'),'27');
Insert into D40_VENDITA (ID,CLIENTE_ID,PRODOTTO_ID,DATA,QUANTITA) values ('964','17','29',to_date('05/06/2021','DD/MM/YYYY'),'14');
Insert into D40_VENDITA (ID,CLIENTE_ID,PRODOTTO_ID,DATA,QUANTITA) values ('965','3','124',to_date('02/07/2021','DD/MM/YYYY'),'29');
Insert into D40_VENDITA (ID,CLIENTE_ID,PRODOTTO_ID,DATA,QUANTITA) values ('966','15','49',to_date('24/06/2021','DD/MM/YYYY'),'28');
Insert into D40_VENDITA (ID,CLIENTE_ID,PRODOTTO_ID,DATA,QUANTITA) values ('967','5','140',to_date('16/11/2020','DD/MM/YYYY'),'27');
Insert into D40_VENDITA (ID,CLIENTE_ID,PRODOTTO_ID,DATA,QUANTITA) values ('968','16','59',to_date('25/06/2021','DD/MM/YYYY'),'12');
Insert into D40_VENDITA (ID,CLIENTE_ID,PRODOTTO_ID,DATA,QUANTITA) values ('969','9','44',to_date('16/07/2020','DD/MM/YYYY'),'10');
Insert into D40_VENDITA (ID,CLIENTE_ID,PRODOTTO_ID,DATA,QUANTITA) values ('970','12','64',to_date('30/11/2020','DD/MM/YYYY'),'14');
Insert into D40_VENDITA (ID,CLIENTE_ID,PRODOTTO_ID,DATA,QUANTITA) values ('971','11','138',to_date('21/02/2021','DD/MM/YYYY'),'17');
Insert into D40_VENDITA (ID,CLIENTE_ID,PRODOTTO_ID,DATA,QUANTITA) values ('972','1','63',to_date('26/01/2021','DD/MM/YYYY'),'17');
Insert into D40_VENDITA (ID,CLIENTE_ID,PRODOTTO_ID,DATA,QUANTITA) values ('973','25','27',to_date('13/10/2020','DD/MM/YYYY'),'22');
Insert into D40_VENDITA (ID,CLIENTE_ID,PRODOTTO_ID,DATA,QUANTITA) values ('974','1','136',to_date('11/07/2021','DD/MM/YYYY'),'25');
Insert into D40_VENDITA (ID,CLIENTE_ID,PRODOTTO_ID,DATA,QUANTITA) values ('975','7','56',to_date('06/12/2020','DD/MM/YYYY'),'13');
Insert into D40_VENDITA (ID,CLIENTE_ID,PRODOTTO_ID,DATA,QUANTITA) values ('976','2','61',to_date('12/05/2021','DD/MM/YYYY'),'30');
Insert into D40_VENDITA (ID,CLIENTE_ID,PRODOTTO_ID,DATA,QUANTITA) values ('977','1','98',to_date('15/12/2020','DD/MM/YYYY'),'25');
Insert into D40_VENDITA (ID,CLIENTE_ID,PRODOTTO_ID,DATA,QUANTITA) values ('978','13','31',to_date('06/05/2021','DD/MM/YYYY'),'20');
Insert into D40_VENDITA (ID,CLIENTE_ID,PRODOTTO_ID,DATA,QUANTITA) values ('979','5','3',to_date('03/01/2021','DD/MM/YYYY'),'28');
Insert into D40_VENDITA (ID,CLIENTE_ID,PRODOTTO_ID,DATA,QUANTITA) values ('980','5','50',to_date('21/11/2020','DD/MM/YYYY'),'19');
Insert into D40_VENDITA (ID,CLIENTE_ID,PRODOTTO_ID,DATA,QUANTITA) values ('981','9','42',to_date('17/06/2021','DD/MM/YYYY'),'29');
Insert into D40_VENDITA (ID,CLIENTE_ID,PRODOTTO_ID,DATA,QUANTITA) values ('982','17','128',to_date('17/07/2021','DD/MM/YYYY'),'27');
Insert into D40_VENDITA (ID,CLIENTE_ID,PRODOTTO_ID,DATA,QUANTITA) values ('983','14','78',to_date('25/01/2021','DD/MM/YYYY'),'21');
Insert into D40_VENDITA (ID,CLIENTE_ID,PRODOTTO_ID,DATA,QUANTITA) values ('984','1','76',to_date('18/09/2020','DD/MM/YYYY'),'18');
Insert into D40_VENDITA (ID,CLIENTE_ID,PRODOTTO_ID,DATA,QUANTITA) values ('985','15','146',to_date('05/11/2020','DD/MM/YYYY'),'15');
Insert into D40_VENDITA (ID,CLIENTE_ID,PRODOTTO_ID,DATA,QUANTITA) values ('986','15','45',to_date('11/02/2021','DD/MM/YYYY'),'13');
Insert into D40_VENDITA (ID,CLIENTE_ID,PRODOTTO_ID,DATA,QUANTITA) values ('987','25','64',to_date('15/12/2020','DD/MM/YYYY'),'19');
Insert into D40_VENDITA (ID,CLIENTE_ID,PRODOTTO_ID,DATA,QUANTITA) values ('988','24','95',to_date('14/05/2021','DD/MM/YYYY'),'11');
Insert into D40_VENDITA (ID,CLIENTE_ID,PRODOTTO_ID,DATA,QUANTITA) values ('989','10','112',to_date('26/02/2021','DD/MM/YYYY'),'16');
Insert into D40_VENDITA (ID,CLIENTE_ID,PRODOTTO_ID,DATA,QUANTITA) values ('990','11','46',to_date('10/11/2020','DD/MM/YYYY'),'19');
Insert into D40_VENDITA (ID,CLIENTE_ID,PRODOTTO_ID,DATA,QUANTITA) values ('991','20','70',to_date('16/04/2021','DD/MM/YYYY'),'28');
Insert into D40_VENDITA (ID,CLIENTE_ID,PRODOTTO_ID,DATA,QUANTITA) values ('992','11','71',to_date('03/11/2020','DD/MM/YYYY'),'11');
Insert into D40_VENDITA (ID,CLIENTE_ID,PRODOTTO_ID,DATA,QUANTITA) values ('993','5','111',to_date('01/01/2021','DD/MM/YYYY'),'25');
Insert into D40_VENDITA (ID,CLIENTE_ID,PRODOTTO_ID,DATA,QUANTITA) values ('994','4','29',to_date('30/01/2021','DD/MM/YYYY'),'17');
Insert into D40_VENDITA (ID,CLIENTE_ID,PRODOTTO_ID,DATA,QUANTITA) values ('995','4','87',to_date('06/05/2021','DD/MM/YYYY'),'18');
Insert into D40_VENDITA (ID,CLIENTE_ID,PRODOTTO_ID,DATA,QUANTITA) values ('996','21','69',to_date('01/03/2021','DD/MM/YYYY'),'14');
Insert into D40_VENDITA (ID,CLIENTE_ID,PRODOTTO_ID,DATA,QUANTITA) values ('997','6','116',to_date('21/01/2021','DD/MM/YYYY'),'20');
Insert into D40_VENDITA (ID,CLIENTE_ID,PRODOTTO_ID,DATA,QUANTITA) values ('998','14','125',to_date('29/04/2021','DD/MM/YYYY'),'11');
Insert into D40_VENDITA (ID,CLIENTE_ID,PRODOTTO_ID,DATA,QUANTITA) values ('999','18','55',to_date('02/08/2020','DD/MM/YYYY'),'29');

-- Generated by Quick SQL Gioved Luglio 15, 2021  13:47:00
 
/*
tipo
  tipo vc50 /nn /unique
  gruppo vc50  /nn

prodotto
  prodotto vc50 /nn /unique
  tipo_id /nn
  prezzo acquisto num /nn
  prezzo vendita num /nn

cliente
  cliente vc50 /nn /unique
  zona vc10 /nn 

fornitore
  fornitore vc50 /nn /unique
  zona vc10 /nn 

acquisto
  data d /nn
  fornitore_id /nn
  prodotto_id /nn
  quantita num /nn

vendita
  data d /nn
  cliente_id /nn
  prodotto_id /nn
  quantita num /nn

# settings = { prefix: "D40", PK: "IDENTITY", semantics: "CHAR", DB: "12C", drop: true, language: "EN", APEX: true }
*/
